Time(s),Volume(dB),Delta(dB)
78.33333333333333,-96.0,0
78.335,-96.0,0.0
78.39516805555556,-96.0,0.0
78.43499027777777,3.0,99.0
78.46723055555556,3.0,0.0
78.48981388888889,-21.0,-24.0
78.50593333333333,-21.0,0.0
78.5287875,4.0,25.0
78.58122083333333,4.0,0.0
78.59051111111111,-7.0,-11.0
78.61920416666666,-7.0,0.0
78.6438,5.0,12.0
78.68256944444444,5.0,0.0
78.70166666666667,-96.0,-101.0
78.73438333333333,-96.0,0.0
78.78539722222222,0.0,96.0
78.99442222222223,0.0,0.0
79.01045972222222,-15.0,-15.0
79.07658194444444,-15.0,0.0
79.09176666666667,0.0,15.0
79.16945555555556,0.0,0.0
79.20276805555555,-19.0,-19.0
79.24185416666667,-19.0,0.0
79.27516666666666,0.0,19.0
79.34113611111111,0.0,0.0
79.36565833333333,-13.0,-13.0
79.46890555555555,-13.0,0.0
79.48924444444444,0.0,13.0
79.53333333333333,0.0,0.0
79.55270138888889,-21.0,-21.0
79.59666805555555,-21.0,0.0
79.61673333333333,0.0,21.0
79.81520555555555,-9.64327e-16,-9.64327e-16
79.835,-15.0,-14.999999999999998
79.865,-15.0,0.0
79.88479444444444,0.0,15.0
79.97699166666666,0.0,0.0
80.00166666666667,-32.0,-32.0
80.04401805555555,-32.0,0.0
80.06642777777778,0.0,32.0
80.38884444444444,0.0,0.0
80.40166666666667,-30.0,-30.0
80.4143375,-30.0,0.0
80.43245555555555,7.0,37.0
80.58047777777777,7.0,0.0
80.60333194444445,-31.0,-38.0
80.68065694444445,-31.0,0.0
80.71097083333333,1.0,32.0
81.03161805555555,1.0,0.0
81.04734027777778,-96.0,-97.0
81.4125,-96.0,0.0
81.43884305555555,0.0,96.0
81.45551111111111,0.221003,0.221003
81.47181944444445,-20.0,-20.221003
81.48996666666666,-20.0,0.0
81.50278888888889,0.478573,20.478573
81.57058333333333,1.0,0.521427
81.58270833333333,-9.0,-10.0
81.665,-9.0,0.0
81.68828055555555,1.0,10.0
81.8,1.0,0.0
81.8207625,-17.0,-18.0
81.84311527777778,-17.0,0.0
81.86666666666666,-2.0,15.0
82.01355555555556,-2.0,0.0
82.0285625,-96.0,-94.0
82.34104444444445,-96.0,0.0
82.3764875,1.0,97.0
82.45450694444445,1.0,0.0
82.46999861111111,-96.0,-97.0
82.53000138888889,-96.0,0.0
82.54906944444444,0.0,96.0
82.84282777777777,0.0,0.0
82.86359027777777,-96.0,-96.0
82.94983472222222,-96.0,0.0
83.01711944444445,4.0,100.0
83.112875,4.0,0.0
83.1295625,-35.0,-39.0
83.16731527777777,-35.0,0.0
83.18614861111111,2.0,37.0
83.564525,2.0,0.0
83.58835833333333,-96.0,-98.0
83.76534583333333,-96.0,0.0
83.79561666666666,0.0,96.0
83.98535833333334,0.0,0.0
84.00166666666667,-37.0,-37.0
84.03724444444444,-37.0,0.0
84.05893888888889,2.0,39.0
84.21241666666667,2.0,0.0
84.235,-23.0,-25.0
84.2585625,-23.0,0.0
84.28311805555556,2.0,25.0
84.5,2.0,0.0
84.50166666666667,-16.0,-18.0
84.5145,-16.0,0.0
84.53605,1.0,17.0
84.69734444444444,1.0,0.0
84.71113472222223,-34.0,-35.0
84.74743194444444,-34.0,0.0
84.76749722222222,11.0,45.0
84.86218611111111,12.0,1.0
84.88934305555556,-96.0,-108.0
84.91802916666667,-96.0,0.0
84.973075,12.0,108.0
85.04543055555555,-6.0,-18.0
85.09563055555556,8.0,14.0
85.10893055555556,8.0,0.0
85.12969305555555,-22.0,-30.0
85.14089027777777,-22.0,0.0
85.16723055555556,12.0,34.0
85.37853888888888,12.0,0.0
85.40021944444445,-96.0,-108.0
85.68833333333333,-96.0,0.0
85.7,-96.0,0.0
87.13333333333334,-96.0,0.0
87.13833333333334,-96.0,0.0
87.2519375,-96.0,0.0
87.27768055555556,2.0,98.0
87.58466111111112,2.0,0.0
87.60166666666667,-34.0,-36.0
87.61383888888889,-34.0,0.0
87.63821388888888,2.0,36.0
87.76666666666667,2.0,0.0
87.78742916666667,-23.0,-25.0
87.81605694444444,-23.0,0.0
87.84030555555556,2.0,25.0
88.0131138888889,2.0,0.0
88.03666527777777,-96.0,-98.0
88.05650416666667,-96.0,0.0
88.082725,1.0,97.0
88.361375,1.0,0.0
88.37829722222222,-15.0,-16.0
88.44831388888889,-15.0,0.0
88.46666666666667,1.0,16.0
88.57546388888889,1.0,0.0
88.61896388888889,-34.0,-35.0
88.65661527777777,-34.0,0.0
88.73891388888889,1.0,35.0
89.05620833333333,1.0,0.0
89.07504166666666,-31.0,-32.0
89.09332638888888,-31.0,0.0
89.11430555555556,0.0,31.0
89.20823333333334,0.0,0.0
89.26106805555555,-34.0,-34.0
89.29276666666667,-34.0,0.0
89.3299263888889,1.0,35.0
89.52566388888889,1.0,0.0
89.54816805555555,-13.0,-14.0
89.59156527777778,-13.0,0.0
89.61826111111111,1.0,14.0
89.63529166666666,1.0,0.0
89.65648055555556,-20.0,-21.0
89.69833333333334,-20.0,0.0
89.71324722222222,1.0,21.0
89.77747638888889,1.0,0.0
89.80080833333334,-96.0,-97.0
90.24333472222222,-96.0,0.0
90.26666666666667,-96.0,0.0
91.26666666666667,-96.0,0.0
91.2699986111111,-96.0,0.0
91.3,-96.0,0.0
91.30666666666667,-96.0,0.0
91.35198611111112,-96.0,0.0
91.38855833333334,-1.0,95.0
91.42666666666666,-1.0,0.0
91.43333333333334,2.0,3.0
91.5166,2.0,0.0
91.535,-12.0,-14.0
91.54408333333333,-12.0,0.0
91.56666666666666,2.0,14.0
92.63641944444444,2.0,0.0
92.66188333333334,-96.0,-98.0
94.33267638888888,-96.0,0.0
94.38261527777777,0.0,96.0
94.40461388888889,0.0,0.0
94.44044444444444,-36.0,-36.0
94.5183611111111,-36.0,0.0
94.57554166666667,-1.0,35.0
94.62553055555556,-1.0,0.0
94.65469583333334,-26.0,-25.0
94.6961875,-26.0,0.0
94.71430555555555,-1.0,25.0
95.18326666666667,-1.0,0.0
95.205,-23.0,-22.0
95.295,-23.0,0.0
95.3251,-1.0,22.0
95.68661944444445,-1.0,0.0
95.69804722222223,-22.0,-21.0
95.7148,-22.0,0.0
95.74017222222223,-1.0,21.0
96.4,-1.0,0.0
96.405,-14.0,-13.0
96.48663333333333,-14.0,0.0
96.5,-1.0,13.0
96.62915,-1.0,0.0
96.63868472222222,-24.0,-23.0
96.65570138888889,-24.0,0.0
96.67739583333334,3.0,27.0
96.81493888888889,3.0,0.0
96.841825,-14.0,-17.0
96.9771638888889,-14.0,0.0
97.00544444444445,1.0,15.0
97.16696388888889,1.0,0.0
97.18481111111112,-96.0,-97.0
98.13435416666667,-96.0,0.0
98.15935416666666,0.0,96.0
98.7,0.0,0.0
98.71,-96.0,-96.0
98.94438333333333,-96.0,0.0
99.07848888888888,0.0,96.0
99.14143333333334,-9.64327e-16,-9.64327e-16
99.16122777777778,-96.0,-96.0
99.21632777777778,-96.0,0.0
99.23333333333333,-9.64327e-16,96.0
99.36666666666666,0.0,9.64327e-16
99.36999861111111,-8.0,-8.0
99.43000138888888,-8.0,0.0
99.460525,-9.64327e-16,7.999999999999999
99.49345833333334,0.0,9.64327e-16
99.51685833333333,-96.0,-96.0
99.62779444444445,-96.0,0.0
99.75717222222222,0.0,96.0
99.81381111111111,0.0,0.0
99.835,-29.0,-29.0
99.88452222222222,-29.0,0.0
99.90764722222222,0.0,29.0
100.05341944444444,0.0,0.0
100.07166666666667,-22.0,-22.0
100.09055,-22.0,0.0
100.11995277777778,-9.64327e-16,22.0
100.79828472222222,0.0,9.64327e-16
100.81591527777778,-96.0,-96.0
100.99166805555555,-96.0,0.0
101.0,-96.0,0.0
103.3,-96.0,0.0
103.305,-96.0,0.0
103.4014375,-96.0,0.0
103.42575,0.0,96.0
103.43041111111111,0.0,0.0
103.44741666666667,-18.0,-18.0
103.49903055555555,-18.0,0.0
103.52300833333334,-9.64327e-16,18.0
103.57951388888888,0.0,9.64327e-16
103.60349166666667,-31.0,-31.0
103.72039166666667,-31.0,0.0
103.7629125,2.0,33.0
104.12403472222222,2.0,0.0
104.14189583333334,-96.0,-98.0
104.45482361111111,-96.0,0.0
104.48884722222222,0.0,96.0
104.57964722222222,0.0,0.0
104.616175,-25.0,-25.0
104.65537777777777,-25.0,0.0
104.72386944444445,3.0,28.0
104.90753611111111,3.0,0.0
104.935,-5.0,-8.0
104.965,-5.0,0.0
104.9868861111111,3.0,8.0
105.06022916666667,3.0,0.0
105.07405555555556,-23.0,-26.0
105.11512083333334,-23.0,0.0
105.16279305555555,3.0,26.0
105.46709722222222,3.0,0.0
105.48542916666666,-96.0,-99.0
105.84833472222222,-96.0,0.0
105.86666666666666,-96.0,0.0
123.25468055555555,-96.0,0.0
123.2706375,-96.0,0.0
123.27281111111111,-96.0,0.0
123.3421513888889,2.0,98.0
123.4335,2.0,0.0
123.4463763888889,-29.0,-31.0
123.47730138888889,-29.0,0.0
123.51227916666667,3.0,32.0
123.62571805555555,3.0,0.0
123.63954444444444,-43.0,-46.0
123.65480972222223,-43.0,0.0
123.72095416666667,4.0,47.0
124.24575,4.0,0.0
124.2699986111111,-23.0,-27.0
124.30718194444445,-23.0,0.0
124.33045138888889,6.0,29.0
124.41145277777778,6.0,0.0
124.42845833333334,-24.0,-30.0
124.53027222222222,-24.0,0.0
124.56957777777778,6.0,30.0
124.76820416666666,6.0,0.0
124.87095416666666,-96.0,-102.0
125.02666666666667,-96.0,0.0
125.03333333333333,-96.0,0.0
133.3,-96.0,0.0
133.305,-96.0,0.0
133.39965972222222,-96.0,0.0
133.41825,2.0,98.0
133.81799444444445,2.0,0.0
133.852975,-20.0,-22.0
133.93809444444443,-20.0,0.0
133.95913055555556,2.0,22.0
134.02217777777778,2.0,0.0
134.035,-27.0,-29.0
134.05663333333334,-27.0,0.0
134.088125,5.0,32.0
134.237625,5.0,0.0
134.25002083333334,-18.0,-23.0
134.25927777777778,-18.0,0.0
134.28025694444443,2.0,20.0
134.52975694444444,2.0,0.0
134.5423875,-28.0,-30.0
134.57651388888888,-28.0,0.0
134.59486666666666,0.0,28.0
134.77294166666667,0.0,0.0
134.78673194444445,-28.0,-28.0
134.7993236111111,-28.0,0.0
134.81938888888888,4.0,32.0
135.28187222222223,4.0,0.0
135.30333194444444,-6.0,-10.0
135.38692083333333,-6.0,0.0
135.41314166666666,3.0,9.0
136.16666666666666,3.0,0.0
136.1799986111111,-96.0,-99.0
136.4200013888889,-96.0,0.0
136.43333333333334,-96.0,0.0
138.03333333333333,-96.0,0.0
138.0366652777778,-96.0,0.0
138.1202722222222,-96.0,0.0
138.1643861111111,3.0,99.0
138.33333333333334,3.0,0.0
138.335,-6.0,-9.0
138.365,-6.0,0.0
138.38688611111112,3.0,9.0
138.6495,3.0,0.0
138.66426944444444,-96.0,-99.0
138.8250013888889,-96.0,0.0
138.83333333333334,-96.0,0.0
141.46666666666667,-96.0,0.0
141.4849986111111,-96.0,0.0
141.84861944444444,-96.0,0.0
141.87195833333334,-1.0,95.0
142.48884444444445,-1.0,0.0
142.5105388888889,-28.0,-27.0
142.53166666666667,-28.0,0.0
142.55264583333334,4.0,32.0
142.67811111111112,4.0,0.0
142.69265277777777,-31.0,-35.0
142.70526388888888,-31.0,0.0
142.7248125,4.0,35.0
142.86666666666667,4.0,0.0
142.88333333333333,-96.0,-100.0
143.18333333333334,-96.0,0.0
143.2,-96.0,0.0
157.83333333333334,-96.0,0.0
157.83666527777777,-96.0,0.0
157.91955694444445,-96.0,0.0
157.9450625,1.0,97.0
158.00056388888888,1.0,0.0
158.0099,-6.0,-7.0
158.05245,-6.0,0.0
158.06666666666666,1.0,7.0
158.26444166666667,1.0,0.0
158.2842361111111,-12.0,-13.0
158.342125,-12.0,0.0
158.35913055555557,-96.0,-84.0
158.40488055555556,-96.0,0.0
158.42975694444445,4.0,100.0
158.54263194444445,4.0,0.0
158.55574305555555,-25.0,-29.0
158.565,-25.0,0.0
158.5816875,0.0,25.0
159.01241666666667,0.0,0.0
159.035,-34.0,-34.0
159.05219722222222,-34.0,0.0
159.06666666666666,2.0,36.0
159.33333333333334,2.0,0.0
159.335,-18.0,-20.0
159.35498611111112,-18.0,0.0
159.36666666666667,-1.0,17.0
159.4654972222222,-1.0,0.0
159.47860833333334,-26.0,-25.0
159.53842083333333,-26.0,0.0
159.56715972222221,1.0,27.0
159.6902388888889,1.0,0.0
159.70333194444444,-6.0,-7.0
159.7723986111111,-6.0,0.0
159.79664722222222,1.0,7.0
159.8485388888889,1.0,0.0
159.86379583333334,-32.0,-33.0
159.91818333333333,-32.0,0.0
159.94247222222222,0.0,32.0
160.06809444444445,0.0,0.0
160.0833513888889,-23.0,-23.0
160.17180972222224,-23.0,0.0
160.19277083333333,0.0,23.0
160.43333333333334,0.0,0.0
160.435,-19.0,-19.0
160.46786111111112,-19.0,0.0
160.48955555555557,0.0,19.0
160.66666666666666,0.0,0.0
160.6749986111111,-96.0,-96.0
160.8250013888889,-96.0,0.0
160.83333333333334,0.0,96.0
160.96666666666667,0.0,0.0
160.96666805555554,-22.0,-22.0
160.97449444444445,-22.0,0.0
160.9964236111111,1.0,23.0
161.29638055555554,1.0,0.0
161.335,-26.0,-27.0
161.35413194444445,-26.0,0.0
161.3856236111111,4.0,30.0
161.7585138888889,4.0,0.0
161.77400555555556,-96.0,-100.0
161.91268888888888,-96.0,0.0
161.95058194444445,3.0,99.0
162.16666666666666,3.0,0.0
162.1855,-16.0,-19.0
162.1933263888889,-16.0,0.0
162.2157361111111,3.0,19.0
162.28569444444443,3.0,0.0
162.30165277777778,-96.0,-99.0
162.69690972222222,-96.0,0.0
162.7207361111111,2.0,98.0
163.00534166666668,2.0,0.0
163.02443888888888,-96.0,-98.0
163.27644444444445,-96.0,0.0
163.2981388888889,3.0,99.0
163.43333333333334,3.0,0.0
163.44596388888888,-30.0,-33.0
163.48669305555555,-30.0,0.0
163.5067222222222,0.0,30.0
164.1,0.0,0.0
164.10666666666665,-21.0,-21.0
164.22666666666666,-21.0,0.0
164.2440625,3.0,24.0
164.43333333333334,3.0,0.0
164.4366652777778,-9.0,-12.0
164.50503472222223,-9.0,0.0
164.52370555555555,3.0,12.0
164.60586805555556,3.0,0.0
164.62040972222223,-25.0,-28.0
164.69118055555555,-25.0,0.0
164.71359027777777,5.0,30.0
164.76792777777777,5.0,0.0
164.80166666666668,-27.0,-32.0
164.8209375,-27.0,0.0
164.84263194444443,4.0,31.0
164.96666666666667,4.0,0.0
164.9855,-22.0,-26.0
165.01241666666667,-22.0,0.0
165.0276736111111,6.0,28.0
165.12546527777778,6.0,0.0
165.1423736111111,-96.0,-102.0
165.38666805555556,-96.0,0.0
165.4,-96.0,0.0
169.03333333333333,-96.0,0.0
169.035,-96.0,0.0
169.0936111111111,-96.0,0.0
169.11602083333332,-1.0,95.0
169.36666666666667,-1.0,0.0
169.38764583333332,-29.0,-28.0
169.4080361111111,-29.0,0.0
169.42686944444443,2.0,31.0
169.56666666666666,2.0,0.0
169.56999861111112,-4.0,-6.0
169.6300013888889,-4.0,0.0
169.63333333333333,2.0,6.0
169.68814722222223,2.0,0.0
169.70333194444444,-19.0,-21.0
169.76333472222223,-19.0,0.0
169.77811111111112,2.0,21.0
169.88265694444445,2.0,0.0
169.9083,-26.0,-28.0
169.99086944444446,-26.0,0.0
170.029225,2.0,28.0
170.05677222222224,2.0,0.0
170.07098888888888,-11.0,-13.0
170.13166666666666,-11.0,0.0
170.14518611111112,2.0,13.0
170.16309027777777,2.0,0.0
170.1799986111111,-96.0,-98.0
170.4200013888889,-96.0,0.0
170.43333333333334,-96.0,0.0
173.23333333333332,-96.0,0.0
173.23666527777777,-96.0,0.0
173.3593527777778,-96.0,0.0
173.38464166666665,0.0,96.0
173.5,0.0,0.0
173.5138263888889,-18.0,-18.0
173.5330972222222,-18.0,0.0
173.5540763888889,0.0,18.0
173.65665277777777,0.0,0.0
173.672625,-31.0,-31.0
173.68975,-31.0,0.0
173.70786805555556,0.0,31.0
173.8131138888889,0.0,0.0
173.835,-19.0,-19.0
173.85999305555555,-19.0,0.0
173.8816875,1.0,20.0
174.12761111111112,1.0,0.0
174.14644444444446,-24.0,-25.0
174.16571527777776,-24.0,0.0
174.1874097222222,2.0,26.0
174.31171944444444,2.0,0.0
174.335,-21.0,-23.0
174.38452222222222,-21.0,0.0
174.4112888888889,2.0,23.0
174.54993333333334,2.0,0.0
174.56999861111112,-20.0,-22.0
174.6174513888889,-20.0,0.0
174.63333333333333,2.0,22.0
175.0907013888889,2.0,0.0
175.1080902777778,-96.0,-98.0
175.43897222222222,-96.0,0.0
175.46065277777777,1.0,97.0
175.58605555555556,1.0,0.0
175.60666666666665,-13.0,-14.0
175.712025,-13.0,0.0
175.73333333333332,2.0,15.0
175.9,2.0,0.0
175.91740277777777,-28.0,-30.0
175.93166666666667,-28.0,0.0
175.95550694444444,3.0,31.0
176.13333333333333,3.0,0.0
176.15673333333334,-13.0,-16.0
176.27812777777777,-13.0,0.0
176.30919722222222,3.0,16.0
176.36666666666667,3.0,0.0
176.37834722222223,-32.0,-35.0
176.40069583333334,-32.0,0.0
176.4180986111111,3.0,35.0
176.62975694444444,3.0,0.0
176.65144444444445,-96.0,-99.0
177.69514305555555,-96.0,0.0
177.71754583333333,0.0,96.0
177.8416125,0.0,0.0
177.85438888888888,-9.0,-9.0
177.87754166666667,-9.0,0.0
177.887525,0.0,9.0
177.9492361111111,0.0,0.0
177.96833333333333,-96.0,-96.0
177.99833333333333,-96.0,0.0
178.02431944444444,0.0,96.0
178.45272222222223,0.0,0.0
178.46999861111112,-8.0,-8.0
178.5530097222222,-8.0,0.0
178.5702861111111,-9.64327e-16,7.999999999999999
178.662375,0.0,9.64327e-16
178.672625,-30.0,-30.0
178.69226805555556,-30.0,0.0
178.72381388888888,2.0,32.0
178.7887111111111,2.0,0.0
178.81644583333335,-21.0,-23.0
178.8855125,-21.0,0.0
178.90976111111112,2.0,23.0
179.05006666666668,2.0,0.0
179.0628236111111,-31.0,-33.0
179.1004388888889,-31.0,0.0
179.1390111111111,4.0,35.0
179.33333333333334,4.0,0.0
179.345,-96.0,-100.0
179.555,-96.0,0.0
179.56666666666666,-96.0,0.0
181.9,-96.0,0.0
181.90166666666667,-96.0,0.0
181.99316666666667,-96.0,0.0
182.030825,2.0,98.0
182.08575972222224,2.0,0.0
182.09910555555555,-21.0,-23.0
182.20024444444445,-21.0,0.0
182.21859722222223,0.0,21.0
182.34592361111112,0.0,0.0
182.36023055555555,-33.0,-33.0
182.38164722222223,-33.0,0.0
182.4,0.0,33.0
183.1064375,0.0,0.0
183.12359027777777,-96.0,-96.0
183.29,-96.0,0.0
183.37281805555557,-2.0,94.0
183.43333333333334,-2.0,0.0
183.4366652777778,-7.0,-5.0
183.49666805555555,-7.0,0.0
183.5,-2.0,5.0
183.72475,-2.0,0.0
183.74095694444443,-39.0,-37.0
183.80310555555556,-39.0,0.0
183.82718055555554,2.0,41.0
184.43519444444445,2.0,0.0
184.45259027777777,-96.0,-98.0
184.59333333333333,-96.0,0.0
184.6,-96.0,0.0
185.9,-96.0,0.0
185.905,-96.0,0.0
185.95954305555554,-96.0,0.0
185.99778194444445,1.0,97.0
186.08605555555556,1.0,0.0
186.10333194444445,-13.0,-14.0
186.16333472222223,-13.0,0.0
186.18479444444444,1.0,14.0
186.40823333333333,1.0,0.0
186.435,-33.0,-34.0
186.46070833333334,-33.0,0.0
186.4759652777778,1.0,34.0
186.55522222222223,1.0,0.0
186.57119444444444,-96.0,-97.0
186.68478888888887,-96.0,0.0
186.7183361111111,3.0,99.0
186.83333333333334,3.0,0.0
186.83666527777777,-1.0,-4.0
186.89666805555555,-1.0,0.0
186.9,3.0,4.0
187.13333333333333,3.0,0.0
187.15166527777777,-96.0,-99.0
187.65834166666667,-96.0,0.0
187.74176805555555,-9.0,87.0
187.78251944444443,-9.0,0.0
187.82365555555555,4.0,13.0
188.06666666666666,4.0,0.0
188.07166666666666,-4.0,-8.0
188.17561111111112,-4.0,0.0
188.19246388888888,4.0,8.0
188.25411666666668,4.0,0.0
188.26833333333335,-24.0,-28.0
188.28188194444445,-24.0,0.0
188.3,0.0,24.0
188.53199722222223,0.0,0.0
188.56055555555557,-11.0,-11.0
188.66257916666666,-11.0,0.0
188.68994166666667,12.0,23.0
188.82475,12.0,0.0
188.83975,-96.0,-108.0
189.11833333333334,-96.0,0.0
189.13333333333333,-96.0,0.0
190.76666666666668,-96.0,0.0
190.76833333333335,-96.0,0.0
190.81693055555556,-96.0,0.0
190.838625,0.0,96.0
191.4,1.92865e-15,1.92865e-15
191.40666666666667,-13.0,-13.000000000000002
191.512025,-13.0,0.0
191.51869166666665,3.85731e-15,13.000000000000004
191.73333333333332,1.92865e-15,-1.9286600000000005e-15
191.74879166666668,-15.0,-15.000000000000002
191.81020555555557,-15.0,0.0
191.83333333333334,3.85731e-15,15.000000000000004
192.33333333333334,1.92865e-15,-1.9286600000000005e-15
192.34,-12.0,-12.000000000000002
192.46,-12.0,0.0
192.46666666666667,1.92865e-15,12.000000000000002
192.86235,1.92865e-15,0.0
192.8835388888889,-15.0,-15.000000000000002
192.90238333333335,-15.0,0.0
192.91869166666666,1.92865e-15,15.000000000000002
192.96218055555556,0.0,-1.92865e-15
192.97542916666666,-96.0,-96.0
192.99333333333334,-96.0,0.0
193.0,-96.0,0.0
193.0614736111111,-96.0,0.0
193.13138472222224,3.0,99.0
193.2359888888889,3.0,0.0
193.2538111111111,-12.0,-15.0
193.30339166666667,-12.0,0.0
193.34840555555556,3.0,15.0
193.46653333333333,3.0,0.0
193.4824152777778,-25.0,-28.0
193.50128194444446,-25.0,0.0
193.53529166666667,3.0,28.0
193.6,3.0,0.0
193.62649583333334,-16.0,-19.0
193.63490416666667,-16.0,0.0
193.66666666666666,3.0,19.0
193.78535833333333,3.0,0.0
193.80333194444444,-13.0,-16.0
193.8528763888889,-13.0,0.0
193.86666666666667,3.0,16.0
194.0154513888889,3.0,0.0
194.03045138888888,-96.0,-99.0
194.31833333333333,-96.0,0.0
194.33333333333334,-96.0,0.0
204.06666666666666,-96.0,0.0
204.06999861111112,-96.0,0.0
204.1776111111111,-96.0,0.0
204.23014583333332,0.0,96.0
204.3172972222222,0.0,0.0
204.335,-17.0,-17.0
204.35140972222223,-17.0,0.0
204.36666666666667,0.0,17.0
204.5,0.0,0.0
204.5195486111111,-20.0,-20.0
204.55240972222222,-20.0,0.0
204.57124305555556,0.0,20.0
204.6758,0.0,0.0
204.69177222222223,-34.0,-34.0
204.75056805555556,-34.0,0.0
204.78270277777779,2.0,36.0
204.85663888888888,2.0,0.0
204.87042916666667,-16.0,-18.0
204.91579027777777,-16.0,0.0
204.93585555555555,2.0,18.0
205.07559722222223,2.0,0.0
205.10333194444445,-17.0,-19.0
205.13333333333333,-17.0,0.0
205.1626375,-96.0,-79.0
205.18549166666668,-92.0,4.0
205.19,-94.0,-2.0
205.2110847222222,-94.0,0.0
205.21690972222223,-96.0,-2.0
205.2435152777778,-96.0,0.0
205.25488472222222,-94.0,2.0
205.3012611111111,-94.0,0.0
205.32341805555555,-96.0,-2.0
205.36808194444444,-96.0,0.0
205.4,-96.0,0.0
205.97613333333334,-96.0,0.0
205.99543194444445,-96.0,0.0
206.21,-96.0,0.0
206.26666666666668,-96.0,0.0
206.32916666666668,-96.0,0.0
206.3506111111111,0.0,96.0
206.36666666666667,0.0,0.0
206.38158055555556,-15.0,-15.0
206.39833333333334,-15.0,0.0
206.42091666666667,1.92865e-15,15.000000000000002
206.43333333333334,1.92865e-15,0.0
206.44809444444445,-17.0,-17.000000000000004
206.51020555555556,-17.0,0.0
206.53333333333333,1.92865e-15,17.000000000000004
206.87782638888888,0.0,-1.92865e-15
206.90166666666667,-37.0,-37.0
206.92809027777778,-37.0,0.0
206.9476388888889,2.0,39.0
207.0804777777778,2.0,0.0
207.105,-12.0,-14.0
207.15316666666666,-12.0,0.0
207.181175,2.0,14.0
207.4649513888889,2.0,0.0
207.48328333333333,-96.0,-98.0
207.84833472222223,-96.0,0.0
207.86666666666667,-96.0,0.0
209.1,-96.0,0.0
209.105,-96.0,0.0
209.18610972222223,-96.0,0.0
209.2227736111111,2.0,98.0
209.30830416666666,2.0,0.0
209.3155152777778,-18.0,-20.0
209.3302972222222,-18.0,0.0
209.35003333333333,2.0,20.0
209.38745,2.0,0.0
209.405,-96.0,-98.0
209.43364444444444,-96.0,0.0
209.4651388888889,1.0,97.0
209.83519444444445,1.0,0.0
209.85377777777776,-96.0,-97.0
210.05666666666667,-96.0,0.0
210.06666666666666,-96.0,0.0
211.26666666666668,-96.0,0.0
211.26833333333335,-96.0,0.0
211.302625,-96.0,0.0
211.32360416666666,1.0,97.0
211.4,1.0,0.0
211.405,-6.0,-7.0
211.495,-6.0,0.0
211.5,1.0,7.0
211.58675277777778,1.0,0.0
211.60166666666666,-96.0,-97.0
211.6256013888889,-96.0,0.0
211.66182916666668,2.0,98.0
211.94435555555555,2.0,0.0
211.96833333333333,-9.0,-11.0
211.99833333333333,-9.0,0.0
212.01952222222224,2.0,11.0
212.16666666666666,2.0,0.0
212.1909875,-30.0,-32.0
212.21165,-30.0,0.0
212.23190277777778,1.0,31.0
212.95736805555555,1.0,0.0
212.96309166666666,-6.0,-7.0
212.99666805555555,-6.0,0.0
213.00429166666666,2.0,8.0
213.1183125,2.0,0.0
213.12355555555555,-6.0,-8.0
213.1492638888889,-6.0,0.0
213.1688125,2.0,8.0
213.34575,2.0,0.0
213.36833333333334,-16.0,-18.0
213.39833333333334,-16.0,0.0
213.42370555555556,2.0,18.0
213.48047777777776,2.0,0.0
213.50166666666667,-29.0,-31.0
213.51950694444446,-29.0,0.0
213.53333333333333,2.0,31.0
213.65820416666668,2.0,0.0
213.67310138888888,-7.0,-9.0
213.72276527777777,-7.0,0.0
213.73344166666666,2.0,9.0
214.07925694444444,2.0,0.0
214.09592361111112,-96.0,-98.0
214.41666666666666,-96.0,0.0
214.43333333333334,-96.0,0.0
215.0,-96.0,0.0
215.00166666666667,-96.0,0.0
215.01516805555556,-96.0,0.0
215.06480555555555,1.0,97.0
215.56666666666666,1.0,0.0
215.60652777777779,-15.0,-16.0
215.65051111111111,-15.0,0.0
215.66666666666666,5.0,20.0
215.82875694444445,5.0,0.0
215.84567916666666,-96.0,-101.0
215.95897222222223,-96.0,0.0
215.9830472222222,4.0,100.0
216.23877083333332,4.0,0.0
216.25377083333333,-96.0,-100.0
216.55166666666668,-96.0,0.0
216.56666666666666,-96.0,0.0
218.66666666666666,-96.0,0.0
218.6699986111111,-96.0,0.0
219.13914027777778,-96.0,0.0
219.1841138888889,0.0,96.0
219.23333333333332,-9.64327e-16,-9.64327e-16
219.25576388888888,-16.0,-15.999999999999998
219.30602222222223,-16.0,0.0
219.33333333333334,0.0,16.0
219.43333333333334,0.0,0.0
219.4443347222222,-19.0,-19.0
219.4889986111111,-19.0,0.0
219.5,0.0,19.0
219.52609444444445,0.0,0.0
219.54519166666665,-24.0,-24.0
219.62923194444446,-24.0,0.0
219.65387638888888,2.0,26.0
219.76666666666668,2.0,0.0
219.77333333333334,-4.0,-6.0
219.89333333333335,-4.0,0.0
219.9,2.0,6.0
220.27138888888888,2.0,0.0
220.29068055555555,-96.0,-98.0
220.585,-96.0,0.0
220.6,-96.0,0.0
221.83333333333334,-96.0,0.0
221.83666527777777,-96.0,0.0
221.91955694444445,-96.0,0.0
221.94148611111112,1.0,97.0
222.539475,1.0,0.0
222.5749986111111,-96.0,-97.0
222.7250013888889,-96.0,0.0
222.77865277777778,1.0,97.0
222.8096277777778,1.0,0.0
222.8248125,-10.0,-11.0
222.87365972222221,-10.0,0.0
222.9,1.0,11.0
222.97854166666667,1.0,0.0
222.99594444444443,-41.0,-42.0
223.0296763888889,-41.0,0.0
223.05637777777778,1.0,42.0
223.0629138888889,1.0,0.0
223.0780986111111,-21.0,-22.0
223.1930361111111,-21.0,0.0
223.22125833333334,1.0,22.0
223.9394861111111,1.0,0.0
223.95948611111112,-96.0,-97.0
224.34666666666666,-96.0,0.0
224.36666666666667,-96.0,0.0
225.4,-96.0,0.0
225.40333194444443,-96.0,0.0
225.49480694444443,-96.0,0.0
225.51602083333333,1.0,97.0
225.86736527777776,1.0,0.0
225.88690694444443,-96.0,-97.0
227.2296388888889,-96.0,0.0
227.24775,1.0,97.0
227.44735416666666,1.0,0.0
227.46118055555556,-25.0,-26.0
227.4861736111111,-25.0,0.0
227.5,0.0,25.0
227.58675277777778,0.0,0.0
227.59986388888888,-14.0,-14.0
227.6209375,-14.0,0.0
227.6369097222222,-1.0,13.0
227.73333333333332,-1.0,0.0
227.735,-21.0,-20.0
227.78359722222223,-21.0,0.0
227.80457638888888,-2.0,19.0
228.00572222222223,-2.0,0.0
228.02097916666668,-25.0,-23.0
228.04423472222223,-25.0,0.0
228.0644986111111,2.0,27.0
228.84592361111112,2.0,0.0
228.86425555555556,-96.0,-98.0
229.7807861111111,-96.0,0.0
229.79911805555557,2.0,98.0
229.84505277777777,2.0,0.0
229.8699986111111,-5.0,-7.0
229.97601805555556,-5.0,0.0
229.99329444444444,2.0,7.0
230.1150722222222,2.0,0.0
230.14881111111112,-32.0,-34.0
230.176875,-32.0,0.0
230.2,5.0,37.0
230.57067361111112,5.0,0.0
230.58640277777778,-96.0,-101.0
230.695,-96.0,0.0
230.7,-96.0,0.0
234.5,-96.0,0.0
234.50166666666667,-96.0,0.0
234.53524305555555,-96.0,0.0
234.5595638888889,3.0,99.0
234.58954166666666,3.0,0.0
234.60402916666666,-10.0,-13.0
234.67727916666666,-10.0,0.0
234.71338055555555,3.0,13.0
234.73364027777777,3.0,0.0
234.74245972222224,-10.0,-13.0
234.7578472222222,-10.0,0.0
234.77238888888888,3.0,13.0
234.9721111111111,3.0,0.0
235.00166666666667,-27.0,-30.0
235.02625972222222,-27.0,0.0
235.04580833333333,3.0,30.0
235.42045833333333,3.0,0.0
235.44143055555554,-96.0,-99.0
235.56,-96.0,0.0
235.56666666666666,-96.0,0.0
237.83333333333334,-96.0,0.0
237.835,-96.0,0.0
237.88574305555557,-96.0,0.0
237.9110138888889,3.0,99.0
238.14156666666668,3.0,0.0
238.16833333333332,-27.0,-30.0
238.22167083333332,-27.0,0.0
238.24050416666665,3.0,30.0
238.47908333333334,3.0,0.0
238.50333194444445,-10.0,-13.0
238.5633347222222,-10.0,0.0
238.59455555555556,4.0,14.0
238.8172972222222,4.0,0.0
238.83666527777777,-9.0,-13.0
238.92107083333335,-9.0,0.0
238.93974166666666,4.0,13.0
238.96666666666667,4.0,0.0
238.96999861111112,-7.0,-11.0
239.01257083333334,-7.0,0.0
239.03333333333333,12.0,19.0
239.30400694444444,12.0,0.0
239.3228263888889,-96.0,-108.0
239.555,-96.0,0.0
239.56666666666666,-96.0,0.0
240.86666666666667,-96.0,0.0
240.86833333333334,-96.0,0.0
240.86833472222222,-96.0,0.0
240.9437875,1.0,97.0
241.04853888888888,1.0,0.0
241.06833333333333,-13.0,-14.0
241.0850861111111,-13.0,0.0
241.1,1.0,14.0
241.30823333333333,1.0,0.0
241.33666527777777,-28.0,-29.0
241.40954305555556,-28.0,0.0
241.43576388888889,2.0,30.0
241.67699166666668,2.0,0.0
241.70333194444444,-20.0,-22.0
241.72917083333334,-20.0,0.0
241.76666666666668,2.0,22.0
241.84163194444446,2.0,0.0
241.85902083333335,-96.0,-98.0
242.08833333333334,-96.0,0.0
242.1,-96.0,0.0
243.73333333333332,-96.0,0.0
243.735,-96.0,0.0
243.76662916666666,-96.0,0.0
243.7938472222222,1.0,97.0
243.87001944444444,1.0,0.0
243.89399722222223,-14.0,-15.0
243.9233,-14.0,0.0
243.94588333333334,1.0,15.0
243.96444166666666,1.0,0.0
243.99560833333334,-96.0,-97.0
244.0309513888889,-96.0,0.0
244.04906944444446,-96.0,0.0
244.15894444444444,-96.0,0.0
244.1758597222222,-96.0,0.0
244.58765416666665,-96.0,0.0
244.60743055555557,-1.0,95.0
244.68326666666667,-1.0,0.0
244.70166666666665,-28.0,-27.0
244.73482777777778,-28.0,0.0
244.74936944444445,2.0,30.0
244.83333333333334,2.0,0.0
244.84331666666668,-96.0,-98.0
244.90753055555555,-96.0,0.0
244.94046805555556,0.0,96.0
245.35707222222223,0.0,0.0
245.374475,-25.0,-25.0
245.41378472222223,-25.0,0.0
245.43333333333334,1.0,26.0
245.65132777777777,1.0,0.0
245.67333333333335,-8.0,-9.0
245.79333333333332,-8.0,0.0
245.81394444444445,1.0,9.0
246.1,1.0,0.0
246.12166666666667,-96.0,-97.0
246.8871875,-96.0,0.0
246.90885416666666,3.0,99.0
246.97327638888888,3.0,0.0
246.99044444444445,-11.0,-14.0
247.01137222222223,-11.0,0.0
247.0322263888889,3.0,14.0
247.28354861111112,3.0,0.0
247.29521527777777,-96.0,-99.0
247.52166666666668,-96.0,0.0
247.53333333333333,-96.0,0.0
249.46666666666667,-96.0,0.0
249.47166666666666,-96.0,0.0
249.55665972222224,-96.0,0.0
249.5788263888889,4.0,100.0
249.622875,4.0,0.0
249.6624625,-24.0,-28.0
249.68899861111112,-24.0,0.0
249.72091666666665,4.0,28.0
249.81102222222222,4.0,0.0
249.83666527777777,-30.0,-34.0
249.91669583333334,-30.0,0.0
249.93934027777777,1.0,31.0
250.03877777777777,1.0,0.0
250.0516,-18.0,-19.0
250.10691666666668,-18.0,0.0
250.12646527777778,3.0,21.0
250.33333333333334,3.0,0.0
250.36037083333332,-7.0,-10.0
250.4287402777778,-7.0,0.0
250.4508972222222,3.0,10.0
250.48426388888888,3.0,0.0
250.50190138888888,-96.0,-99.0
250.60195972222223,-96.0,0.0
250.62174305555556,4.0,100.0
250.73333333333332,4.0,0.0
250.75185277777777,-96.0,-100.0
250.84047777777778,-96.0,0.0
250.86666666666667,2.0,98.0
251.00182916666665,2.0,0.0
251.03015555555555,-96.0,-98.0
251.31317361111113,-96.0,0.0
251.33461805555555,2.0,98.0
251.37768888888888,2.0,0.0
251.405,-18.0,-20.0
251.47478055555555,-18.0,0.0
251.51255,2.0,20.0
251.55164583333334,2.0,0.0
251.5633263888889,-96.0,-98.0
251.57615972222223,-96.0,0.0
251.6,0.0,96.0
251.88326666666666,0.0,0.0
251.90166666666667,-43.0,-43.0
251.94239583333334,-43.0,0.0
251.98689027777777,1.0,44.0
252.386125,1.0,0.0
252.40161666666665,-96.0,-97.0
252.52599444444445,-96.0,0.0
252.55630833333333,2.0,98.0
252.67559722222222,2.0,0.0
252.70166666666665,-35.0,-37.0
252.73166666666665,-35.0,0.0
252.76051388888888,1.0,36.0
252.83333333333334,1.0,0.0
252.85060972222223,-15.0,-16.0
252.87435694444446,-15.0,0.0
252.9,1.0,16.0
253.1429611111111,1.0,0.0
253.16833333333332,-30.0,-31.0
253.19261111111112,-30.0,0.0
253.21072916666665,1.0,31.0
253.62260416666666,1.0,0.0
253.63881111111112,-20.0,-21.0
253.68450833333333,-20.0,0.0
253.7,2.0,22.0
253.80678055555555,2.0,0.0
253.8341736111111,-42.0,-44.0
253.88313194444444,-42.0,0.0
253.92585555555556,5.0,47.0
253.97925694444444,5.0,0.0
253.99522916666666,-30.0,-35.0
254.00949305555557,-30.0,0.0
254.03333333333333,3.0,33.0
254.12217777777778,3.0,0.0
254.13833333333332,-14.0,-17.0
254.20741666666666,-14.0,0.0
254.23333333333332,4.0,18.0
254.44377777777777,4.0,0.0
254.4592625,-96.0,-100.0
255.2793,-96.0,0.0
255.31924166666667,2.0,98.0
255.56666666666666,2.0,0.0
255.5819236111111,-22.0,-24.0
255.59833333333333,-22.0,0.0
255.61788194444443,4.0,26.0
256.0567722222222,4.0,0.0
256.07586944444444,-96.0,-100.0
256.203925,-96.0,0.0
256.2328625,1.0,97.0
256.6,1.0,0.0
256.62,-96.0,-97.0
256.98,-96.0,0.0
257.0,-96.0,0.0
257.93333333333334,-96.0,0.0
257.935,-96.0,0.0
258.003625,-96.0,0.0
258.02675,0.0,96.0
258.85207638888886,0.0,0.0
258.8716111111111,-96.0,-96.0
259.12166666666667,-96.0,0.0
259.1333333333333,-96.0,0.0
262.2,-96.0,0.0
262.20166666666665,-96.0,0.0
262.2466875,-96.0,0.0
262.28718888888886,0.0,96.0
262.3509305555556,0.0,0.0
262.3647569444444,-28.0,-28.0
262.3795138888889,-30.0,-2.0
262.3954861111111,2.0,32.0
262.5,2.0,0.0
262.51073055555554,-8.0,-10.0
262.52399722222225,-8.0,0.0
262.53333333333336,2.0,10.0
262.6292833333333,2.0,0.0
262.65074305555555,-12.0,-14.0
262.6919208333333,-10.0,2.0
262.70431666666667,2.0,12.0
263.06666666666666,2.0,0.0
263.0808083333333,-15.0,-17.0
263.1059569444445,-15.0,0.0
263.12009861111113,2.0,17.0
263.1666666666667,2.0,0.0
263.1974638888889,-10.0,-12.0
263.2756111111111,-10.0,0.0
263.29385833333333,2.0,12.0
263.3230013888889,2.0,0.0
263.34181666666666,-16.0,-18.0
263.3601194444444,-16.0,0.0
263.39071527777776,3.0,19.0
263.89570833333335,3.0,0.0
263.912375,-96.0,-99.0
264.21666666666664,-96.0,0.0
264.23333333333335,-96.0,0.0
265.016825,-96.0,0.0
265.060325,-96.0,0.0
265.0899708333333,-96.0,0.0
265.12076527777776,2.0,98.0
265.1846611111111,2.0,0.0
265.215,-96.0,-98.0
265.5463555555556,-96.0,0.0
265.59551944444445,2.0,98.0
265.79441944444443,2.0,0.0
265.8187041666667,-29.0,-31.0
265.86679583333336,-29.0,0.0
265.9072361111111,1.0,30.0
266.6082333333333,1.0,0.0
266.635,-17.0,-18.0
266.64711805555555,-17.0,0.0
266.6666666666667,7.0,24.0
266.9706736111111,7.0,0.0
266.9856736111111,-96.0,-103.0
267.285,-96.0,0.0
267.3,-96.0,0.0
268.8,-96.0,0.0
268.80333194444444,-96.0,0.0
268.92075277777775,-96.0,0.0
268.9699277777778,3.0,99.0
268.98954166666664,3.0,0.0
269.00166666666667,-5.0,-8.0
269.0400333333333,-5.0,0.0
269.05634166666664,3.0,8.0
269.43333333333334,3.0,0.0
269.46482777777777,-96.0,-99.0
269.5283333333333,-96.0,0.0
269.5688916666667,3.0,99.0
269.6571513888889,3.0,0.0
269.66883194444443,-10.0,-13.0
269.7409652777778,-10.0,0.0
269.7669513888889,4.0,14.0
269.84993055555555,4.0,0.0
269.8665972222222,-96.0,-100.0
270.21666666666664,-96.0,0.0
270.23333333333335,-96.0,0.0
280.1666666666667,-96.0,0.0
280.1699986111111,-96.0,0.0
280.2433027777778,-96.0,0.0
280.30043611111114,3.0,99.0
280.35063055555554,3.0,0.0
280.3699986111111,-4.0,-7.0
280.4802013888889,-4.0,0.0
280.5072388888889,3.0,7.0
280.5957875,3.0,0.0
280.6150388888889,-39.0,-42.0
280.6580041666667,-39.0,0.0
280.67248333333333,5.0,44.0
280.92689583333333,5.0,0.0
280.9418958333333,-96.0,-101.0
281.2183333333333,-96.0,0.0
281.23333333333335,-96.0,0.0
283.6333333333333,-96.0,0.0
283.63666527777775,-96.0,0.0
283.7073972222222,-96.0,0.0
283.73075694444447,2.0,98.0
283.76666666666665,2.0,0.0
283.77166666666665,-6.0,-8.0
283.8616666666667,-6.0,0.0
283.8666666666667,2.0,8.0
283.93333333333334,2.0,0.0
283.9481097222222,-23.0,-25.0
283.9823625,-23.0,0.0
284.0,-1.0,22.0
284.1333333333333,-1.0,0.0
284.1407222222222,-22.0,-21.0
284.14926388888887,-22.0,0.0
284.1688125,0.0,22.0
284.26666666666665,0.0,0.0
284.26999861111113,-19.0,-19.0
284.3142652777778,-19.0,0.0
284.3333333333333,2.0,21.0
284.4401722222222,2.0,0.0
284.4683333333333,-96.0,-98.0
284.5182277777778,-96.0,0.0
284.53276944444445,-1.0,95.0
285.0878402777778,-1.0,0.0
285.10450694444444,-96.0,-95.0
285.5,-96.0,0.0
285.505,-96.0,0.0
285.57594305555557,-96.0,0.0
285.63438055555554,5.0,101.0
285.96666666666664,5.0,0.0
285.9699986111111,-11.0,-16.0
286.0516152777778,-11.0,0.0
286.06819444444443,4.0,15.0
286.4082333333333,4.0,0.0
286.435,-21.0,-25.0
286.4578472222222,-21.0,0.0
286.4759652777778,0.0,21.0
286.5700194444444,0.0,0.0
286.58911666666665,-25.0,-25.0
286.7072847222222,-25.0,0.0
286.7391736111111,1.0,26.0
286.9706736111111,1.0,0.0
286.9890125,-96.0,-97.0
287.2569111111111,-96.0,0.0
287.2809722222222,2.0,98.0
287.5150722222222,2.0,0.0
287.54001805555555,-31.0,-33.0
287.6228486111111,-31.0,0.0
287.64549305555556,1.0,32.0
288.05779861111114,1.0,0.0
288.0720972222222,-96.0,-97.0
288.3375277777778,-96.0,0.0
288.39169444444445,1.0,97.0
288.4783861111111,1.0,0.0
288.50166666666667,-24.0,-25.0
288.5180763888889,-24.0,0.0
288.54048611111114,2.0,26.0
288.71974305555557,2.0,0.0
288.73213888888887,-18.0,-20.0
288.7464027777778,-18.0,0.0
288.7695277777778,4.0,22.0
289.1211736111111,4.0,0.0
289.13546527777777,-96.0,-100.0
289.3962916666667,-96.0,0.0
289.4170208333333,2.0,98.0
290.26666666666665,2.0,0.0
290.2683333333333,-21.0,-23.0
290.2969027777778,-21.0,0.0
290.31502083333334,4.0,25.0
290.9387708333333,4.0,0.0
290.95497083333333,-96.0,-100.0
292.00550833333335,-96.0,0.0
292.03172222222224,3.0,99.0
292.4464472222222,3.0,0.0
292.4699986111111,-26.0,-29.0
292.51283472222224,-26.0,0.0
292.55964305555557,1.0,27.0
292.68830972222224,1.0,0.0
292.7064277777778,-16.0,-17.0
292.72880555555554,-16.0,0.0
292.7476388888889,2.0,18.0
292.85614166666664,2.0,0.0
292.8779736111111,-21.0,-23.0
292.9220388888889,-21.0,0.0
292.94387916666665,2.0,23.0
293.2436583333333,2.0,0.0
293.2683333333333,-32.0,-34.0
293.30119444444443,-32.0,0.0
293.32074305555557,1.0,33.0
293.4415666666667,1.0,0.0
293.4683333333333,-27.0,-28.0
293.4854583333333,-28.0,-1.0
293.56275,4.0,32.0
293.81259027777776,4.0,0.0
293.83236666666664,-96.0,-100.0
293.9916680555556,-96.0,0.0
294.0,-96.0,0.0
295.6666666666667,-96.0,0.0
295.6716666666667,-96.0,0.0
295.7666736111111,-96.0,0.0
295.788125,0.0,96.0
295.8838333333333,0.0,0.0
295.8947986111111,-21.0,-21.0
295.8983333333333,-21.0,0.0
295.92002777777776,-2.0,19.0
296.07739583333336,-2.0,0.0
296.0890763888889,-20.0,-18.0
296.09404166666667,-21.0,-1.0
296.1143055555556,-1.0,20.0
296.2792166666667,-1.0,0.0
296.2909152777778,-22.0,-21.0
296.3300013888889,-22.0,0.0
296.3500666666667,-1.0,21.0
296.43333333333334,-1.0,0.0
296.44331666666665,-9.0,-8.0
296.45044583333333,-9.0,0.0
296.46250833333335,-1.0,8.0
296.77908333333335,-1.0,0.0
296.80333194444444,-96.0,-95.0
296.89194583333335,-96.0,0.0
296.91315972222225,-1.0,95.0
297.03333333333336,-1.0,0.0
297.035,-18.0,-17.0
297.0742986111111,-18.0,0.0
297.0924166666667,0.0,18.0
297.2,0.0,0.0
297.20166666666665,-20.0,-20.0
297.2180763888889,-20.0,0.0
297.2390555555556,0.0,20.0
297.53333333333336,0.0,0.0
297.5485902777778,-18.0,-18.0
297.5564166666667,-18.0,0.0
297.57596527777775,2.0,20.0
297.66387777777777,2.0,0.0
297.68673194444443,-17.0,-19.0
297.7306986111111,-17.0,0.0
297.7528555555555,2.0,19.0
297.8061416666667,2.0,0.0
297.835,-96.0,-98.0
297.8714375,-96.0,0.0
297.89813888888887,-1.0,95.0
298.1814722222222,-1.0,0.0
298.20820555555554,-96.0,-95.0
298.43701111111113,-96.0,0.0
298.55786944444446,-1.0,95.0
298.6562083333333,-1.0,0.0
298.6716666666667,-15.0,-14.0
298.74632777777776,-15.0,0.0
298.76666666666665,-1.0,14.0
298.82078333333334,-1.0,0.0
298.85006805555554,-96.0,-95.0
298.9421791666667,-96.0,0.0
298.96666666666664,-1.0,95.0
299.1846611111111,-1.0,0.0
299.20166666666665,-12.0,-11.0
299.2316666666667,-12.0,0.0
299.2528555555555,-1.0,11.0
299.3333333333333,-1.0,0.0
299.335,-96.0,-95.0
299.34711805555554,-96.0,0.0
299.3666666666667,-96.0,0.0
299.52496666666667,-96.0,0.0
299.53833333333336,-96.0,0.0
299.62833333333333,-96.0,0.0
299.6472777777778,-96.0,0.0
299.77280833333333,-96.0,0.0
299.8016666666667,-96.0,0.0
299.84,-96.0,0.0
299.8666666666667,-38.0,58.0
299.8849125,-38.0,0.0
299.9039236111111,1.0,39.0
300.2551111111111,1.0,0.0
300.26522222222223,-96.0,-97.0
300.6332541666667,-96.0,0.0
300.66923194444445,4.0,100.0
300.70405,4.0,0.0
300.735,-15.0,-19.0
300.7557013888889,-15.0,0.0
300.77525,4.0,19.0
300.909425,4.0,0.0
300.9239666666667,-18.0,-22.0
300.96316805555557,-18.0,0.0
300.99319305555554,6.0,24.0
301.1,6.0,0.0
301.105,-3.0,-9.0
301.18384444444445,-3.0,0.0
301.2,4.0,7.0
301.38927083333334,4.0,0.0
301.4034125,-96.0,-100.0
301.55999722222225,-96.0,0.0
301.5684166666667,-96.0,0.0
302.9,-96.0,0.0
302.90333194444446,-96.0,0.0
302.96548055555553,-96.0,0.0
302.9874097222222,3.0,99.0
303.2696736111111,3.0,0.0
303.2927986111111,-20.0,-23.0
303.3945083333333,-20.0,0.0
303.4169180555555,2.0,22.0
303.5216138888889,2.0,0.0
303.54822777777775,-17.0,-19.0
303.5894222222222,-17.0,0.0
303.62300833333336,2.0,19.0
304.0054375,2.0,0.0
304.0228333333333,-96.0,-98.0
304.31306944444447,-96.0,0.0
304.3383333333333,1.0,97.0
304.6342652777778,1.0,0.0
304.6466611111111,-36.0,-37.0
304.6614236111111,-36.0,0.0
304.67882638888887,3.0,39.0
305.2849791666667,3.0,0.0
305.3061652777778,-96.0,-99.0
306.06234861111113,-96.0,0.0
306.08568055555554,1.0,97.0
306.3337638888889,1.0,0.0
306.3490208333333,-28.0,-29.0
306.3833125,-28.0,0.0
306.40429166666667,2.0,30.0
306.75922916666667,2.0,0.0
306.77326944444445,-96.0,-98.0
307.6890847222222,-96.0,0.0
307.71957638888887,2.0,98.0
307.7846611111111,2.0,0.0
307.8016666666667,-18.0,-20.0
307.83166666666665,-18.0,0.0
307.85913055555557,2.0,20.0
308.7254652777778,2.0,0.0
308.7437972222222,-96.0,-98.0
309.2089875,-96.0,0.0
309.2624152777778,-15.0,81.0
309.3111416666667,-15.0,0.0
309.3348472222222,1.0,16.0
309.4115902777778,1.0,0.0
309.4239861111111,-25.0,-26.0
309.50540416666666,-25.0,0.0
309.53766527777776,5.0,30.0
309.7559375,5.0,0.0
309.7759375,-96.0,-101.0
310.5379236111111,-96.0,0.0
310.5579236111111,2.0,98.0
310.5902388888889,2.0,0.0
310.60333194444445,-9.0,-11.0
310.6445097222222,-9.0,0.0
310.6666666666667,2.0,11.0
310.7961388888889,2.0,0.0
310.80853472222225,-22.0,-24.0
310.8485486111111,-22.0,0.0
310.8666666666667,0.0,22.0
310.97071666666665,0.0,0.0
311.00166666666667,-19.0,-19.0
311.0466875,-19.0,0.0
311.0655208333333,2.0,21.0
311.3666666666667,2.0,0.0
311.3842902777778,-96.0,-98.0
311.79190694444446,-96.0,0.0
311.8369388888889,2.0,98.0
311.86966527777776,2.0,0.0
311.903675,-25.0,-27.0
311.9860125,-25.0,0.0
312.0320013888889,0.0,25.0
312.5145083333333,0.0,0.0
312.5366652777778,-11.0,-11.0
312.59666805555554,-11.0,0.0
312.6,0.0,11.0
312.6978541666667,0.0,0.0
312.71025,-18.0,-18.0
312.7316666666667,-18.0,0.0
312.7540763888889,1.0,19.0
313.26852777777776,1.0,0.0
313.26852916666667,-96.0,-97.0
313.4225486111111,-96.0,0.0
313.45850972222223,12.0,108.0
313.6102138888889,12.0,0.0
313.6290388888889,1.0,-11.0
314.0301875,1.0,0.0
314.04709583333334,-96.0,-97.0
314.3200013888889,-96.0,0.0
314.3333333333333,-96.0,0.0
316.6333333333333,-96.0,0.0
316.635,-96.0,0.0
316.69412083333333,-96.0,0.0
316.7416125,-1.0,95.0
317.09542361111113,-1.0,0.0
317.1171180555556,-25.0,-24.0
317.13853472222223,-25.0,0.0
317.1602291666667,4.0,29.0
317.18029722222224,4.0,0.0
317.20166666666665,-15.0,-19.0
317.2895472222222,-15.0,0.0
317.33607083333334,4.0,19.0
317.6096277777778,4.0,0.0
317.635,-8.0,-12.0
317.68521944444444,-8.0,0.0
317.7105916666667,4.0,12.0
318.03333333333336,4.0,0.0
318.05666527777777,-96.0,-100.0
318.507425,-96.0,0.0
318.5307569444444,1.0,97.0
318.67525,1.0,0.0
318.6897916666667,-39.0,-40.0
318.70405555555556,-39.0,0.0
318.7171666666667,2.0,41.0
318.91314027777776,2.0,0.0
318.93411944444443,-96.0,-98.0
319.065,-96.0,0.0
319.1027305555556,2.0,98.0
319.60544444444446,2.0,0.0
319.635,-19.0,-21.0
319.65140972222224,-19.0,0.0
319.6666666666667,3.0,22.0
319.7559375,3.0,0.0
319.77166666666665,-96.0,-99.0
319.8809791666667,-96.0,0.0
319.9031458333333,5.0,101.0
319.98998611111114,5.0,0.0
320.0066527777778,-96.0,-101.0
320.31666666666666,-96.0,0.0
320.3333333333333,-96.0,0.0
322.1333333333333,-96.0,0.0
322.135,-96.0,0.0
322.18288194444443,-96.0,0.0
322.2045763888889,3.0,99.0
322.23795416666667,3.0,0.0
322.2600388888889,-29.0,-32.0
322.27476527777776,-29.0,0.0
322.3064375,0.0,29.0
322.43333333333334,0.0,0.0
322.4543125,-24.0,-24.0
322.4685763888889,-24.0,0.0
322.4845486111111,-2.0,22.0
322.6559375,-2.0,0.0
322.6699986111111,-22.0,-20.0
322.6906611111111,-22.0,0.0
322.72475,1.0,23.0
323.25379166666664,1.0,0.0
323.27094444444447,-96.0,-97.0
323.8286111111111,-96.0,0.0
323.85363194444443,1.0,97.0
324.337625,1.0,0.0
324.35717361111114,-31.0,-32.0
324.37894444444447,-31.0,0.0
324.40206944444446,1.0,32.0
324.5276111111111,1.0,0.0
324.5442986111111,-25.0,-26.0
324.5682208333333,-25.0,0.0
324.58832916666665,1.0,26.0
325.00043055555557,1.0,0.0
325.01543055555555,-96.0,-97.0
325.7624666666667,-96.0,0.0
325.80626944444447,1.0,97.0
325.89734444444446,1.0,0.0
325.91725833333334,-16.0,-17.0
325.9584722222222,-16.0,0.0
326.0,1.0,17.0
326.2115861111111,1.0,0.0
326.22607361111113,-34.0,-35.0
326.3018388888889,-34.0,0.0
326.32090694444446,0.0,34.0
326.6,1.92865e-15,1.92865e-15
326.6270375,-17.0,-17.000000000000004
326.65496805555557,-17.0,0.0
326.68130833333333,-9.64327e-16,17.0
326.7230347222222,0.0,9.64327e-16
326.7625527777778,-96.0,-96.0
326.95666666666665,-96.0,0.0
326.96666666666664,-96.0,0.0
328.06666666666666,-96.0,0.0
328.0699986111111,-96.0,0.0
328.13429305555553,-96.0,0.0
328.1512152777778,2.0,98.0
328.31241666666665,2.0,0.0
328.335,-17.0,-19.0
328.365,-17.0,0.0
328.38549166666667,2.0,19.0
328.5111597222222,2.0,0.0
328.5228402777778,-21.0,-23.0
328.5540263888889,-21.0,0.0
328.57071388888886,4.0,25.0
328.6825694444444,4.0,0.0
328.705,-8.0,-12.0
328.80755,-8.0,0.0
328.8285861111111,2.0,10.0
328.9402013888889,2.0,0.0
328.9585333333333,-96.0,-98.0
329.3150013888889,-96.0,0.0
329.3333333333333,-96.0,0.0
331.03333333333336,-96.0,0.0
331.035,-96.0,0.0
331.0800208333333,-96.0,0.0
331.1038611111111,1.0,97.0
331.1809166666667,1.0,0.0
331.19283194444444,-17.0,-18.0
331.2289069444444,-17.0,0.0
331.2446444444444,4.0,21.0
331.2867527777778,4.0,0.0
331.305,-6.0,-10.0
331.3789638888889,-6.0,0.0
331.4,2.0,8.0
331.5387777777778,2.0,0.0
331.5504763888889,-22.0,-24.0
331.5707375,-22.0,0.0
331.6096277777778,3.0,25.0
332.4383402777778,3.0,0.0
332.45288194444447,-17.0,-20.0
332.4571319444444,-17.0,0.0
332.4746069444444,8.0,25.0
332.8500027777778,8.0,0.0
332.8723263888889,-96.0,-104.0
333.12166666666667,-96.0,0.0
333.1333333333333,-96.0,0.0
334.2479375,-96.0,0.0
334.27320833333334,3.0,99.0
334.4100138888889,3.0,0.0
334.423125,-23.0,-26.0
334.449975,-23.0,0.0
334.4709541666667,4.0,27.0
334.636625,4.0,0.0
334.651625,-96.0,-100.0
335.4208888888889,-96.0,0.0
335.44304166666666,4.0,100.0
335.5650263888889,4.0,0.0
335.59174722222224,-22.0,-26.0
335.6219013888889,-22.0,0.0
335.64996666666667,5.0,27.0
335.75341944444443,5.0,0.0
335.76999861111113,-18.0,-23.0
335.80699305555555,-18.0,0.0
335.8333333333333,5.0,23.0
335.90400694444446,5.0,0.0
335.9225902777778,-96.0,-101.0
336.12333333333333,-96.0,0.0
336.1333333333333,-96.0,0.0
340.1666666666667,-96.0,0.0
340.1699986111111,-96.0,0.0
340.23715416666664,-96.0,0.0
340.2590833333333,3.0,99.0
341.07782638888887,3.0,0.0
341.09713194444447,-96.0,-99.0
341.2457847222222,-96.0,0.0
341.264375,2.0,98.0
341.28605555555555,2.0,0.0
341.30375833333335,-33.0,-35.0
341.317025,-33.0,0.0
341.3674972222222,1.0,34.0
341.3755972222222,1.0,0.0
341.40166666666664,-32.0,-33.0
341.4373888888889,-32.0,0.0
341.4569375,-1.0,31.0
341.6821180555556,-1.0,0.0
341.6971402777778,-24.0,-23.0
341.7071125,-22.0,2.0
341.7233194444444,0.0,22.0
341.8,-9.64327e-16,-9.64327e-16
341.8235513888889,-96.0,-96.0
341.84172083333334,-96.0,0.0
341.8666666666667,2.0,98.0
342.04575,2.0,0.0
342.06100694444444,-96.0,-98.0
342.1283138888889,-96.0,0.0
342.14863194444445,3.0,99.0
342.2036777777778,3.0,0.0
342.2203652777778,-16.0,-19.0
342.2789722222222,-16.0,0.0
342.29559305555557,3.0,19.0
342.43389722222224,3.0,0.0
342.4683333333333,-28.0,-31.0
342.5030513888889,-28.0,0.0
342.5254611111111,4.0,32.0
342.6485388888889,4.0,0.0
342.6716666666667,-9.0,-13.0
342.76445555555557,-9.0,0.0
342.7840972222222,8.0,17.0
342.9097291666667,8.0,0.0
342.95692083333336,-96.0,-104.0
343.31333333333333,-96.0,0.0
343.3333333333333,-96.0,0.0
346.3,-96.0,0.0
346.3016666666667,-96.0,0.0
346.36671527777776,-96.0,0.0
346.389125,3.0,99.0
346.5172972222222,3.0,0.0
346.53405,-34.0,-37.0
346.54616805555554,-34.0,0.0
346.56666666666666,-1.0,33.0
346.83110833333336,-1.0,0.0
346.8699986111111,-25.0,-24.0
346.8867736111111,-25.0,0.0
346.96480555555553,2.0,27.0
347.4658361111111,2.0,0.0
347.50166666666667,-25.0,-27.0
347.53738888888887,-25.0,0.0
347.55550694444446,-1.0,24.0
347.74784166666666,-1.0,0.0
347.7683333333333,-22.0,-21.0
347.8217569444444,-22.0,0.0
347.8427361111111,1.0,23.0
347.95677222222224,1.0,0.0
347.98005277777776,-36.0,-37.0
348.0080625,-36.0,0.0
348.02475,1.0,37.0
348.1658361111111,1.0,0.0
348.20166666666665,-30.0,-31.0
348.22809027777777,-30.0,0.0
348.2454930555555,1.0,31.0
348.3721111111111,1.0,0.0
348.40166666666664,-21.0,-22.0
348.4073472222222,-21.0,0.0
348.4233194444444,2.0,23.0
348.72148055555556,2.0,0.0
348.735,-12.0,-14.0
348.765,-12.0,0.0
348.79176666666666,2.0,14.0
348.8492361111111,2.0,0.0
348.8680694444445,-96.0,-98.0
348.8933263888889,-96.0,0.0
348.9185972222222,4.0,100.0
349.0630902777778,4.0,0.0
349.08120833333334,-29.0,-33.0
349.09804444444444,-29.0,0.0
349.1175930555556,3.0,32.0
349.17964722222223,3.0,0.0
349.19762083333336,-15.0,-18.0
349.2513486111111,-15.0,0.0
349.2846611111111,3.0,18.0
349.636625,3.0,0.0
349.6540597222222,-96.0,-99.0
349.7668958333333,-96.0,0.0
349.77217083333335,-96.0,0.0
351.43333333333334,-96.0,0.0
351.435,-96.0,0.0
351.5019236111111,-96.0,0.0
351.5193263888889,1.0,97.0
351.59499305555556,1.0,0.0
351.6059583333333,-18.0,-19.0
351.61664583333334,-18.0,0.0
351.63047222222224,1.0,19.0
352.28900694444445,1.0,0.0
352.3061930555556,-24.0,-25.0
352.33559722222225,-24.0,0.0
352.3823194444444,5.0,29.0
352.42553055555555,5.0,0.0
352.4392583333333,-96.0,-101.0
352.5175263888889,-96.0,0.0
352.560525,5.0,101.0
352.6165138888889,5.0,0.0
352.6485222222222,-20.0,-25.0
352.76963333333333,-20.0,0.0
352.803325,2.0,22.0
353.0211736111111,2.0,0.0
353.0378402777778,-96.0,-98.0
353.72552083333335,-96.0,0.0
353.7457638888889,2.0,98.0
353.9523611111111,2.0,0.0
353.9654722222222,-29.0,-31.0
353.9840277777778,-29.0,0.0
354.0,-1.0,28.0
354.17629444444447,-1.0,0.0
354.205,-96.0,-95.0
354.2545611111111,-96.0,0.0
354.3,-1.0,95.0
354.5,-1.0,0.0
354.51351944444446,-16.0,-15.0
354.5316666666667,-16.0,0.0
354.560525,-1.0,15.0
354.60614166666664,-1.0,0.0
354.635,-30.0,-29.0
354.6592777777778,-30.0,0.0
354.6749138888889,3.0,33.0
355.0595611111111,3.0,0.0
355.0740486111111,-7.0,-10.0
355.1528763888889,-7.0,0.0
355.1666666666667,3.0,10.0
355.18535833333334,3.0,0.0
355.2030972222222,-40.0,-43.0
355.25026388888887,-40.0,0.0
355.2783958333333,3.0,43.0
355.3698861111111,3.0,0.0
355.3868,-14.0,-17.0
355.4455486111111,-14.0,0.0
355.46666666666664,3.0,17.0
355.64086944444443,3.0,0.0
355.66833333333335,-20.0,-23.0
355.6790208333333,-20.0,0.0
355.7,4.0,24.0
355.8290166666667,4.0,0.0
355.84950833333335,-30.0,-34.0
355.87258333333335,-30.0,0.0
355.9078680555556,5.0,35.0
355.9892708333333,5.0,0.0
356.0133319444444,-96.0,-101.0
356.25333472222223,-96.0,0.0
356.26666666666665,-96.0,0.0
358.03333333333336,-96.0,0.0
358.035,-96.0,0.0
358.0800208333333,-96.0,0.0
358.1031458333333,0.0,96.0
358.3906694444444,0.0,0.0
358.4359611111111,-31.0,-31.0
358.50517916666666,-31.0,0.0
358.528875,3.0,34.0
358.54644722222224,3.0,0.0
358.57166666666666,-15.0,-18.0
358.6247138888889,-15.0,0.0
358.65063055555555,3.0,18.0
359.10056388888887,3.0,0.0
359.12798055555555,-49.0,-52.0
359.1685763888889,-49.0,0.0
359.19241666666665,1.0,50.0
359.3,1.0,0.0
359.3235513888889,-17.0,-18.0
359.3389319444444,-17.0,0.0
359.3666666666667,1.0,18.0
359.73333333333335,1.0,0.0
359.735,-18.0,-19.0
359.7750138888889,-18.0,0.0
359.7974236111111,1.0,19.0
360.0412083333333,1.0,0.0
360.05789583333336,-21.0,-22.0
360.23716666666667,-21.0,0.0
360.2595763888889,-1.0,20.0
361.31520555555556,-1.0,0.0
361.335,-32.0,-31.0
361.3700777777778,-32.0,0.0
361.3953486111111,2.0,34.0
361.80758333333335,2.0,0.0
361.82591527777777,-96.0,-98.0
362.1816680555556,-96.0,0.0
362.2,-96.0,0.0
366.6,-96.0,0.0
366.60333194444445,-96.0,0.0
366.67910694444447,-96.0,0.0
366.7163388888889,4.0,100.0
366.79766666666666,4.0,0.0
366.81149305555556,-11.0,-15.0
366.8478333333333,-11.0,0.0
366.8666666666667,4.0,15.0
366.9069513888889,4.0,0.0
366.92530416666665,-14.0,-18.0
367.03132361111113,-14.0,0.0
367.11796805555554,5.0,19.0
367.18675277777777,5.0,0.0
367.2095347222222,-11.0,-16.0
367.23555,-11.0,0.0
367.2590833333333,8.0,19.0
367.48784027777776,8.0,0.0
367.50617222222223,-96.0,-104.0
367.8483347222222,-96.0,0.0
367.8666666666667,-96.0,0.0
370.3333333333333,-96.0,0.0
370.3383333333333,-96.0,0.0
370.44120833333335,-96.0,0.0
370.46409027777776,2.0,98.0
370.53333333333336,2.0,0.0
370.5366652777778,-5.0,-7.0
370.59666805555554,-5.0,0.0
370.6,2.0,7.0
370.6701027777778,2.0,0.0
370.68822083333333,-29.0,-31.0
370.71280277777777,-29.0,0.0
370.73092083333336,4.0,33.0
370.7851958333333,4.0,0.0
370.7987875,-31.0,-35.0
370.81498055555556,-31.0,0.0
370.8333333333333,1.0,32.0
370.9476388888889,1.0,0.0
370.9578888888889,-13.0,-14.0
370.96929166666666,-13.0,0.0
370.98383333333334,2.0,15.0
371.4,2.0,0.0
371.40166666666664,-23.0,-25.0
371.44148055555553,-23.0,0.0
371.4667513888889,1.0,24.0
371.7630472222222,1.0,0.0
371.8016666666667,-26.0,-27.0
371.83855277777775,-26.0,0.0
371.8638236111111,1.0,27.0
372.5,1.0,0.0
372.5033319444444,-16.0,-17.0
372.5468833333333,-16.0,0.0
372.56666666666666,3.0,19.0
372.8882708333333,3.0,0.0
372.90660972222224,-96.0,-99.0
373.1866680555556,-96.0,0.0
373.2,-96.0,0.0
374.3,-96.0,0.0
374.3016666666667,-96.0,0.0
374.35169444444443,-96.0,0.0
374.37410416666665,1.0,97.0
374.5096388888889,1.0,0.0
374.53669444444444,-19.0,-20.0
374.56666666666666,-19.0,0.0
374.58158055555555,-29.0,-10.0
374.58717777777775,-29.0,0.0
374.6,-19.0,10.0
374.65132222222223,-19.0,0.0
374.67855833333334,5.0,24.0
374.7695277777778,5.0,0.0
374.78764583333333,-23.0,-28.0
374.79833333333335,-23.0,0.0
374.8221736111111,2.0,25.0
374.9513277777778,2.0,0.0
374.97333333333336,-9.0,-11.0
375.0473166666667,-9.0,0.0
375.1,2.0,11.0
375.2019583333333,2.0,0.0
375.2203583333333,-13.0,-15.0
375.24687222222224,-13.0,0.0
375.26666666666665,2.0,15.0
375.32521944444443,2.0,0.0
375.3369,-15.0,-17.0
375.37481388888887,-15.0,0.0
375.3943625,2.0,17.0
375.439475,2.0,0.0
375.4716666666667,-13.0,-15.0
375.5867666666667,-13.0,0.0
375.61895833333335,2.0,15.0
375.7276111111111,2.0,0.0
375.7466791666667,-27.0,-29.0
375.7952375,-27.0,0.0
375.8185972222222,1.0,28.0
376.0,1.0,0.0
376.00166666666667,-18.0,-19.0
376.0316666666667,-18.0,0.0
376.05076388888887,1.0,19.0
376.1499333333333,1.0,0.0
376.1699986111111,-12.0,-13.0
376.2146625,-12.0,0.0
376.23333333333335,1.0,13.0
376.3742027777778,1.0,0.0
376.40166666666664,-28.0,-29.0
376.4496638888889,-28.0,0.0
376.47350416666666,2.0,30.0
376.62160416666666,2.0,0.0
376.6409027777778,-96.0,-98.0
376.8566666666667,-96.0,0.0
376.8666666666667,-96.0,0.0
377.6333333333333,-96.0,0.0
377.635,-96.0,0.0
377.69790277777776,-96.0,0.0
377.74056805555557,2.0,98.0
377.80857638888887,2.0,0.0
377.84124583333335,-96.0,-98.0
377.90486805555554,-96.0,0.0
377.9537,2.0,98.0
378.32331944444445,2.0,0.0
378.33714583333335,-32.0,-34.0
378.35355555555554,-32.0,0.0
378.37811111111114,3.0,35.0
378.5492361111111,3.0,0.0
378.5683333333333,-28.0,-31.0
378.5895875,-28.0,0.0
378.61673333333334,2.0,30.0
378.9376111111111,2.0,0.0
378.96046527777776,-16.0,-18.0
378.9775902777778,-16.0,0.0
379.0060041666667,3.0,19.0
379.03333333333336,3.0,0.0
379.03833333333336,-5.0,-8.0
379.11090277777777,-5.0,0.0
379.1333333333333,3.0,8.0
379.1773958333333,3.0,0.0
379.1962291666667,-19.0,-22.0
379.20047916666664,-19.0,0.0
379.22074305555554,3.0,22.0
379.3,3.0,0.0
379.305,-9.0,-12.0
379.38384444444443,-9.0,0.0
379.4,3.0,12.0
379.48855555555554,3.0,0.0
379.5033319444444,-37.0,-40.0
379.57037916666667,-37.0,0.0
379.5908777777778,1.0,38.0
379.76666666666665,1.0,0.0
379.7923097222222,-20.0,-21.0
379.8083875,-20.0,0.0
379.8333333333333,1.0,21.0
379.9233194444444,1.0,0.0
379.94331944444446,-96.0,-97.0
380.72390277777777,-96.0,0.0
380.7439027777778,2.0,98.0
380.94575,2.0,0.0
380.9699986111111,-18.0,-20.0
381.0195430555556,-18.0,0.0
381.03333333333336,2.0,20.0
381.15422222222224,2.0,0.0
381.1723402777778,-30.0,-32.0
381.21736111111113,-30.0,0.0
381.23333333333335,2.0,32.0
381.53333333333336,2.0,0.0
381.547875,-20.0,-22.0
381.5721527777778,-20.0,0.0
381.5917013888889,2.0,22.0
381.73977083333335,2.0,0.0
381.7543125,-19.0,-21.0
381.76786111111113,-19.0,0.0
381.78669444444444,2.0,21.0
381.91450833333334,2.0,0.0
381.93833333333333,-18.0,-20.0
382.0367,-18.0,0.0
382.0570388888889,4.0,22.0
382.58466111111113,4.0,0.0
382.60557916666664,-19.0,-23.0
382.6274833333333,-19.0,0.0
382.6490694444444,3.0,22.0
382.6984722222222,3.0,0.0
382.7139305555556,-8.0,-11.0
382.8283333333333,-8.0,0.0
382.8333333333333,3.0,11.0
382.9928472222222,3.0,0.0
383.01451388888887,-96.0,-99.0
384.0160763888889,-96.0,0.0
384.03774305555555,5.0,101.0
384.46666666666664,5.0,0.0
384.48549305555554,-10.0,-15.0
384.6033472222222,-10.0,0.0
384.62360416666667,6.0,16.0
384.81044444444444,6.0,0.0
384.835,-30.0,-36.0
384.85713194444446,-30.0,0.0
384.8816875,1.0,31.0
384.9907013888889,1.0,0.0
385.00810416666667,-26.0,-27.0
385.0252291666667,-26.0,0.0
385.04549305555554,1.0,27.0
385.2510611111111,1.0,0.0
385.2629763888889,-17.0,-18.0
385.40891111111114,-17.0,0.0
385.4244027777778,2.0,19.0
385.468625,2.0,0.0
385.4828416666667,-14.0,-16.0
385.5316666666667,-14.0,0.0
385.5610291666667,1.0,15.0
386.2520763888889,1.0,0.0
386.27233333333334,-96.0,-97.0
386.6980722222222,-96.0,0.0
386.71975972222225,0.0,96.0
386.8333333333333,0.0,0.0
386.84755,-23.0,-23.0
386.858725,-23.0,0.0
386.8666666666667,0.0,23.0
387.22712777777775,0.0,0.0
387.24524583333334,-27.0,-27.0
387.3259444444444,-27.0,0.0
387.34835416666664,5.0,32.0
387.55808333333334,5.0,0.0
387.5762013888889,-35.0,-40.0
387.6147847222222,-35.0,0.0
387.6407708333333,1.0,36.0
387.73577222222224,1.0,0.0
387.75389027777777,-41.0,-42.0
387.7855916666667,-41.0,0.0
387.84363194444444,2.0,43.0
388.03333333333336,2.0,0.0
388.04,-7.0,-9.0
388.16,-7.0,0.0
388.1666666666667,2.0,9.0
388.23808055555554,2.0,0.0
388.26999861111113,-29.0,-31.0
388.30496666666664,-29.0,0.0
388.3333333333333,2.0,31.0
388.4204111111111,2.0,0.0
388.43566805555554,-25.0,-27.0
388.465,-25.0,0.0
388.48311805555556,2.0,27.0
388.8776888888889,2.0,0.0
388.90166666666664,-31.0,-33.0
388.93881944444445,-31.0,0.0
388.96838194444445,4.0,35.0
389.06666666666666,4.0,0.0
389.0847847222222,-18.0,-22.0
389.0926111111111,-18.0,0.0
389.11716666666666,4.0,22.0
389.2211736111111,4.0,0.0
389.2395055555556,-96.0,-100.0
389.58166805555555,-96.0,0.0
389.6,-96.0,0.0
391.03333333333336,-96.0,0.0
391.035,-96.0,0.0
391.0678611111111,-96.0,0.0
391.09098611111114,1.0,97.0
391.30544444444445,1.0,0.0
391.32785416666667,-33.0,-34.0
391.3730125,-33.0,0.0
391.39384722222223,0.0,33.0
391.5,0.0,0.0
391.505,-11.0,-11.0
391.5726888888889,-11.0,0.0
391.6,0.0,11.0
391.8444930555556,0.0,0.0
391.86118055555556,-34.0,-34.0
391.87973611111113,-34.0,0.0
391.9,3.0,37.0
391.939475,3.0,0.0
391.9683333333333,-5.0,-8.0
391.99833333333333,-5.0,0.0
392.0237055555556,3.0,8.0
392.1616597222222,3.0,0.0
392.1771513888889,-20.0,-23.0
392.2071125,-20.0,0.0
392.2211736111111,1.0,21.0
392.27139305555556,1.0,0.0
392.30906944444445,-20.0,-21.0
392.39302638888887,-20.0,0.0
392.42718055555554,3.0,23.0
392.4914166666667,3.0,0.0
392.5038125,-26.0,-29.0
392.5345277777778,-26.0,0.0
392.5526458333333,3.0,29.0
392.68497916666666,3.0,0.0
392.70166666666665,-26.0,-29.0
392.72809027777777,-26.0,0.0
392.7476388888889,1.0,27.0
392.8818722222222,1.0,0.0
392.905,-15.0,-16.0
393.01243055555557,-15.0,0.0
393.0411361111111,1.0,16.0
393.1366861111111,1.0,0.0
393.1612083333333,-20.0,-21.0
393.21774166666665,-20.0,0.0
393.26666666666665,1.0,21.0
393.58383055555555,1.0,0.0
393.60695833333335,-12.0,-13.0
393.7122972222222,-12.0,0.0
393.74030555555555,4.0,16.0
393.797775,4.0,0.0
393.845,-96.0,-100.0
393.9622861111111,-96.0,0.0
393.9957527777778,9.0,105.0
394.055,9.0,0.0
394.06666666666666,1.0,-8.0
394.1,1.0,0.0
394.1051527777778,-8.0,-9.0
394.11632777777777,-8.0,0.0
394.1333333333333,1.0,9.0
394.3,1.0,0.0
394.32166666666666,-96.0,-97.0
394.71166666666664,-96.0,0.0
394.73333333333335,-96.0,0.0
395.5,-96.0,0.0
395.5033319444444,-96.0,0.0
395.5797861111111,-96.0,0.0
395.62677916666667,1.0,97.0
396.35021527777775,1.0,0.0
396.37166666666667,-96.0,-97.0
396.68220694444443,-96.0,0.0
396.7300625,1.0,97.0
397.19570833333336,1.0,0.0
397.2131111111111,-21.0,-22.0
397.2445416666667,-21.0,0.0
397.2669513888889,2.0,23.0
397.38149583333336,2.0,0.0
397.3924611111111,-21.0,-23.0
397.42639305555554,-21.0,0.0
397.44165,2.0,23.0
397.56666666666666,2.0,0.0
397.5733333333333,-11.0,-13.0
397.63546388888886,-11.0,0.0
397.65189166666664,2.0,13.0
398.1333333333333,2.0,0.0
398.1527013888889,-19.0,-21.0
398.1757513888889,-19.0,0.0
398.2,2.0,21.0
398.26666666666665,2.0,0.0
398.2978875,-10.0,-12.0
398.3146625,-10.0,0.0
398.3333333333333,2.0,12.0
398.44616527777777,2.0,0.0
398.4614222222222,-10.0,-12.0
398.4657152777778,-10.0,0.0
398.48097222222225,6.0,16.0
398.6666666666667,6.0,0.0
398.68324583333333,-7.0,-13.0
398.7083875,-7.0,0.0
398.73333333333335,6.0,13.0
398.8304722222222,6.0,0.0
398.84405555555554,-96.0,-102.0
398.9316083333333,-96.0,0.0
398.9531263888889,4.0,100.0
399.0311875,4.0,0.0
399.0545472222222,-96.0,-100.0
399.0980986111111,-96.0,0.0
399.1221736111111,2.0,98.0
399.462375,2.0,0.0
399.47904166666666,-96.0,-98.0
400.28760416666665,-96.0,0.0
400.3121388888889,2.0,98.0
400.8333333333333,2.0,0.0
400.8687375,-16.0,-18.0
400.92176805555556,-16.0,0.0
400.9411361111111,2.0,18.0
401.0276111111111,2.0,0.0
401.0438041666667,-96.0,-98.0
401.96975833333335,-96.0,0.0
401.99381944444445,4.0,100.0
402.11974305555555,4.0,0.0
402.13356944444445,-25.0,-29.0
402.1470888888889,-25.0,0.0
402.1888402777778,4.0,29.0
402.82117361111113,4.0,0.0
402.8404722222222,-96.0,-100.0
403.10203194444443,-96.0,0.0
403.131975,2.0,98.0
403.27990555555556,2.0,0.0
403.29594444444444,-26.0,-28.0
403.3559861111111,-26.0,0.0
403.3834027777778,5.0,31.0
403.6333333333333,5.0,0.0
403.6383333333333,-2.0,-7.0
403.72833333333335,-2.0,0.0
403.74379166666665,4.0,6.0
403.9429611111111,4.0,0.0
403.9683333333333,-20.0,-24.0
403.9933263888889,-20.0,0.0
404.02074305555556,6.0,26.0
404.1333333333333,6.0,0.0
404.14215277777777,-21.0,-27.0
404.16643055555556,-21.0,0.0
404.18740972222224,4.0,25.0
404.31241666666665,4.0,0.0
404.335,-18.0,-22.0
404.360375,-18.0,0.0
404.3852638888889,3.0,21.0
404.46025833333334,3.0,0.0
404.48729583333335,-18.0,-21.0
404.54869305555553,-18.0,0.0
404.58479444444447,3.0,21.0
404.9054375,3.0,0.0
404.92330555555554,-96.0,-99.0
405.12333333333333,-96.0,0.0
405.1333333333333,-96.0,0.0
406.3,-96.0,0.0
406.30333194444444,-96.0,0.0
406.3846375,-96.0,0.0
406.42675,2.0,98.0
406.46666666666664,2.0,0.0
406.48979444444444,-7.0,-9.0
406.52680555555554,-7.0,0.0
406.56666666666666,4.0,11.0
406.78605555555555,4.0,0.0
406.80333194444444,-15.0,-19.0
406.86333472222225,-15.0,0.0
406.88061111111114,4.0,19.0
407.2957083333333,4.0,0.0
407.312375,-96.0,-100.0
407.6166666666667,-96.0,0.0
407.6333333333333,-96.0,0.0
408.96666666666664,-96.0,0.0
408.9683333333333,-96.0,0.0
409.0169305555556,-96.0,0.0
409.0450625,3.0,99.0
409.58426388888887,3.0,0.0
409.6026097222222,-96.0,-99.0
409.87707083333333,-96.0,0.0
409.9408625,3.0,99.0
410.0,3.0,0.0
410.01545833333336,-10.0,-13.0
410.1061555555556,-10.0,0.0
410.1207986111111,3.0,13.0
410.2012763888889,3.0,0.0
410.20333194444447,-17.0,-20.0
410.2411611111111,-17.0,0.0
410.2595138888889,1.0,18.0
410.3536541666667,1.0,0.0
410.3762986111111,-22.0,-23.0
410.4580638888889,-22.0,0.0
410.49956944444443,7.0,29.0
410.7866319444444,7.0,0.0
410.8049638888889,-96.0,-103.0
411.92369583333334,-96.0,0.0
411.94202777777775,2.0,98.0
412.0,2.0,0.0
412.01797361111113,-9.0,-11.0
412.0570597222222,-9.0,0.0
412.06666666666666,3.0,12.0
412.1666666666667,3.0,0.0
412.16833333333335,-26.0,-29.0
412.202625,-26.0,0.0
412.21866944444446,3.0,29.0
412.48187222222225,3.0,0.0
412.5090652777778,-96.0,-99.0
412.60989722222223,-96.0,0.0
412.6894722222222,2.0,98.0
412.84951944444447,2.0,0.0
412.9227513888889,-96.0,-98.0
414.01666666666665,-96.0,0.0
414.03333333333336,-96.0,0.0
416.73333333333335,-96.0,0.0
416.7366652777778,-96.0,0.0
416.7945222222222,-96.0,0.0
416.81716666666665,3.0,99.0
416.8297138888889,3.0,0.0
416.85841944444445,-15.0,-18.0
416.92053055555556,-15.0,0.0
416.9555111111111,3.0,18.0
417.0359888888889,3.0,0.0
417.0699986111111,-96.0,-99.0
417.1478041666667,-96.0,0.0
417.20048333333335,5.0,101.0
417.21171944444444,5.0,0.0
417.235,-2.0,-7.0
417.265,-2.0,0.0
417.2840972222222,5.0,7.0
417.83161805555557,5.0,0.0
417.84900694444445,-96.0,-101.0
418.1498472222222,-96.0,0.0
418.1729583333333,6.0,102.0
418.8523611111111,6.0,0.0
418.86903472222224,-96.0,-102.0
419.0883333333333,-96.0,0.0
419.1,-96.0,0.0
421.06666666666666,-96.0,0.0
421.0699986111111,-96.0,0.0
421.15929166666666,-96.0,0.0
421.20153055555556,5.0,101.0
421.9359097222222,5.0,0.0
421.9571236111111,-96.0,-101.0
422.0450222222222,-96.0,0.0
422.0655208333333,3.0,99.0
422.09261944444444,3.0,0.0
422.10573055555557,-11.0,-14.0
422.13261666666665,-11.0,0.0
422.15836805555557,4.0,15.0
422.562375,4.0,0.0
422.58381944444443,-96.0,-100.0
422.81447083333336,-96.0,0.0
422.8394916666667,4.0,100.0
422.90265555555555,4.0,0.0
422.935,-27.0,-31.0
422.965,-27.0,0.0
422.9917013888889,3.0,30.0
423.45093055555554,3.0,0.0
423.47165277777776,-96.0,-99.0
423.75166666666667,-96.0,0.0
423.76666666666665,-96.0,0.0
425.43333333333334,-96.0,0.0
425.43666527777776,-96.0,0.0
425.51240416666667,-96.0,0.0
425.538625,2.0,98.0
426.31590277777775,2.0,0.0
426.335,-8.0,-10.0
426.3824305555556,-8.0,0.0
426.3987388888889,2.0,10.0
426.4311083333333,2.0,0.0
426.4683333333333,-96.0,-98.0
426.5132638888889,-96.0,0.0
426.5406805555556,-1.0,95.0
426.76666666666665,-1.0,0.0
426.7683333333333,-22.0,-21.0
426.77615972222225,-22.0,0.0
426.79499305555555,2.0,24.0
426.9975,2.0,0.0
427.0141875,-20.0,-22.0
427.0359583333333,-20.0,0.0
427.0569375,4.0,24.0
427.1814027777778,4.0,0.0
427.2014027777778,-96.0,-100.0
428.0746472222222,-96.0,0.0
428.10161944444445,3.0,99.0
428.17024305555555,3.0,0.0
428.1855,-21.0,-24.0
428.1983333333333,-21.0,0.0
428.2164513888889,3.0,24.0
428.2664,3.0,0.0
428.31687222222223,-96.0,-99.0
428.3646458333333,-96.0,0.0
428.3929347222222,3.0,99.0
428.41450833333334,3.0,0.0
428.4266333333333,-14.0,-17.0
428.4580277777778,-14.0,0.0
428.46666666666664,3.0,17.0
428.6666666666667,3.0,0.0
428.66833333333335,-24.0,-27.0
428.676875,-24.0,0.0
428.69427777777776,0.0,24.0
429.0487847222222,0.0,0.0
429.06618055555555,-96.0,-96.0
429.1961944444445,-96.0,0.0
429.2436069444444,2.0,98.0
429.3183125,2.0,0.0
429.335,-47.0,-49.0
429.3549861111111,-47.0,0.0
429.37381944444445,1.0,48.0
429.44365833333336,1.0,0.0
429.4699986111111,-14.0,-15.0
429.5076902777778,-14.0,0.0
429.5326361111111,1.0,15.0
429.93333333333334,1.0,0.0
429.93666527777776,-28.0,-29.0
429.9886,-28.0,0.0
430.01663333333335,6.0,34.0
430.5656666666667,6.0,0.0
430.581625,-96.0,-102.0
431.02838194444445,-96.0,0.0
431.06820833333336,4.0,100.0
431.1471125,4.0,0.0
431.1652305555556,-20.0,-24.0
431.2337513888889,-20.0,0.0
431.3000680555555,6.0,26.0
431.63905555555556,6.0,0.0
431.65574305555555,-24.0,-30.0
431.6725347222222,-24.0,0.0
431.69279861111113,10.0,34.0
431.8224125,10.0,0.0
431.84124583333335,-11.0,-21.0
431.8628541666667,-11.0,0.0
431.89384722222223,6.0,17.0
432.0,6.0,0.0
432.0305236111111,-11.0,-17.0
432.06333472222224,-11.0,0.0
432.08828055555557,6.0,17.0
432.2276111111111,6.0,0.0
432.24927777777776,-96.0,-102.0
433.13925694444447,-96.0,0.0
433.1609236111111,1.0,97.0
433.34505277777777,1.0,0.0
433.3846402777778,-15.0,-16.0
433.4181486111111,-15.0,0.0
433.44936944444447,1.0,16.0
433.5344611111111,1.0,0.0
433.56944166666665,-96.0,-97.0
433.6785486111111,-96.0,0.0
433.72091666666665,1.0,97.0
433.86309027777776,1.0,0.0
433.8783472222222,-19.0,-20.0
433.88617361111113,-19.0,0.0
433.90715277777775,3.0,22.0
434.0766805555556,3.0,0.0
434.08979166666666,-18.0,-21.0
434.09833333333336,-20.0,-2.0
434.1207430555556,3.0,23.0
434.1864097222222,3.0,0.0
434.20594444444447,-96.0,-99.0
434.4331111111111,-96.0,0.0
434.45479166666667,5.0,101.0
434.8864375,5.0,0.0
434.92235,-96.0,-101.0
435.3006486111111,-96.0,0.0
435.3471638888889,4.0,100.0
435.72289027777776,4.0,0.0
435.7375625,-96.0,-100.0
436.1507013888889,-96.0,0.0
436.1716666666667,3.0,99.0
436.24143333333336,3.0,0.0
436.26053055555553,-19.0,-22.0
436.3123541666667,-19.0,0.0
436.3283263888889,2.0,21.0
436.5769916666667,2.0,0.0
436.60333194444445,-20.0,-22.0
436.6305652777778,-20.0,0.0
436.6666666666667,2.0,22.0
436.7769916666667,2.0,0.0
436.80333194444444,-96.0,-98.0
436.8660875,-96.0,0.0
436.91975694444443,5.0,101.0
437.1707166666667,5.0,0.0
437.20333194444447,-96.0,-101.0
437.25095,-96.0,0.0
437.2813541666667,2.0,98.0
437.38283333333334,2.0,0.0
437.40284722222225,-96.0,-98.0
437.59,-96.0,0.0
437.6157361111111,2.0,98.0
437.7019583333333,2.0,0.0
437.72222222222223,-18.0,-20.0
437.75927777777775,-18.0,0.0
437.7759652777778,3.0,21.0
437.9566388888889,3.0,0.0
437.9797638888889,-22.0,-25.0
438.0854541666667,-22.0,0.0
438.110725,3.0,25.0
438.1311083333333,3.0,0.0
438.1699986111111,-12.0,-15.0
438.22512083333334,-12.0,0.0
438.2549472222222,3.0,15.0
438.30893055555555,3.0,0.0
438.3366652777778,-96.0,-99.0
438.3889986111111,-96.0,0.0
438.4223111111111,3.0,99.0
438.48595555555556,3.0,0.0
438.5029347222222,-5.0,-8.0
438.52750833333334,-5.0,0.0
438.54234305555553,3.0,8.0
438.5814027777778,3.0,0.0
438.6052291666667,-96.0,-99.0
438.82166666666666,-96.0,0.0
438.8333333333333,-96.0,0.0
440.56666666666666,-96.0,0.0
440.5683333333333,-96.0,0.0
440.6033111111111,-96.0,0.0
440.6313166666667,1.0,97.0
440.8443555555556,1.0,0.0
440.8699986111111,-11.0,-12.0
440.91605694444445,-11.0,0.0
440.93333333333334,9.0,20.0
441.2485388888889,9.0,0.0
441.26442083333336,-22.0,-31.0
441.3214,-22.0,0.0
441.3397708333333,12.0,34.0
441.56666666666666,12.0,0.0
441.5864361111111,-96.0,-108.0
441.8200013888889,-96.0,0.0
441.8333333333333,-96.0,0.0
443.96666666666664,-96.0,0.0
443.9699986111111,-96.0,0.0
444.03777916666667,-96.0,0.0
444.05899305555556,3.0,99.0
444.1666666666667,3.0,0.0
444.1904916666667,-11.0,-14.0
444.2135583333333,-11.0,0.0
444.2541166666667,3.0,14.0
444.35411666666664,3.0,0.0
444.3699986111111,-35.0,-38.0
444.3913763888889,-35.0,0.0
444.4183125,6.0,41.0
444.47905833333334,6.0,0.0
444.4925069444445,-16.0,-22.0
444.52335,-16.0,0.0
444.5500666666667,4.0,20.0
444.82761111111114,4.0,0.0
444.84594305555555,-96.0,-100.0
445.8411541666667,-96.0,0.0
445.8659236111111,2.0,98.0
446.25272222222225,2.0,0.0
446.26999861111113,-11.0,-13.0
446.3042041666667,-11.0,0.0
446.3333333333333,2.0,13.0
446.5776888888889,2.0,0.0
446.605,-17.0,-19.0
446.6699,-17.0,0.0
446.7,2.0,19.0
446.7832666666667,2.0,0.0
446.80333194444444,-21.0,-23.0
446.8277763888889,-21.0,0.0
446.8666666666667,2.0,23.0
447.0,2.0,0.0
447.0194875,-96.0,-98.0
447.10813472222225,-96.0,0.0
447.1666666666667,2.0,98.0
447.2735055555556,2.0,0.0
447.3016666666667,-38.0,-40.0
447.3300513888889,-38.0,0.0
447.3523347222222,3.0,41.0
447.56666666666666,3.0,0.0
447.5944013888889,-10.0,-13.0
447.6181486111111,-10.0,0.0
447.6333333333333,3.0,13.0
447.67210416666666,3.0,0.0
447.69068055555556,-96.0,-99.0
448.43347916666664,-96.0,0.0
448.4613541666667,2.0,98.0
448.5876486111111,2.0,0.0
448.6079125,-17.0,-19.0
448.6344736111111,-17.0,0.0
448.65330694444447,6.0,23.0
448.76666666666665,6.0,0.0
448.78406944444447,-26.0,-32.0
448.84785416666665,-26.0,0.0
448.8766111111111,3.0,29.0
448.91855833333335,3.0,0.0
448.93722916666667,-25.0,-28.0
449.0099736111111,-25.0,0.0
449.02975694444444,4.0,29.0
449.11590277777776,4.0,0.0
449.13666527777775,-11.0,-15.0
449.1722652777778,-11.0,0.0
449.2,4.0,15.0
449.2472375,4.0,0.0
449.25860694444447,-22.0,-26.0
449.3031847222222,-22.0,0.0
449.3180194444444,4.0,26.0
449.38675277777776,4.0,0.0
449.40333194444446,-6.0,-10.0
449.4438125,-6.0,0.0
449.46666666666664,4.0,10.0
449.54784166666667,4.0,0.0
449.5699986111111,-19.0,-23.0
449.6192722222222,-19.0,0.0
449.6404861111111,4.0,23.0
449.8444930555556,4.0,0.0
449.8654722222222,-24.0,-28.0
449.87759027777776,-24.0,0.0
449.9,1.0,25.0
450.0804027777778,1.0,0.0
450.1040625,-25.0,-26.0
450.18072222222224,-25.0,0.0
450.21430555555554,1.0,26.0
450.3513277777778,1.0,0.0
450.3666680555556,-29.0,-30.0
450.3816472222222,-29.0,0.0
450.39785416666666,-2.0,27.0
450.5,-2.0,0.0
450.5033319444444,-25.0,-23.0
450.5475986111111,-25.0,0.0
450.56666666666666,4.0,29.0
450.6333333333333,4.0,0.0
450.66482777777776,-24.0,-28.0
450.70671944444445,-24.0,0.0
450.73333333333335,4.0,28.0
451.0047222222222,4.0,0.0
451.02425694444446,-96.0,-100.0
451.8172083333333,-96.0,0.0
451.83745833333336,2.0,98.0
451.86094444444444,2.0,0.0
451.8711944444444,-9.0,-11.0
451.87472916666667,-9.0,0.0
451.8835486111111,2.0,11.0
452.0,2.0,0.0
452.005,-8.0,-10.0
452.076175,-8.0,0.0
452.1,2.0,10.0
452.2,2.0,0.0
452.21,-96.0,-98.0
452.3398,-96.0,0.0
452.4,2.0,98.0
452.5782527777778,2.0,0.0
452.6083527777778,-17.0,-19.0
452.7401861111111,-17.0,0.0
452.76191944444446,2.0,19.0
452.88256944444447,2.0,0.0
452.90166666666664,-13.0,-15.0
452.9198138888889,-13.0,0.0
452.93333333333334,2.0,15.0
453.30400694444444,2.0,0.0
453.3190069444444,-96.0,-98.0
454.1826875,-96.0,0.0
454.20269444444443,2.0,98.0
454.23918194444445,2.0,0.0
454.24943194444444,-7.0,-9.0
454.2599930555556,-7.0,0.0
454.2738194444444,2.0,9.0
454.37533055555554,2.0,0.0
454.3941638888889,-20.0,-22.0
454.49833333333333,-20.0,0.0
454.5221736111111,1.0,21.0
454.7,1.0,0.0
454.70166666666665,-19.0,-20.0
454.7145,-19.0,0.0
454.73333333333335,3.0,22.0
454.86022916666667,3.0,0.0
454.8754861111111,-18.0,-21.0
454.8868888888889,-18.0,0.0
454.90214583333335,2.0,20.0
455.13168055555553,2.0,0.0
455.14849305555555,-19.0,-21.0
455.2344027777778,-19.0,0.0
455.25765277777776,4.0,23.0
455.5816555555555,4.0,0.0
455.5940513888889,-15.0,-19.0
455.6284444444444,-15.0,0.0
455.640125,6.0,21.0
455.7190277777778,6.0,0.0
455.735,-39.0,-45.0
455.74901944444446,-39.0,0.0
455.7649916666667,3.0,42.0
455.8333333333333,3.0,0.0
455.86176527777775,-14.0,-17.0
455.8785402777778,-14.0,0.0
455.9,3.0,17.0
455.98784027777776,3.0,0.0
456.0000013888889,-28.0,-31.0
456.03045,-28.0,0.0
456.054525,3.0,31.0
456.15677222222223,3.0,0.0
456.17544305555555,-10.0,-13.0
456.24590416666666,-10.0,0.0
456.2638777777778,3.0,13.0
456.27280833333333,3.0,0.0
456.28563055555554,-8.0,-11.0
456.30935555555556,-8.0,0.0
456.3333333333333,3.0,11.0
456.3864097222222,3.0,0.0
456.4011791666667,-96.0,-99.0
456.47464722222225,-96.0,0.0
456.49656944444445,1.0,97.0
456.8096277777778,1.0,0.0
456.8366652777778,-17.0,-18.0
456.87644861111113,-17.0,0.0
456.9,1.0,18.0
457.3166,1.0,0.0
457.335,-21.0,-22.0
457.3721527777778,-21.0,0.0
457.39170138888886,3.0,24.0
457.412475,3.0,0.0
457.4210722222222,-7.0,-10.0
457.42335,-7.0,0.0
457.43333333333334,3.0,10.0
458.0,3.0,0.0
458.0033319444444,-23.0,-26.0
458.07263333333333,-23.0,0.0
458.09742361111114,1.0,24.0
458.71869166666664,1.0,0.0
458.735,-27.0,-28.0
458.7557013888889,-27.0,0.0
458.7766805555556,5.0,32.0
458.88916944444446,5.0,0.0
458.9044263888889,-16.0,-21.0
458.9395347222222,-16.0,0.0
458.96480555555553,6.0,22.0
459.0543013888889,6.0,0.0
459.10154027777776,-16.0,-22.0
459.17625,-16.0,0.0
459.20710555555553,9.0,25.0
459.26666666666665,9.0,0.0
459.2890972222222,0.0,-9.0
459.34493333333336,0.0,0.0
459.3666666666667,9.0,9.0
459.5771111111111,9.0,0.0
459.5929791666667,-96.0,-105.0
459.81995694444447,-96.0,0.0
459.8315333333333,-96.0,0.0
460.96666666666664,-96.0,0.0
460.9683333333333,-96.0,0.0
461.06205555555556,-96.0,0.0
461.1171444444444,1.0,97.0
461.23333333333335,1.0,0.0
461.25216666666665,-26.0,-27.0
461.2707222222222,-26.0,0.0
461.28884027777775,0.0,26.0
461.42475,0.0,0.0
461.43857638888886,-21.0,-21.0
461.4528402777778,-21.0,0.0
461.47024305555556,0.0,21.0
461.5992777777778,0.0,0.0
461.6123888888889,-18.0,-18.0
461.67836805555555,-18.0,0.0
461.6979166666667,1.0,19.0
461.9,1.0,0.0
461.91491388888886,-13.0,-14.0
461.9414277777778,-13.0,0.0
461.95006666666666,1.0,14.0
462.06666666666666,1.0,0.0
462.0818513888889,-15.0,-16.0
462.10420416666665,-15.0,0.0
462.1333333333333,1.0,16.0
462.1642361111111,1.0,0.0
462.18354166666666,-96.0,-97.0
462.38771388888887,-96.0,0.0
462.4308402777778,1.0,97.0
463.0061527777778,1.0,0.0
463.02355555555556,-96.0,-97.0
463.2140430555556,-96.0,0.0
463.26705833333335,-7.0,89.0
463.3324111111111,-7.0,0.0
463.34565833333335,3.0,10.0
463.39163333333335,3.0,0.0
463.406175,-25.0,-28.0
463.4257888888889,-25.0,0.0
463.4453375,3.0,28.0
463.5183125,3.0,0.0
463.5333263888889,-96.0,-99.0
463.64120833333334,-96.0,0.0
463.6669513888889,3.0,99.0
463.7227722222222,3.0,0.0
463.73865416666666,-96.0,-99.0
463.9795013888889,-96.0,0.0
463.99856944444446,7.0,103.0
464.07908333333336,7.0,0.0
464.1016666666667,-28.0,-35.0
464.13881944444444,-28.0,0.0
464.16838194444443,5.0,33.0
464.49470833333334,5.0,0.0
464.5137763888889,-96.0,-101.0
465.5494180555556,-96.0,0.0
465.5770694444444,1.0,97.0
465.6778263888889,1.0,0.0
465.6937986111111,-20.0,-21.0
465.70663194444444,-20.0,0.0
465.72475,1.0,21.0
465.8,1.0,0.0
465.8277347222222,-17.0,-18.0
465.86333472222225,-17.0,0.0
465.88061111111114,3.0,20.0
465.9778375,3.0,0.0
465.99595555555555,-21.0,-24.0
466.03995,-21.0,0.0
466.06720416666667,4.0,25.0
466.1333333333333,4.0,0.0
466.1383333333333,-5.0,-9.0
466.22833333333335,-5.0,0.0
466.23333333333335,4.0,9.0
466.3666666666667,4.0,0.0
466.36833333333334,-22.0,-26.0
466.3868888888889,-22.0,0.0
466.41144444444444,2.0,24.0
466.48396388888887,2.0,0.0
466.50666666666666,-14.0,-16.0
466.60505277777776,-14.0,0.0
466.6333333333333,2.0,16.0
466.82546527777777,2.0,0.0
466.8452138888889,-96.0,-98.0
467.3716680555556,-96.0,0.0
467.4,-96.0,0.0
468.3333333333333,-96.0,0.0
468.335,-96.0,0.0
468.3893194444444,-96.0,0.0
468.42906944444445,2.0,98.0
468.47908333333334,2.0,0.0
468.51406388888887,-13.0,-15.0
468.60824722222225,-13.0,0.0
468.6467138888889,2.0,15.0
468.69113194444446,2.0,0.0
468.71068055555554,-21.0,-23.0
468.7399652777778,-21.0,0.0
468.76380555555556,8.0,29.0
468.8725416666667,8.0,0.0
468.9007027777778,-96.0,-104.0
468.98474305555555,-96.0,0.0
469.0228888888889,6.0,102.0
469.3351944444444,6.0,0.0
469.35664583333335,-96.0,-102.0
469.46166666666664,-96.0,0.0
469.46666666666664,-96.0,0.0
472.43333333333334,-96.0,0.0
472.43666527777776,-96.0,0.0
472.5231333333333,-96.0,0.0
472.5450625,0.0,96.0
472.68045277777776,0.0,0.0
472.6971291666667,-96.0,-96.0
472.76291944444444,-96.0,0.0
472.8157361111111,1.0,97.0
473.56666666666666,1.0,0.0
473.57166666666666,-11.0,-12.0
473.6616666666667,-11.0,0.0
473.68409722222225,1.0,12.0
473.76666666666665,1.0,0.0
473.78324583333335,-10.0,-11.0
473.81047916666665,-10.0,0.0
473.8333333333333,1.0,11.0
473.9151513888889,1.0,0.0
473.93067916666666,-16.0,-17.0
473.965,-16.0,0.0
473.98122083333334,1.0,17.0
474.2649513888889,1.0,0.0
474.2780625,-23.0,-24.0
474.32022222222224,-23.0,0.0
474.34120138888886,0.0,23.0
474.6666666666667,-9.64327e-16,-9.64327e-16
474.6699986111111,-96.0,-96.0
474.73000138888887,-96.0,0.0
474.76191944444446,-9.64327e-16,96.0
474.8333333333333,0.0,9.64327e-16
474.835,-24.0,-24.0
474.85999305555555,-24.0,0.0
474.8788263888889,1.0,25.0
475.2835486111111,1.0,0.0
475.2966597222222,-28.0,-29.0
475.3358611111111,-28.0,0.0
475.35111805555556,3.0,31.0
475.47350555555556,3.0,0.0
475.50166666666667,-33.0,-36.0
475.5524097222222,-33.0,0.0
475.57625,0.0,33.0
475.67024305555555,0.0,0.0
475.68501944444444,-20.0,-20.0
475.7063972222222,-20.0,0.0
475.72904166666666,4.0,24.0
475.9991694444444,4.0,0.0
476.035,-24.0,-28.0
476.052125,-24.0,0.0
476.07596527777775,2.0,26.0
476.56666666666666,2.0,0.0
476.5683333333333,-24.0,-26.0
476.6155,-24.0,0.0
476.64005555555553,1.0,25.0
476.74644722222223,1.0,0.0
476.7683333333333,-24.0,-25.0
476.78444583333334,-24.0,0.0
476.81654444444445,3.0,27.0
476.9124166666667,3.0,0.0
476.93666527777776,-16.0,-19.0
476.9966680555556,-16.0,0.0
477.018825,3.0,19.0
477.3,3.0,0.0
477.3195486111111,-30.0,-33.0
477.3470027777778,-30.0,0.0
477.3701277777778,2.0,32.0
477.76945555555557,2.0,0.0
477.7949472222222,-11.0,-13.0
477.90239722222225,-11.0,0.0
477.9223111111111,2.0,13.0
477.9799791666667,2.0,0.0
477.99547083333334,-24.0,-26.0
478.04643194444446,-24.0,0.0
478.07050694444445,8.0,32.0
478.1755972222222,8.0,0.0
478.20166666666665,-21.0,-29.0
478.2187916666667,-21.0,0.0
478.2404861111111,4.0,25.0
478.5133055555556,4.0,0.0
478.53330555555556,-96.0,-100.0
479.3856138888889,-96.0,0.0
479.427925,2.0,98.0
479.49213194444445,2.0,0.0
479.5095347222222,-27.0,-29.0
479.5173611111111,-27.0,0.0
479.53619444444445,5.0,32.0
479.63690972222224,5.0,0.0
479.64859027777777,-19.0,-24.0
479.66929166666665,-19.0,0.0
479.6917013888889,1.0,20.0
479.9166,1.0,0.0
479.93666527777776,-18.0,-19.0
479.9966680555556,-18.0,0.0
480.01464166666665,1.0,19.0
480.06666666666666,1.0,0.0
480.10234444444444,-10.0,-11.0
480.1616666666667,-10.0,0.0
480.1889777777778,6.0,16.0
480.2150722222222,6.0,0.0
480.22746805555556,-23.0,-29.0
480.3300013888889,-23.0,0.0
480.3500666666667,1.0,24.0
480.44784166666665,1.0,0.0
480.4716666666667,-21.0,-22.0
480.54005277777776,-21.0,0.0
480.56666666666666,1.0,22.0
480.61729722222225,1.0,0.0
480.6383333333333,-12.0,-13.0
480.7401861111111,-12.0,0.0
480.75215833333334,1.0,13.0
480.9759652777778,1.0,0.0
480.98907638888886,-24.0,-25.0
480.9997638888889,-24.0,0.0
481.0264652777778,2.0,26.0
481.1333333333333,2.0,0.0
481.135,-25.0,-27.0
481.16070833333333,-25.0,0.0
481.18025694444447,3.0,28.0
481.4,3.0,0.0
481.40166666666664,-28.0,-31.0
481.4406763888889,-28.0,0.0
481.4630861111111,2.0,30.0
481.6096277777778,2.0,0.0
481.63666527777775,-96.0,-98.0
481.6820263888889,-96.0,0.0
481.7,2.0,98.0
481.72012222222224,2.0,0.0
481.7345736111111,-28.0,-30.0
481.7492638888889,-28.0,0.0
481.76380555555556,1.0,29.0
481.8402013888889,1.0,0.0
481.8552152777778,-96.0,-97.0
481.9774027777778,-96.0,0.0
482.01984305555555,7.0,103.0
482.0304111111111,7.0,0.0
482.0508611111111,-13.0,-20.0
482.1716625,-13.0,0.0
482.1976652777778,7.0,20.0
482.75845555555554,7.0,0.0
482.76093055555555,-96.0,-103.0
482.95666666666665,-96.0,0.0
482.96666666666664,-96.0,0.0
485.8,-96.0,0.0
485.8016666666667,-96.0,0.0
485.8280902777778,-96.0,0.0
485.84906944444447,3.0,99.0
486.00700555555557,3.0,0.0
486.02154722222224,-20.0,-23.0
486.09095833333333,-20.0,0.0
486.10693055555555,0.0,20.0
486.20335277777775,0.0,0.0
486.235,-22.0,-22.0
486.265,-22.0,0.0
486.2824027777778,1.0,23.0
486.4012611111111,1.0,0.0
486.435,-14.0,-15.0
486.465,-14.0,0.0
486.4889777777778,1.0,15.0
486.8068388888889,1.0,0.0
486.835,-14.0,-15.0
486.8719722222222,-14.0,0.0
486.88758333333334,1.0,15.0
486.97908333333334,1.0,0.0
487.00166666666667,-96.0,-97.0
487.04025,-96.0,0.0
487.063375,3.0,99.0
487.1666666666667,3.0,0.0
487.1833541666667,-41.0,-44.0
487.1995416666667,-41.0,0.0
487.2176597222222,3.0,44.0
487.37699166666664,3.0,0.0
487.40166666666664,-26.0,-29.0
487.43218194444444,-26.0,0.0
487.4603138888889,3.0,29.0
487.57390694444445,3.0,0.0
487.592025,-29.0,-32.0
487.65355555555556,-29.0,0.0
487.68025694444447,5.0,34.0
487.94449305555554,5.0,0.0
487.9649847222222,-96.0,-101.0
488.1250013888889,-96.0,0.0
488.1333333333333,-96.0,0.0
489.2,-96.0,0.0
489.20333194444447,-96.0,0.0
489.26793333333336,-96.0,0.0
489.30243055555553,3.0,99.0
489.36882777777777,3.0,0.0
489.3848,-20.0,-23.0
489.4557013888889,-20.0,0.0
489.4788263888889,2.0,22.0
489.9530763888889,2.0,0.0
489.9754791666667,-96.0,-98.0
490.1474347222222,-96.0,0.0
490.20537777777776,1.0,97.0
490.3666666666667,1.0,0.0
490.4109833333333,-21.0,-22.0
490.43333333333334,-21.0,0.0
490.44666527777775,-96.0,-75.0
490.4800861111111,-96.0,0.0
490.5,-96.0,0.0
490.6866680555556,-96.0,0.0
490.7,1.0,97.0
490.73333333333335,1.0,0.0
490.74476111111113,-21.0,-22.0
490.75384444444444,-21.0,0.0
490.76666666666665,1.0,22.0
490.8,1.0,0.0
490.8182472222222,-22.0,-23.0
490.88384444444443,-22.0,0.0
490.9,1.0,23.0
491.06666666666666,1.0,0.0
491.08979444444446,-13.0,-14.0
491.1498138888889,-13.0,0.0
491.1868861111111,1.0,14.0
491.3443555555556,1.0,0.0
491.37166666666667,-96.0,-97.0
491.47979444444445,-96.0,0.0
491.4987388888889,1.0,97.0
491.522875,1.0,0.0
491.535,-4.0,-5.0
491.55105555555554,-4.0,0.0
491.56666666666666,1.0,5.0
491.6473541666667,1.0,0.0
491.66404166666666,-22.0,-23.0
491.67544444444445,-22.0,0.0
491.6971388888889,3.0,25.0
491.8,3.0,0.0
491.80333194444444,-16.0,-19.0
491.8424180555556,-16.0,0.0
491.8666666666667,3.0,19.0
492.010325,3.0,0.0
492.035,-20.0,-23.0
492.0428263888889,-20.0,0.0
492.0630902777778,4.0,24.0
492.3408694444444,4.0,0.0
492.36833333333334,-25.0,-29.0
492.3983333333333,-25.0,0.0
492.4236041666667,1.0,26.0
492.4513277777778,1.0,0.0
492.4699986111111,-22.0,-23.0
492.4888652777778,-22.0,0.0
492.50823333333335,1.0,23.0
492.5548138888889,1.0,0.0
492.5699986111111,-18.0,-19.0
492.60002083333336,-18.0,0.0
492.6333333333333,1.0,19.0
492.7,1.0,0.0
492.70333194444447,-24.0,-25.0
492.7683416666667,-24.0,0.0
492.788125,2.0,26.0
492.91102222222224,2.0,0.0
492.93666527777776,-13.0,-15.0
492.9966680555556,-13.0,0.0
493.0237055555556,3.0,16.0
493.0461041666667,3.0,0.0
493.04777083333335,-7.0,-10.0
493.09020833333335,-7.0,0.0
493.0946388888889,3.0,10.0
493.6774222222222,3.0,0.0
493.69190972222225,-24.0,-27.0
493.8121194444444,-24.0,0.0
493.8333333333333,9.0,33.0
493.96666666666664,9.0,0.0
493.9816666666667,-96.0,-105.0
494.25166666666667,-96.0,0.0
494.26666666666665,-96.0,0.0
496.1,-96.0,0.0
496.1016666666667,-96.0,0.0
496.14954861111113,-96.0,0.0
496.1726736111111,4.0,100.0
496.2471444444445,4.0,0.0
496.2683333333333,-13.0,-17.0
496.29833333333335,-13.0,0.0
496.3153388888889,3.0,16.0
496.6928472222222,3.0,0.0
496.70881944444443,-19.0,-22.0
496.75374305555556,-19.0,0.0
496.77901388888887,4.0,23.0
496.8,4.0,0.0
496.8235513888889,-10.0,-14.0
496.9065625,-10.0,0.0
496.93499444444444,4.0,14.0
497.27568055555554,4.0,0.0
497.29379861111113,-23.0,-27.0
497.30520138888886,-23.0,0.0
497.3333333333333,1.0,24.0
498.03333333333336,1.0,0.0
498.035,-30.0,-31.0
498.0632263888889,-30.0,0.0
498.0799138888889,5.0,35.0
498.197775,5.0,0.0
498.22690416666666,-13.0,-18.0
498.2750541666667,-13.0,0.0
498.3,4.0,17.0
498.6552222222222,4.0,0.0
498.6699986111111,-21.0,-25.0
498.75432083333334,-21.0,0.0
498.77553472222223,9.0,30.0
498.94449305555554,9.0,0.0
498.96115972222225,-96.0,-105.0
499.28333333333336,-96.0,0.0
499.3,-96.0,0.0
501.06666666666666,-96.0,0.0
501.0683333333333,-96.0,0.0
501.1069166666667,-96.0,0.0
501.13075694444444,3.0,99.0
501.18770694444447,3.0,0.0
501.2015333333333,-12.0,-15.0
501.23925,-12.0,0.0
501.2523611111111,2.0,14.0
501.3527222222222,2.0,0.0
501.3699986111111,-13.0,-15.0
501.3958375,-13.0,0.0
501.43333333333334,2.0,15.0
501.4762944444444,2.0,0.0
501.50166666666667,-96.0,-98.0
501.5187916666667,-96.0,0.0
501.53834027777776,2.0,98.0
501.7283263888889,2.0,0.0
501.74286805555556,-21.0,-23.0
501.752125,-21.0,0.0
501.7766805555556,2.0,23.0
502.1,2.0,0.0
502.10333194444445,-7.0,-9.0
502.1633347222222,-7.0,0.0
502.1666666666667,2.0,9.0
502.362375,2.0,0.0
502.38144305555556,-23.0,-25.0
502.4421611111111,-23.0,0.0
502.46194444444444,3.0,26.0
502.58308611111113,3.0,0.0
502.60120416666666,-16.0,-19.0
502.62715833333334,-16.0,0.0
502.66469027777777,2.0,18.0
502.6881472222222,2.0,0.0
502.7210361111111,-96.0,-98.0
502.77756944444445,-96.0,0.0
502.81812777777776,2.0,98.0
503.1333333333333,2.0,0.0
503.1516652777778,-96.0,-98.0
503.79608333333334,-96.0,0.0
503.85834027777776,3.0,99.0
503.8733722222222,3.0,0.0
503.9001388888889,-96.0,-99.0
503.9592777777778,-96.0,0.0
504.0101291666667,0.0,96.0
504.1333333333333,1.92865e-15,1.92865e-15
504.1554902777778,-22.0,-22.000000000000004
504.18063194444443,-22.0,0.0
504.2,2.0,24.0
504.56666666666666,2.0,0.0
504.5699986111111,-11.0,-13.0
504.6300013888889,-11.0,0.0
504.6333333333333,2.0,13.0
504.7218888888889,2.0,0.0
504.74188888888887,-96.0,-98.0
505.3143263888889,-96.0,0.0
505.3343263888889,1.0,97.0
505.8287569444444,1.0,0.0
505.84710277777776,-96.0,-97.0
506.1845083333333,-96.0,0.0
506.2021388888889,1.0,97.0
506.222875,1.0,0.0
506.235,-16.0,-17.0
506.25175277777777,-16.0,0.0
506.26666666666665,1.0,17.0
506.4186916666667,1.0,0.0
506.43666527777776,-96.0,-97.0
506.4729625,-96.0,0.0
506.5,1.0,97.0
506.57629444444444,1.0,0.0
506.605,-96.0,-97.0
506.6817527777778,-96.0,0.0
506.70697222222225,1.0,97.0
506.73333333333335,1.0,0.0
506.7568847222222,-17.0,-18.0
506.7883013888889,-17.0,0.0
506.8069722222222,1.0,18.0
506.8492361111111,1.0,0.0
506.86833333333334,-20.0,-21.0
506.8983333333333,-20.0,0.0
506.9171666666667,-1.0,19.0
507.06666666666666,-1.0,0.0
507.08335416666665,-32.0,-31.0
507.1069166666667,-32.0,0.0
507.1250347222222,1.0,33.0
507.1839638888889,1.0,0.0
507.20166666666665,-5.0,-6.0
507.2316666666667,-5.0,0.0
507.23333333333335,1.0,6.0
507.38535833333333,1.0,0.0
507.40333194444446,-22.0,-23.0
507.4312625,-22.0,0.0
507.46666666666664,1.0,23.0
507.76666666666665,1.0,0.0
507.7899986111111,-96.0,-97.0
508.2100013888889,-96.0,0.0
508.23333333333335,-96.0,0.0
509.1,-96.0,0.0
509.10333194444445,-96.0,0.0
509.1507125,-96.0,0.0
509.24665555555555,3.0,99.0
509.3235722222222,3.0,0.0
509.3366652777778,-6.0,-9.0
509.37993472222223,-6.0,0.0
509.4,3.0,9.0
509.76666666666665,3.0,0.0
509.7866666666667,-96.0,-99.0
510.84763888888887,-96.0,0.0
510.8676388888889,5.0,101.0
511.5,5.0,0.0
511.505,-1.0,-6.0
511.5859361111111,-1.0,0.0
511.6,5.0,6.0
511.73333333333335,5.0,0.0
511.75549027777777,-30.0,-35.0
511.7694763888889,-30.0,0.0
511.8,5.0,35.0
511.88256944444447,5.0,0.0
511.90333194444446,-8.0,-13.0
511.9312625,-8.0,0.0
511.96666666666664,5.0,13.0
512.0907013888889,5.0,0.0
512.1107083333334,-96.0,-101.0
512.385,-96.0,0.0
512.4,-96.0,0.0
513.5,-96.0,0.0
513.5016666666667,-96.0,0.0
513.5367708333333,-96.0,0.0
513.589125,1.0,97.0
513.6804777777778,1.0,0.0
513.7016666666667,-31.0,-32.0
513.7161111111111,-31.0,0.0
513.7419166666666,1.0,32.0
513.8443555555556,1.0,0.0
513.8683333333333,-21.0,-22.0
513.8899666666666,-21.0,0.0
513.9,1.0,22.0
514.0788263888888,1.0,0.0
514.0919375,-11.0,-12.0
514.0961875,-11.0,0.0
514.110013888889,0.0,11.0
514.6416319444445,0.0,0.0
514.6623541666667,-96.0,-96.0
515.5393791666667,-96.0,0.0
515.5767986111111,1.0,97.0
515.6443555555555,1.0,0.0
515.669998611111,-31.0,-32.0
515.6979291666667,-31.0,0.0
515.7333333333333,1.0,32.0
516.1005097222222,1.0,0.0
516.1153444444444,-96.0,-97.0
516.2359833333334,-96.0,0.0
516.2968472222223,1.0,97.0
516.4333333333333,1.0,0.0
516.4624625,-15.0,-16.0
516.4966680555556,-15.0,0.0
516.5153388888889,1.0,16.0
516.7534194444445,1.0,0.0
516.7683333333333,-28.0,-29.0
516.8067,-28.0,0.0
516.8264944444444,1.0,29.0
517.2061416666667,1.0,0.0
517.2210555555556,-11.0,-12.0
517.2399,-11.0,0.0
517.2666666666667,1.0,12.0
517.5333333333333,1.0,0.0
517.5383333333333,-96.0,-97.0
517.6283333333333,-96.0,0.0
517.6758638888889,1.0,97.0
517.8991694444444,1.0,0.0
517.9170166666667,-34.0,-35.0
517.9771597222223,-34.0,0.0
517.9988541666667,1.0,35.0
518.0541819444444,1.0,0.0
518.0708694444445,-30.0,-31.0
518.1305069444444,-30.0,0.0
518.1640902777777,1.0,31.0
518.4755972222222,1.0,0.0
518.4856305555555,-37.0,-38.0
518.4998583333333,-37.0,0.0
518.5333333333333,1.0,38.0
518.6,1.0,0.0
518.6100333333334,-7.0,-8.0
518.6316666666667,-7.0,0.0
518.6521583333333,1.0,8.0
518.7333333333333,1.0,0.0
518.7383333333333,-96.0,-97.0
518.8283333333334,-96.0,0.0
518.8333333333334,1.0,97.0
519.3550194444445,1.0,0.0
519.3583472222223,-96.0,-97.0
519.7399347222222,-96.0,0.0
519.7754180555555,3.0,99.0
519.9124166666667,3.0,0.0
519.9383333333334,-16.0,-19.0
519.9899861111111,-16.0,0.0
520.0207833333334,3.0,19.0
520.2839638888889,3.0,0.0
520.3016666666666,-23.0,-26.0
520.3205111111112,-23.0,0.0
520.3333333333334,1.0,24.0
520.5666666666667,1.0,0.0
520.5699986111111,-15.0,-16.0
520.6090847222222,-15.0,0.0
520.6333333333333,1.0,16.0
520.6699583333333,1.0,0.0
520.6899583333334,-96.0,-97.0
521.08,-96.0,0.0
521.1,-96.0,0.0
522.8,-96.0,0.0
522.8016666666666,-96.0,0.0
522.8345277777778,-96.0,0.0
522.8512152777778,-1.0,95.0
522.8790833333334,-1.0,0.0
522.9033319444444,-12.0,-11.0
522.9863430555556,-12.0,0.0
523.0015277777778,-1.0,11.0
523.0666666666667,-1.0,0.0
523.0716666666667,-96.0,-95.0
523.1616666666666,-96.0,0.0
523.1945555555556,-1.0,95.0
523.3366861111111,-1.0,0.0
523.3493458333334,-28.0,-27.0
523.3682555555556,-28.0,0.0
523.3949930555556,2.0,30.0
523.6029305555555,2.0,0.0
523.6195972222222,-96.0,-98.0
523.8849791666667,-96.0,0.0
523.9047486111111,-96.0,0.0
523.95,-96.0,0.0
523.9666666666667,-96.0,0.0
524.1640638888889,-96.0,0.0
524.2500694444444,4.0,100.0
524.3047472222222,4.0,0.0
524.3186930555555,-8.0,-12.0
524.3933375,-8.0,0.0
524.4282,8.0,16.0
524.5187361111111,8.0,0.0
524.5482513888888,-96.0,-104.0
524.6507847222222,-96.0,0.0
524.6889777777777,0.0,96.0
524.7333333333333,0.0,0.0
524.7543694444445,-12.0,-12.0
524.8095083333334,-12.0,0.0
524.8333333333334,3.0,15.0
525.0131138888889,3.0,0.0
525.0383333333333,-96.0,-99.0
525.1367,-96.0,0.0
525.1925972222223,4.0,100.0
525.3885555555555,4.0,0.0
525.4068875,-96.0,-100.0
526.560175,-96.0,0.0
526.5785069444445,0.0,96.0
526.5916333333333,-9.64327e-16,-9.64327e-16
526.5960888888889,-14.0,-13.999999999999998
526.6316666666667,-14.0,0.0
526.6465805555556,0.0,14.0
526.7666666666667,0.0,0.0
526.7733333333333,-96.0,-96.0
526.9163416666667,-96.0,0.0
526.9418333333333,0.0,96.0
527.0666666666667,0.0,0.0
527.0889791666667,-20.0,-20.0
527.1057541666667,-20.0,0.0
527.1333333333333,-9.64327e-16,20.0
527.3333333333334,0.0,9.64327e-16
527.3366652777778,-9.0,-9.0
527.3966680555556,-9.0,0.0
527.4,-9.64327e-16,8.999999999999998
527.4666666666667,0.0,9.64327e-16
527.4683333333334,-5.0,-5.0
527.4983333333333,-5.0,0.0
527.5,0.0,5.0
527.5333333333333,0.0,0.0
527.54755,-33.0,-33.0
527.571275,-33.0,0.0
527.5924638888889,-9.64327e-16,33.0
527.6887111111112,0.0,9.64327e-16
527.7217527777777,-29.0,-29.0
527.7398277777778,-29.0,0.0
527.7550847222223,2.0,31.0
527.9333333333333,2.0,0.0
527.9366652777778,-13.0,-15.0
527.9888,-13.0,0.0
528.0092986111111,2.0,15.0
528.3276111111111,2.0,0.0
528.345,-96.0,-98.0
528.6050694444444,-96.0,0.0
528.6246041666667,1.0,97.0
528.7666666666667,1.0,0.0
528.7733333333333,-13.0,-14.0
528.8745083333333,-13.0,0.0
528.9,1.0,14.0
529.2068680555556,1.0,0.0
529.2202069444445,-96.0,-97.0
529.4986888888889,-96.0,0.0
529.5437097222223,3.0,99.0
529.9642361111111,3.0,0.0
529.9809027777778,-96.0,-99.0
530.6139722222222,-96.0,0.0
530.7359555555555,1.0,97.0
531.3506305555555,1.0,0.0
531.3683333333333,-11.0,-12.0
531.3802055555556,-11.0,0.0
531.4,1.0,12.0
531.4450527777777,1.0,0.0
531.4683333333334,-96.0,-97.0
531.4983333333333,-96.0,0.0
531.5299805555555,4.0,100.0
531.6152055555556,4.0,0.0
531.6366652777778,-11.0,-15.0
531.6966680555555,-11.0,0.0
531.7216138888889,4.0,15.0
531.8756805555555,4.0,0.0
531.8966458333333,-96.0,-100.0
532.7260763888889,-96.0,0.0
532.7463263888889,2.0,98.0
533.0145083333333,2.0,0.0
533.0333333333333,-10.7764,-12.7764
533.0383333333333,-24.0,-13.2236
533.0566652777778,-23.0,1.0
533.1102055555556,-23.0,0.0
533.1333333333333,12.0,35.0
533.2139555555556,12.0,0.0
533.2445513888889,-10.0,-22.0
533.2648013888889,-10.0,0.0
533.2743361111111,12.0,22.0
533.3,12.0,0.0
533.3239777777778,-89.0,-101.0
533.3316666666667,-89.0,0.0
533.3528555555556,12.0,101.0
533.4409166666667,12.0,0.0
533.4559166666667,-89.0,-101.0
533.4766680555556,-89.0,0.0
533.5,-96.0,-7.0
533.7516666666667,-96.0,0.0
533.7666666666667,-96.0,0.0
534.6666666666666,-96.0,0.0
534.669998611111,-96.0,0.0
534.7393,-96.0,0.0
534.7597986111111,1.0,97.0
535.1333333333333,1.0,0.0
535.135,-13.0,-14.0
535.165,-13.0,0.0
535.1845486111112,1.0,14.0
535.4333333333333,1.0,0.0
535.4554902777778,-18.0,-19.0
535.4841180555555,-18.0,0.0
535.5,1.0,19.0
535.6061416666666,1.0,0.0
535.6416722222223,-15.0,-16.0
535.6816472222222,-15.0,0.0
535.7,3.0,18.0
535.7867527777778,3.0,0.0
535.8214597222222,-16.0,-19.0
535.8633347222222,-16.0,0.0
535.8889777777778,3.0,19.0
536.3509305555556,3.0,0.0
536.3666527777777,-96.0,-99.0
536.7490763888889,-96.0,0.0
536.7676597222222,2.0,98.0
536.9325027777778,2.0,0.0
536.9683333333334,-19.0,-21.0
536.975325,-19.0,0.0
537.0,2.0,21.0
537.0762944444444,2.0,0.0
537.0898138888889,-20.0,-22.0
537.1072638888888,-20.0,0.0
537.1333333333333,2.0,22.0
537.2,2.0,0.0
537.2151847222223,-19.0,-21.0
537.2354458333333,-19.0,0.0
537.2666666666667,2.0,21.0
537.3464472222222,2.0,0.0
537.3716666666667,-25.0,-27.0
537.4714277777778,-25.0,0.0
537.4868861111111,2.0,27.0
537.5071527777778,2.0,0.0
537.5195486111111,-5.0,-7.0
537.5223680555556,-5.0,0.0
537.537625,6.0,11.0
537.6666666666666,6.0,0.0
537.6794888888888,-19.0,-25.0
537.6899666666667,-19.0,0.0
537.7,6.0,25.0
537.8,6.0,0.0
537.8033319444445,-4.0,-10.0
537.8633347222222,-4.0,0.0
537.8847944444444,6.0,10.0
537.9666666666667,6.0,0.0
537.9828222222222,-10.0,-16.0
538.0051916666666,-10.0,0.0
538.0666666666667,6.0,16.0
538.1251805555555,6.0,0.0
538.1435263888889,-96.0,-102.0
538.3250013888888,-96.0,0.0
538.3333333333334,-96.0,0.0
539.3333333333334,-96.0,0.0
539.3366652777778,-96.0,0.0
539.4052513888889,-96.0,0.0
539.4278958333333,-1.0,95.0
539.5333333333333,-1.0,0.0
539.5492152777778,-20.0,-19.0
539.5834208333333,-20.0,0.0
539.6,-1.0,19.0
539.7,-1.0,0.0
539.7083319444445,-96.0,-95.0
539.8422986111111,-96.0,0.0
539.8666666666667,-1.0,95.0
539.9082333333333,-1.0,0.0
539.9383333333334,-14.0,-13.0
540.0039305555556,-14.0,0.0
540.0556444444444,-1.0,13.0
540.1333333333333,-1.0,0.0
540.1366652777778,-96.0,-95.0
540.1966680555555,-96.0,0.0
540.231375,-1.0,95.0
540.239475,-1.0,0.0
540.2525680555556,-13.0,-12.0
540.2756180555556,-13.0,0.0
540.3333333333334,-1.0,12.0
540.4,-1.0,0.0
540.41,-96.0,-95.0
540.59,-96.0,0.0
540.6,-1.0,95.0
541.0079666666667,-1.0,0.0
541.0387638888889,-96.0,-95.0
541.1708791666666,-96.0,0.0
541.2,2.0,98.0
541.9552222222222,2.0,0.0
541.9702222222222,-96.0,-98.0
542.5597458333333,-96.0,0.0
542.6250361111111,3.0,99.0
542.7721111111111,3.0,0.0
542.8016666666666,-21.0,-24.0
542.8177222222222,-21.0,0.0
542.8437916666667,3.0,24.0
543.0313069444444,3.0,0.0
543.0444180555555,-23.0,-26.0
543.0620777777777,-23.0,0.0
543.1157361111111,7.0,30.0
543.1359888888888,7.0,0.0
543.169998611111,-96.0,-103.0
543.2300013888889,-96.0,0.0
543.2758638888889,4.0,100.0
543.5675708333333,4.0,0.0
543.6273125,-96.0,-100.0
544.2863388888888,-96.0,0.0
544.3140083333333,2.0,98.0
544.6703319444445,2.0,0.0
544.7554458333333,-96.0,-98.0
545.7308333333333,-96.0,0.0
545.8577805555556,2.0,98.0
546.4509305555556,2.0,0.0
546.4759583333333,-96.0,-98.0
546.763375,-96.0,0.0
546.7819652777778,2.0,98.0
546.8422638888889,2.0,0.0
546.8683333333333,-28.0,-30.0
546.8983333333333,-28.0,0.0
546.9278888888889,2.0,30.0
546.9797805555555,2.0,0.0
547.0016666666667,-96.0,-98.0
547.0316666666666,-96.0,0.0
547.0668,2.0,98.0
547.1896041666666,2.0,0.0
547.2030527777778,-33.0,-35.0
547.242125,-33.0,0.0
547.2653347222222,3.0,36.0
547.5280416666667,3.0,0.0
547.5466180555555,-96.0,-99.0
547.8516666666667,-96.0,0.0
547.8666666666667,-96.0,0.0
548.7,-96.0,0.0
548.7016666666667,-96.0,0.0
548.7588472222222,-96.0,0.0
548.7798263888889,8.0,104.0
549.2461458333333,8.0,0.0
549.2997652777777,-96.0,-104.0
550.1402569444444,-96.0,0.0
550.1569236111111,2.0,98.0
550.2,2.0,0.0
550.2066666666667,-8.0,-10.0
550.2813472222222,-8.0,0.0
550.3333333333334,2.0,10.0
550.426025,2.0,0.0
550.4356138888888,-16.0,-18.0
550.4559361111111,-16.0,0.0
550.4745347222222,2.0,18.0
550.6095013888889,2.0,0.0
550.6269041666667,-96.0,-98.0
550.665,-96.0,0.0
550.6866944444445,7.0,103.0
550.8197430555556,7.0,0.0
550.8407152777778,-96.0,-103.0
550.947125,-96.0,0.0
550.9666666666667,0.0,96.0
551.3666666666667,-1.92865e-15,-1.92865e-15
551.3699986111111,-6.0,-5.999999999999998
551.4300013888889,-6.0,0.0
551.45425,0.0,6.0
551.5223111111111,-9.64327e-16,-9.64327e-16
551.5444680555555,-22.0,-22.0
551.5786736111111,-22.0,0.0
551.5994361111111,0.0,22.0
551.8725444444444,10.0,10.0
551.8887375,-96.0,-106.0
552.3756402777777,-96.0,0.0
552.3954097222222,5.0,101.0
552.4333333333333,5.0,0.0
552.4366652777778,-1.0,-6.0
552.4764486111111,-1.0,0.0
552.5,5.0,6.0
552.6506305555556,5.0,0.0
552.669998611111,-10.0,-15.0
552.6881680555556,-10.0,0.0
552.7242694444444,5.0,15.0
553.0,5.0,0.0
553.0291291666666,-19.0,-24.0
553.0542708333334,-19.0,0.0
553.0666666666667,5.0,24.0
553.2287569444444,5.0,0.0
553.2454236111112,-96.0,-101.0
553.5833333333334,-96.0,0.0
553.6,-96.0,0.0
556.5,-96.0,0.0
556.5016666666667,-96.0,0.0
556.5602777777777,-96.0,0.0
556.5819722222222,2.0,98.0
556.6110222222222,2.0,0.0
556.635,-21.0,-23.0
556.6482666666667,-21.0,0.0
556.6666666666666,2.0,23.0
557.0333333333333,2.0,0.0
557.0366652777777,-7.0,-9.0
557.0966680555556,-7.0,0.0
557.1,2.0,9.0
557.1783861111111,2.0,0.0
557.2016666666667,-13.0,-15.0
557.2414277777777,-13.0,0.0
557.2591305555555,2.0,15.0
557.3333333333334,2.0,0.0
557.335,-96.0,-98.0
557.3768527777778,-96.0,0.0
557.4057111111111,2.0,98.0
557.5345944444445,2.0,0.0
557.545325,-24.0,-26.0
557.5697472222222,-24.0,0.0
557.6,2.0,26.0
557.9466388888889,2.0,0.0
557.9683055555555,-96.0,-98.0
558.8775972222222,-96.0,0.0
558.9187861111111,3.0,99.0
558.9297138888888,3.0,0.0
558.9500527777777,-96.0,-99.0
559.0519055555555,-96.0,0.0
559.0945555555555,3.0,99.0
559.2415666666667,3.0,0.0
559.2683333333333,-29.0,-32.0
559.287875,-29.0,0.0
559.3,3.0,32.0
559.5556527777778,3.0,0.0
559.5735208333333,-96.0,-99.0
559.7978680555556,-96.0,0.0
559.8631291666667,1.0,97.0
559.9421375,1.0,0.0
559.9609708333334,-41.0,-42.0
559.9766291666666,-41.0,0.0
560.0135902777778,3.0,44.0
560.0908027777778,3.0,0.0
560.1112944444444,-27.0,-30.0
560.1350194444444,-27.0,0.0
560.1687583333334,3.0,30.0
560.5190277777778,3.0,0.0
560.5342777777778,-96.0,-99.0
560.6886111111111,-96.0,0.0
560.710298611111,2.0,98.0
560.9401722222223,2.0,0.0
560.9683333333334,-15.0,-17.0
560.9983333333333,-15.0,0.0
561.0257972222222,4.0,19.0
561.4645208333334,4.0,0.0
561.4833402777778,-96.0,-100.0
561.6883333333334,-96.0,0.0
561.7,-96.0,0.0
569.3333333333334,-96.0,0.0
569.375,-96.0,0.0
569.4333333333333,-96.0,0.0
569.435,-96.0,0.0
569.4945069444444,-96.0,0.0
569.5217430555556,-96.0,0.0
569.6320722222222,-96.0,0.0
569.6420722222222,-85.0,11.0
569.79,-85.0,0.0
569.835,-96.0,-11.0
569.8379875,-96.0,0.0
569.8687583333333,-96.0,0.0
569.9492152777777,-96.0,0.0
569.9692152777777,-96.0,0.0
570.125,-96.0,0.0
570.1666666666666,-96.0,0.0
570.8156472222222,-96.0,0.0
570.8649305555556,2.0,98.0
570.9450527777777,2.0,0.0
570.9683333333334,-18.0,-20.0
570.9906638888889,-18.0,0.0
571.0,2.0,20.0
571.1333333333333,2.0,0.0
571.14,-9.0,-11.0
571.2056166666666,-9.0,0.0
571.2666666666667,1.0,10.0
571.787125,1.0,0.0
571.802125,-96.0,-97.0
572.1765555555555,-96.0,0.0
572.2055,2.0,98.0
572.2415666666667,2.0,0.0
572.2699986111111,-40.0,-42.0
572.3216347222223,-40.0,0.0
572.3668,2.0,42.0
572.5545069444445,2.0,0.0
572.5745069444445,-96.0,-98.0
573.6383402777777,-96.0,0.0
573.6583402777778,2.0,98.0
573.9333333333333,2.0,0.0
573.9366652777778,-20.0,-22.0
573.9618069444444,-20.0,0.0
574.0,2.0,22.0
574.2417111111112,2.0,0.0
574.2548222222222,-38.0,-40.0
574.2807402777778,-38.0,0.0
574.3114444444444,1.0,39.0
574.7839638888889,1.0,0.0
574.8016666666666,-22.0,-23.0
574.8407305555555,-22.0,0.0
574.8549472222222,1.0,23.0
574.9773277777778,1.0,0.0
574.9897236111111,-21.0,-22.0
575.0316666666666,-21.0,0.0
575.0562222222222,3.0,24.0
575.1333333333333,3.0,0.0
575.1366652777778,-18.0,-21.0
575.1611097222222,-18.0,0.0
575.2,2.0,20.0
575.2596986111112,2.0,0.0
575.2713791666666,-26.0,-28.0
575.2949777777778,-26.0,0.0
575.3361944444445,2.0,28.0
575.4459236111111,2.0,0.0
575.4604652777778,-27.0,-29.0
575.4904652777777,-27.0,0.0
575.5078680555556,5.0,32.0
575.8223194444445,5.0,0.0
575.8456513888889,-96.0,-101.0
576.4544875,-96.0,0.0
576.4778194444444,2.0,98.0
576.5478416666666,2.0,0.0
576.5699986111111,-11.0,-13.0
576.6007180555556,-11.0,0.0
576.6333333333333,2.0,13.0
576.7383513888889,2.0,0.0
576.7514625,-20.0,-22.0
576.7983333333333,-20.0,0.0
576.8135902777777,3.0,23.0
577.1842638888888,3.0,0.0
577.2026097222222,-96.0,-99.0
577.3792583333334,-96.0,0.0
577.4206125,3.0,99.0
577.4755972222222,3.0,0.0
577.4869666666667,-15.0,-18.0
577.6432888888888,-15.0,0.0
577.6643611111111,3.0,18.0
577.9756805555555,3.0,0.0
577.9890125,-96.0,-99.0
578.4565152777777,-96.0,0.0
578.5020458333333,2.0,98.0
578.5487194444445,2.0,0.0
578.5503861111112,-12.0,-14.0
578.5803861111111,-12.0,0.0
578.5820527777778,2.0,14.0
578.6666666666666,2.0,0.0
578.6867319444444,-8.0,-10.0
578.7153597222223,-8.0,0.0
578.7333333333333,2.0,10.0
578.9133055555556,2.0,0.0
578.9316375,-96.0,-98.0
580.2530152777778,-96.0,0.0
580.2713472222222,2.0,98.0
580.4666666666667,2.0,0.0
580.4766666666667,-96.0,-98.0
580.6531805555555,-96.0,0.0
580.6666666666666,2.0,98.0
580.8040069444445,2.0,0.0
580.8199652777778,-96.0,-98.0
581.4516791666666,-96.0,0.0
581.48725,1.0,97.0
581.5485388888889,1.0,0.0
581.5683333333334,-27.0,-28.0
581.5983333333334,-27.0,0.0
581.6181277777778,1.0,28.0
581.8333333333334,1.0,0.0
581.8383333333334,-22.0,-23.0
581.9283333333333,-22.0,0.0
581.9333333333333,-1.0,21.0
582.0248333333333,-1.0,0.0
582.0486583333334,-96.0,-95.0
582.1567861111112,-96.0,0.0
582.1666666666666,-1.0,95.0
582.2948013888889,-1.0,0.0
582.3079125,-31.0,-30.0
582.3269125,-31.0,0.0
582.3562222222222,2.0,33.0
582.7415666666667,2.0,0.0
582.7716666666666,-96.0,-98.0
582.8818861111112,-96.0,0.0
582.902225,2.0,98.0
583.1449236111112,2.0,0.0
583.1630416666667,-96.0,-98.0
583.2293930555555,-96.0,0.0
583.2795194444444,3.0,99.0
583.8688125,3.0,0.0
583.89025,-96.0,-99.0
584.2614833333333,-96.0,0.0
584.3157083333333,2.0,98.0
584.4172972222223,2.0,0.0
584.4293597222222,-24.0,-26.0
584.4559902777778,-24.0,0.0
584.4680527777778,2.0,26.0
584.6892708333334,2.0,0.0
584.7042708333333,-96.0,-98.0
585.2832708333333,-96.0,0.0
585.3061388888889,2.0,98.0
585.6573680555556,2.0,0.0
585.6683333333333,-11.0,-13.0
585.6916069444444,-10.0,1.0
585.7025722222222,4.0,14.0
585.8,4.0,0.0
585.8033319444445,-4.0,-8.0
585.8633347222222,-4.0,0.0
585.8666666666667,4.0,8.0
585.9502638888889,4.0,0.0
585.9695166666667,-96.0,-100.0
586.2517055555555,-96.0,0.0
586.2666666666667,-96.0,0.0
587.2,-96.0,0.0
587.2033319444445,-96.0,0.0
587.2719180555556,-96.0,0.0
587.2981388888888,1.0,97.0
587.4666666666667,1.0,0.0
587.4699986111111,-5.0,-6.0
587.5300013888889,-5.0,0.0
587.5333333333333,1.0,6.0
587.7666666666667,1.0,0.0
587.7699986111111,-10.0,-11.0
587.8111763888888,-10.0,0.0
587.8333333333334,1.0,11.0
587.9124166666667,1.0,0.0
587.935,-26.0,-27.0
587.9644833333333,-26.0,0.0
587.9924166666667,1.0,27.0
588.1666666666666,1.0,0.0
588.169998611111,-8.0,-9.0
588.2300013888889,-8.0,0.0
588.2333333333333,1.0,9.0
588.3666666666667,1.0,0.0
588.4020708333334,-29.0,-30.0
588.4453402777777,-29.0,0.0
588.473075,1.0,30.0
588.911875,1.0,0.0
588.9285416666667,-96.0,-97.0
589.6269513888889,-96.0,0.0
589.6575625,0.0,96.0
589.7511944444444,0.0,0.0
589.7682,-96.0,-96.0
589.8640680555555,-96.0,0.0
589.9060833333333,1.0,97.0
590.0173125,1.0,0.0
590.0323125,-96.0,-97.0
590.3894319444445,-96.0,0.0
590.4268513888888,2.0,98.0
590.5728083333333,2.0,0.0
590.6016666666667,-27.0,-29.0
590.6152152777778,-27.0,0.0
590.6333333333333,3.0,30.0
590.7294722222222,3.0,0.0
590.7478041666667,-96.0,-99.0
591.2194319444444,-96.0,0.0
591.2377638888889,2.0,98.0
591.2774541666666,2.0,0.0
591.2867541666667,-21.0,-23.0
591.3106888888889,-21.0,0.0
591.3333333333334,2.0,23.0
591.8573680555555,2.0,0.0
591.8773680555555,-96.0,-98.0
592.2466666666667,-96.0,0.0
592.2666666666667,-96.0,0.0
594.6333333333333,-96.0,0.0
594.635,-96.0,0.0
594.6760180555556,-96.0,0.0
594.7088680555555,0.0,96.0
594.8138111111111,0.0,0.0
594.835,-96.0,-96.0
594.865,-96.0,0.0
594.8931611111111,7.0,103.0
595.1907013888889,7.0,0.0
595.2097555555556,-96.0,-103.0
595.4533347222222,-96.0,0.0
595.4666666666667,-96.0,0.0
596.4,-96.0,0.0
596.4033319444444,-96.0,0.0
596.4710472222222,-96.0,0.0
596.5311861111111,3.0,99.0
596.6054444444444,3.0,0.0
596.6383333333333,-96.0,-99.0
596.7353055555556,-96.0,0.0
596.7953861111112,12.0,108.0
596.9792569444445,12.0,0.0
596.9966458333333,-96.0,-108.0
597.2216666666667,-96.0,0.0
597.2333333333333,-96.0,0.0
597.8333333333334,-96.0,0.0
597.8383333333334,-96.0,0.0
597.8997472222222,-96.0,0.0
597.9518402777778,1.0,97.0
598.2796875,1.0,0.0
598.2999305555555,-96.0,-97.0
598.6836180555556,-96.0,0.0
598.8043333333334,3.0,99.0
598.8217694444445,3.0,0.0
598.8510069444444,-37.0,-40.0
598.8601916666667,-37.0,0.0
598.8931319444445,3.0,40.0
598.9666666666667,3.0,0.0
599.0037388888888,-15.0,-18.0
599.0665472222222,-15.0,0.0
599.0924638888889,4.0,19.0
599.5480694444444,4.0,0.0
599.5626041666667,-96.0,-100.0
599.7283819444444,-96.0,0.0
599.7835,4.0,100.0
599.8485388888889,4.0,0.0
599.8637958333334,-33.0,-37.0
599.8769361111111,-33.0,0.0
599.9097680555556,4.0,37.0
600.0108888888889,4.0,0.0
600.0386236111111,-96.0,-100.0
600.110688888889,-96.0,0.0
600.1519305555555,4.0,100.0
600.362375,4.0,0.0
600.377375,-96.0,-100.0
600.6516666666666,-96.0,0.0
600.6666666666666,-96.0,0.0
602.6,-96.0,0.0
602.6033319444444,-96.0,0.0
602.6425263888889,-96.0,0.0
602.6859791666667,0.0,96.0
602.8666666666667,0.0,0.0
602.8683333333333,-10.0,-10.0
602.8983333333333,-10.0,0.0
602.9,0.0,10.0
603.4961388888889,0.0,0.0
603.5125763888889,-96.0,-96.0
603.8871319444445,-96.0,0.0
603.9078611111111,1.0,97.0
603.9838305555555,1.0,0.0
604.0064138888889,-96.0,-97.0
604.1191666666666,-96.0,0.0
604.1388416666666,3.0,99.0
604.1433041666667,3.0,0.0
604.1564152777778,-96.0,-99.0
604.193525,-96.0,0.0
604.2214583333333,1.0,97.0
604.3138111111111,1.0,0.0
604.335,-19.0,-20.0
604.3489638888889,-19.0,0.0
604.3666666666667,4.0,23.0
604.8218888888889,4.0,0.0
604.84,-96.0,-100.0
605.3208611111111,-96.0,0.0
605.3529166666667,2.0,98.0
605.4525888888888,2.0,0.0
605.4849333333333,-49.0,-51.0
605.5082430555556,-49.0,0.0
605.5263611111111,2.0,51.0
605.6436583333333,2.0,0.0
605.6716666666666,-11.0,-13.0
605.7498138888889,-11.0,0.0
605.7666666666667,2.0,13.0
605.8725013888888,2.0,0.0
605.8841819444444,-28.0,-30.0
605.9135388888889,-28.0,0.0
605.9505,0.0,28.0
606.5,-9.64327e-16,-9.64327e-16
606.5116666666667,-22.0,-22.0
606.7112083333334,-22.0,0.0
606.7333333333333,2.0,24.0
606.8138111111111,2.0,0.0
606.8416652777778,-28.0,-30.0
606.9296152777778,-28.0,0.0
607.0,2.0,30.0
607.2032916666667,2.0,0.0
607.2201861111112,-96.0,-98.0
607.6766680555555,-96.0,0.0
607.7,-96.0,0.0
613.9666666666667,-96.0,0.0
613.9683333333334,-96.0,0.0
614.0645694444445,-96.0,0.0
614.1112555555555,4.0,100.0
614.2797805555556,4.0,0.0
614.305,-11.0,-15.0
614.395,-11.0,0.0
614.4216138888889,4.0,15.0
614.437675,4.0,0.0
614.4683333333334,-61.0,-65.0
614.4983333333333,-5.0,56.0
614.5,4.0,9.0
614.5666666666667,4.0,0.0
614.5794222222222,-96.0,-100.0
614.6171833333333,-96.0,0.0
614.6354833333334,4.0,100.0
614.710325,4.0,0.0
614.7231472222222,-96.0,-100.0
614.7485486111111,-96.0,0.0
614.7666666666667,1.0,97.0
614.8,1.0,0.0
614.8016666666666,-10.0,-11.0
614.8316666666667,-10.0,0.0
614.8333333333334,1.0,11.0
614.8666666666667,1.0,0.0
614.8733333333333,-12.0,-13.0
614.96405,-12.0,0.0
615.0,1.0,13.0
615.4595138888889,1.0,0.0
615.4766666666667,-96.0,-97.0
615.7646736111111,-96.0,0.0
615.7861180555556,2.0,98.0
615.8096277777778,2.0,0.0
615.835,-8.0,-10.0
615.85245,-8.0,0.0
615.8666666666667,2.0,10.0
615.9333333333333,2.0,0.0
615.94,-96.0,-98.0
616.0307166666666,-96.0,0.0
616.0666666666667,2.0,98.0
616.1759652777778,2.0,0.0
616.1912222222222,-15.0,-17.0
616.2164611111111,-15.0,0.0
616.2400486111111,3.0,18.0
616.4178611111112,3.0,0.0
616.4383527777778,-30.0,-33.0
616.4711416666667,-30.0,0.0
616.5200277777777,3.0,33.0
616.58745,3.0,0.0
616.5998458333333,-96.0,-99.0
616.6195069444444,-96.0,0.0
616.6361944444444,4.0,100.0
617.6806875,4.0,0.0
617.6940194444444,-96.0,-100.0
618.3288166666666,-96.0,0.0
618.3932625,4.0,100.0
618.559875,4.0,0.0
618.5766083333333,12.0,8.0
618.8323305555556,12.0,0.0
618.8506625,-96.0,-108.0
618.9483347222222,-96.0,0.0
618.9666666666667,-96.0,0.0
620.4666666666667,-96.0,0.0
620.4683333333334,-96.0,0.0
620.48975,-96.0,0.0
620.5107291666667,0.0,96.0
620.7471444444444,0.0,0.0
620.7683333333333,-27.0,-27.0
620.7955444444444,-27.0,0.0
620.8264944444444,3.0,30.0
621.062375,3.0,0.0
621.0740555555556,-30.0,-33.0
621.0870333333334,-30.0,0.0
621.1107291666667,2.0,32.0
621.1666666666666,2.0,0.0
621.1716666666666,-96.0,-98.0
621.2616666666667,-96.0,0.0
621.289675,-1.0,95.0
621.509013888889,-1.0,0.0
621.5240138888889,-96.0,-95.0
621.8183333333334,-96.0,0.0
621.8333333333334,-96.0,0.0
623.0333333333333,-96.0,0.0
623.035,-96.0,0.0
623.0686847222222,-96.0,0.0
623.0931319444444,0.0,96.0
623.1094944444444,0.0,0.0
623.1285916666667,-12.0,-12.0
623.1999986111111,-12.0,0.0
623.2227791666667,0.0,12.0
623.4,0.0,0.0
623.4099833333333,-25.0,-25.0
623.4330902777778,-25.0,0.0
623.4472319444444,0.0,25.0
623.5918472222222,0.0,0.0
623.6070972222223,-96.0,-96.0
623.7785972222222,-96.0,0.0
623.7988541666666,1.0,97.0
623.9,1.0,0.0
623.9450138888889,-96.0,-97.0
624.037125,-96.0,0.0
624.0598277777777,1.0,97.0
624.1145083333333,1.0,0.0
624.1366652777778,-15.0,-16.0
624.1966680555555,-15.0,0.0
624.218825,1.0,16.0
624.2249166666667,1.0,0.0
624.2447,-29.0,-30.0
624.2660375,-29.0,0.0
624.2922583333333,3.0,32.0
624.3,3.0,0.0
624.3135194444444,-14.0,-17.0
624.3316666666667,-14.0,0.0
624.3507638888889,3.0,17.0
624.4,3.0,0.0
624.4409819444444,-13.0,-16.0
624.4633347222223,-13.0,0.0
624.49595,3.0,16.0
624.5145083333333,3.0,0.0
624.5366652777777,-96.0,-99.0
624.5966680555556,-96.0,0.0
624.7366555555556,3.0,99.0
624.8749652777777,3.0,0.0
624.8937847222222,-96.0,-99.0
625.2404027777778,-96.0,0.0
625.2585069444444,1.0,97.0
625.3333333333334,1.0,0.0
625.3366652777778,-27.0,-28.0
625.3750541666667,-27.0,0.0
625.4,1.0,28.0
625.4666666666667,1.0,0.0
625.4716666666667,-7.0,-8.0
625.5616666666666,-7.0,0.0
625.5666666666667,1.0,8.0
625.7447777777778,1.0,0.0
625.7578888888889,-7.0,-8.0
625.765,-7.0,0.0
625.7773958333333,1.0,8.0
625.8666666666667,1.0,0.0
625.8699986111111,-96.0,-97.0
625.9300013888889,-96.0,0.0
625.9842305555555,1.0,97.0
626.1776888888888,1.0,0.0
626.2016666666667,-10.0,-11.0
626.2316666666667,-10.0,0.0
626.2556444444444,1.0,11.0
626.3333333333334,1.0,0.0
626.335,-10.0,-11.0
626.365,-10.0,0.0
626.3666666666667,1.0,11.0
626.4755972222222,1.0,0.0
626.5033319444444,-19.0,-20.0
626.5542708333334,-19.0,0.0
626.5666666666667,1.0,20.0
626.8333333333334,1.0,0.0
626.8485180555556,-20.0,-21.0
626.8813291666667,-20.0,0.0
626.9,1.0,21.0
626.9860555555556,1.0,0.0
627.0016666666667,-23.0,-24.0
627.027375,-23.0,0.0
627.0476388888889,3.0,26.0
627.5609444444444,3.0,0.0
627.5783333333334,-96.0,-99.0
628.3054791666667,-96.0,0.0
628.3235833333333,2.0,98.0
628.5308555555556,2.0,0.0
628.5425361111111,-96.0,-98.0
628.5660375,-96.0,0.0
628.5961527777778,2.0,98.0
628.6839638888889,2.0,0.0
628.7033319444445,-18.0,-20.0
628.7633347222222,-18.0,0.0
628.8036194444444,2.0,20.0
628.8485388888889,2.0,0.0
628.8716666666667,-96.0,-98.0
628.9763083333333,-96.0,0.0
629.0015277777778,2.0,98.0
629.4054375,2.0,0.0
629.4221041666667,-96.0,-98.0
630.2557013888888,-96.0,0.0
630.2795208333333,4.0,100.0
630.5333333333333,4.0,0.0
630.5383333333333,-96.0,-100.0
630.6401861111111,-96.0,0.0
630.6598277777778,4.0,100.0
631.0480694444444,4.0,0.0
631.0680694444444,-96.0,-100.0
632.0626,-96.0,0.0
632.1021222222222,2.0,98.0
632.2186916666667,2.0,0.0
632.2366652777778,-25.0,-27.0
632.2896958333333,-25.0,0.0
632.3,2.0,27.0
632.4666666666667,2.0,0.0
632.4835194444445,-22.0,-24.0
632.5365666666667,-22.0,0.0
632.5666666666667,2.0,24.0
632.7401722222222,2.0,0.0
632.7683333333333,-21.0,-23.0
632.7983333333333,-21.0,0.0
632.8139444444445,2.0,23.0
632.8666666666667,2.0,0.0
632.8864611111111,-20.0,-22.0
632.8983333333333,-20.0,0.0
632.9223111111111,2.0,22.0
633.0333333333333,2.0,0.0
633.0366652777777,-15.0,-17.0
633.0687791666667,-15.0,0.0
633.1,2.0,17.0
633.4057222222223,2.0,0.0
633.429075,-96.0,-98.0
633.5733555555555,-96.0,0.0
633.5945625,3.0,99.0
633.7333333333333,3.0,0.0
633.7366652777778,-96.0,-99.0
633.8203736111111,-96.0,0.0
633.8502,3.0,99.0
634.0333333333333,3.0,0.0
634.0383333333333,-8.0,-11.0
634.14925,-8.0,0.0
634.1668,3.0,11.0
634.3351541666667,3.0,0.0
634.3371458333334,-15.0,-18.0
634.3828819444444,-15.0,0.0
634.3995694444444,3.0,18.0
634.7,3.0,0.0
634.7163083333334,-30.0,-33.0
634.7274833333333,-30.0,0.0
634.7333333333333,3.0,33.0
634.7870805555556,3.0,0.0
634.8059069444445,-96.0,-99.0
634.8059083333334,-96.0,0.0
634.8422555555555,5.0,101.0
634.9666666666667,5.0,0.0
634.9923097222222,-20.0,-25.0
635.0244236111112,-20.0,0.0
635.0333333333333,5.0,25.0
635.2,5.0,0.0
635.2133319444445,-96.0,-101.0
635.4533347222222,-96.0,0.0
635.4666666666667,-96.0,0.0
642.1,-96.0,0.0
642.1016666666667,-96.0,0.0
642.1294013888889,-96.0,0.0
642.1733888888889,0.0,96.0
642.2513277777778,0.0,0.0
642.2699986111111,-10.0,-10.0
642.330001388889,-10.0,0.0
642.3333333333334,0.0,10.0
642.6,0.0,0.0
642.605,-96.0,-96.0
642.6754777777778,-96.0,0.0
642.7,0.0,96.0
642.7666666666667,0.0,0.0
642.7716666666666,-14.0,-14.0
642.8616666666667,-14.0,0.0
642.8666666666667,-9.64327e-16,13.999999999999998
643.2466388888889,0.0,9.64327e-16
643.2616388888889,-96.0,-96.0
643.8156041666666,-96.0,0.0
643.8306041666667,3.0,99.0
644.0333333333333,3.0,0.0
644.0366652777777,-8.0,-11.0
644.0966680555556,-8.0,0.0
644.1181277777778,0.0,8.0
644.3,0.0,0.0
644.3033319444445,-20.0,-20.0
644.3633347222222,-20.0,0.0
644.3833319444444,3.0,23.0
644.5145083333333,3.0,0.0
644.5366652777777,-10.0,-13.0
644.5806319444445,-10.0,0.0
644.6,3.0,13.0
644.6666666666666,3.0,0.0
644.6716666666666,-7.0,-10.0
644.7616666666667,-7.0,0.0
644.7666666666667,3.0,10.0
645.4504291666667,3.0,0.0
645.4504305555555,-96.0,-99.0
645.7833333333333,-96.0,0.0
645.8,-96.0,0.0
649.9,-96.0,0.0
649.9033319444444,-96.0,0.0
650.0500611111111,-96.0,0.0
650.0998430555555,1.0,97.0
650.3,1.0,0.0
650.3033319444445,-8.0,-9.0
650.3633347222222,-8.0,0.0
650.3666666666667,1.0,9.0
650.719388888889,1.0,0.0
650.7366652777778,-26.0,-27.0
650.7680819444445,-26.0,0.0
650.8,1.0,27.0
651.639475,1.0,0.0
651.6716666666666,-12.0,-13.0
651.7790972222223,-12.0,0.0
651.8098944444445,1.0,13.0
652.1804777777778,1.0,0.0
652.2026347222222,-96.0,-97.0
652.2514819444444,-96.0,0.0
652.2861888888889,1.0,97.0
652.2909361111111,1.0,0.0
652.3051527777777,-13.0,-14.0
652.3316666666667,-13.0,0.0
652.3437916666667,1.0,14.0
652.3513277777778,1.0,0.0
652.3666680555556,-23.0,-24.0
652.4022680555555,-23.0,0.0
652.4333333333333,3.0,26.0
652.5436583333334,3.0,0.0
652.5699625,-19.0,-22.0
652.7218861111111,-19.0,0.0
652.7491041666667,1.0,20.0
652.7789722222223,1.0,0.0
652.8006388888889,-96.0,-97.0
653.245,-96.0,0.0
653.2666666666667,-96.0,0.0
659.2,-96.0,0.0
659.2083319444445,-96.0,0.0
659.2333333333333,-96.0,0.0
659.235,-96.0,0.0
659.2721527777778,-96.0,0.0
659.2895555555556,-1.0,95.0
659.3583347222223,-1.0,0.0
659.3666666666667,1.0,2.0
659.7666666666667,1.0,0.0
659.7716666666666,-4.0,-5.0
659.8616666666667,-4.0,0.0
659.8666666666667,1.0,5.0
659.9998666666667,1.0,0.0
660.0182666666667,-25.0,-26.0
660.0431513888889,-25.0,0.0
660.07525,1.0,26.0
660.1666666666666,1.0,0.0
660.1683333333333,-20.0,-21.0
660.1983333333334,-20.0,0.0
660.2185972222222,1.0,21.0
660.6332,1.0,0.0
660.6513180555555,-41.0,-42.0
660.6760222222222,-41.0,0.0
660.7253236111111,4.0,45.0
660.7781583333333,4.0,0.0
660.7923097222222,-4.0,-8.0
660.8378555555555,-4.0,0.0
660.8505763888888,1.0,5.0
661.2785416666667,1.0,0.0
661.2968875,-96.0,-97.0
662.115675,-96.0,0.0
662.1361666666667,1.0,97.0
662.24575,1.0,0.0
662.2631527777778,-28.0,-29.0
662.2757513888889,-28.0,0.0
662.3114444444444,1.0,29.0
662.4693222222222,1.0,0.0
662.4863277777778,-55.0,-56.0
662.5079611111111,-55.0,0.0
662.5340736111111,0.0,55.0
662.8,0.0,0.0
662.8066666666666,-8.0,-8.0
662.9266666666666,-8.0,0.0
662.9333333333333,0.0,8.0
663.1666666666666,0.0,0.0
663.169998611111,-96.0,-96.0
663.2174513888889,-96.0,0.0
663.2333333333333,0.0,96.0
663.3333333333334,-9.64327e-16,-9.64327e-16
663.3366652777778,-8.0,-7.999999999999999
663.3966680555556,-8.0,0.0
663.4,0.0,8.0
663.6359888888888,-9.64327e-16,-9.64327e-16
663.6683333333333,-96.0,-96.0
663.6948472222223,-96.0,0.0
663.7230083333334,-9.64327e-16,96.0
663.8211736111111,0.0,9.64327e-16
663.8447708333333,-96.0,-96.0
663.9333402777778,-96.0,0.0
663.9806972222223,1.0,97.0
664.1666666666666,1.0,0.0
664.1923097222223,-96.0,-97.0
664.2202402777777,-96.0,0.0
664.2563416666667,1.0,97.0
664.3333333333334,1.0,0.0
664.3619208333333,-9.0,-10.0
664.4331152777778,-9.0,0.0
664.4666666666667,1.0,10.0
664.7333333333333,1.0,0.0
664.7366652777778,-7.0,-8.0
664.7966680555555,-7.0,0.0
664.8202194444444,1.0,8.0
664.9763958333333,1.0,0.0
664.9947416666666,-96.0,-97.0
665.1583347222222,-96.0,0.0
665.1666666666666,-96.0,0.0
671.5333333333333,-96.0,0.0
671.535,-96.0,0.0
671.5692916666667,-96.0,0.0
671.5888402777778,0.0,96.0
671.6186916666667,0.0,0.0
671.635,-9.0,-9.0
671.665,-9.0,0.0
671.6875833333334,-1.92865e-15,8.999999999999998
671.7207833333333,-2.89298e-15,-9.6433e-16
671.7366652777778,-96.0,-96.0
671.7966680555555,-96.0,0.0
671.8299805555556,-2.89298e-15,96.0
671.9654888888889,0.0,2.89298e-15
671.975023611111,-9.0,-9.0
671.9918958333334,-9.0,0.0
672.0,-1.92865e-15,8.999999999999998
672.2892708333334,0.0,1.92865e-15
672.3057083333333,-96.0,-96.0
672.49,-96.0,0.0
672.5,-96.0,0.0
673.3333333333334,-96.0,0.0
673.335,-96.0,0.0
673.3864583333333,-96.0,0.0
673.4117291666666,2.0,98.0
675.7423472222222,2.0,0.0
675.7573472222223,-96.0,-98.0
676.8055694444445,-96.0,0.0
676.8286722222222,2.0,98.0
676.9909361111111,2.0,0.0
677.0059583333333,-13.0,-15.0
677.0145,-13.0,0.0
677.0333333333333,6.0,19.0
677.5521708333333,6.0,0.0
677.5641916666667,-37.0,-43.0
677.5983333333334,-7.0,30.0
677.6,6.0,13.0
678.0580833333333,6.0,0.0
678.0766666666667,-96.0,-102.0
678.2852777777778,-96.0,0.0
678.3,2.977,98.977
678.3016666666666,-3.0,-5.977
678.3038611111111,-2.0,1.0
678.3316666666667,-2.0,0.0
678.3333333333334,5.0,7.0
678.5397458333333,5.0,0.0
678.5629055555555,-14.0,-19.0
678.6896305555556,-14.0,0.0
678.7026111111111,9.0,23.0
678.8745347222223,9.0,0.0
678.8926527777778,-6.0,-15.0
678.9004791666666,-6.0,0.0
678.9200277777778,11.0,17.0
679.3204583333334,11.0,0.0
679.337138888889,-96.0,-107.0
679.46,-96.0,0.0
679.4666666666667,-96.0,0.0
680.3,-96.0,0.0
680.3033319444445,-96.0,0.0
680.3876541666667,-96.0,0.0
680.4088680555556,2.0,98.0
680.5738347222223,2.0,0.0
680.5869458333333,-21.0,-23.0
680.6044861111111,-21.0,0.0
680.6261805555556,4.0,25.0
680.7333333333333,4.0,0.0
680.7521666666667,-8.0,-12.0
680.7578472222223,-8.0,0.0
680.7745347222223,4.0,12.0
680.9666666666667,4.0,0.0
680.9683333333334,-8.0,-12.0
680.9983333333333,-8.0,0.0
681.0,4.0,12.0
681.1892708333334,4.0,0.0
681.2092708333333,-96.0,-100.0
681.6450902777777,-96.0,0.0
681.6650902777777,2.0,98.0
681.9,2.0,0.0
681.9033319444444,-10.0,-12.0
681.9516,-10.0,0.0
681.9666666666667,2.0,12.0
682.1333333333333,2.0,0.0
682.135,-25.0,-27.0
682.165,-25.0,0.0
682.1974236111112,3.0,28.0
682.6333333333333,3.0,0.0
682.635,-19.0,-22.0
682.6753541666667,-19.0,0.0
682.6908263888889,3.0,22.0
682.8218888888889,3.0,0.0
682.8328541666667,-3.0,-6.0
682.8478333333334,-3.0,0.0
682.8566527777778,3.0,6.0
683.2738194444445,3.0,0.0
683.2921513888889,-96.0,-99.0
683.6150013888889,-96.0,0.0
683.6333333333333,-96.0,0.0
698.3333333333334,-96.0,0.0
698.335,-96.0,0.0
698.3685763888889,-96.0,0.0
698.3874097222222,0.0,96.0
698.4666666666667,0.0,0.0
698.4683333333334,-16.0,-16.0
698.4854583333333,-16.0,0.0
698.5,0.0,16.0
698.6138055555556,-9.64327e-16,-9.64327e-16
698.6154722222223,-11.0,-10.999999999999998
698.6454722222222,-11.0,0.0
698.6471388888889,-9.64327e-16,10.999999999999998
698.9666666666667,-9.64327e-16,0.0
698.9683333333334,-96.0,-96.0
698.9983333333333,-96.0,0.0
699.0,-96.0,0.0
699.3,-96.0,0.0
699.3016666666666,-24.0,72.0
699.3466875,-24.0,0.0
699.3676666666667,5.0,29.0
699.4666666666667,5.0,0.0
699.4683333333334,-11.0,-16.0
699.4983333333333,-11.0,0.0
699.5,5.0,16.0
699.9666666666667,5.0,0.0
699.9683333333334,-12.0,-17.0
699.9983333333333,-12.0,0.0
700.0143055555556,2.0,14.0
700.2666666666667,2.0,0.0
700.2683333333333,-7.0,-9.0
700.2983333333333,-7.0,0.0
700.3,2.0,9.0
700.4466486111111,2.0,0.0
700.4611902777777,-18.0,-20.0
700.4886694444444,-18.0,0.0
700.512875,3.0,21.0
700.9161666666666,3.0,0.0
700.935,-15.0,-18.0
700.965,-15.0,0.0
700.9938472222223,0.0,15.0
701.1333333333333,0.0,0.0
701.135,-16.0,-16.0
701.1380791666667,-16.0,0.0
701.1666666666666,-9.64327e-16,15.999999999999998
701.5666666666667,0.0,9.64327e-16
701.5683333333334,-13.0,-13.0
701.5983333333334,-13.0,0.0
701.6,0.0,13.0
701.8932777777778,0.0,0.0
701.9063888888888,-96.0,-96.0
702.0021944444444,-96.0,0.0
702.0203125,4.0,100.0
702.2333333333333,4.0,0.0
702.235,-13.0,-17.0
702.265,-13.0,0.0
702.2666666666667,4.0,17.0
702.3666666666667,4.0,0.0
702.3683333333333,-5.0,-9.0
702.3983333333333,-5.0,0.0
702.4,4.0,9.0
702.7802472222222,4.0,0.0
702.7885319444445,-25.0,-29.0
702.8040319444444,-25.0,0.0
702.8666666666667,5.0,30.0
702.9666666666667,5.0,0.0
702.9699986111111,-8.0,-13.0
703.0300013888889,-8.0,0.0
703.0333333333333,5.0,13.0
703.4399208333333,5.0,0.0
703.4501708333333,-6.0,-11.0
703.4572819444444,-2.0,4.0
703.4689625,5.0,7.0
703.711875,5.0,0.0
703.7264027777778,-96.0,-101.0
703.955,-96.0,0.0
703.9666666666667,-96.0,0.0
705.4,-96.0,0.0
705.4033319444444,-96.0,0.0
705.4207625,-96.0,0.0
705.4979638888889,0.0,96.0
705.9,0.0,0.0
705.9016666666666,-96.0,-96.0
705.9316666666666,-96.0,0.0
705.9602541666667,-9.64327e-16,96.0
706.8136555555556,0.0,9.64327e-16
706.8253361111111,-22.0,-22.0
706.8428263888889,-22.0,0.0
706.8595138888888,3.0,25.0
707.3666666666667,3.0,0.0
707.3683333333333,-10.0,-13.0
707.3983333333333,-10.0,0.0
707.4,3.0,13.0
707.5333333333333,3.0,0.0
707.535,-8.0,-11.0
707.565,-8.0,0.0
707.5666666666667,3.0,11.0
707.7666666666667,3.0,0.0
707.7785819444445,-14.0,-17.0
707.7999986111112,-14.0,0.0
707.8314722222223,6.0,20.0
708.4437777777778,6.0,0.0
708.4621236111111,-96.0,-102.0
708.6250013888889,-96.0,0.0
708.6333333333333,-96.0,0.0
709.5,-96.0,0.0
709.505,-96.0,0.0
709.5978611111111,-96.0,0.0
709.6193125,3.0,99.0
709.7556222222222,3.0,0.0
709.7680180555556,-15.0,-18.0
709.7883194444445,-15.0,0.0
709.8100138888889,0.0,15.0
710.0,-1.92865e-15,-1.92865e-15
710.0016666666667,-11.0,-10.999999999999998
710.0316666666666,-11.0,0.0
710.0333333333333,-96.0,-85.0
710.3175972222223,-96.0,0.0
710.3385694444445,-96.0,0.0
710.5494097222222,-96.0,0.0
710.5732430555555,4.0,100.0
711.2666666666667,4.0,0.0
711.2683333333333,-15.0,-19.0
711.276875,-15.0,0.0
711.2935625,0.0,15.0
711.3666666666667,0.0,0.0
711.3683333333333,-13.0,-13.0
711.3983333333333,-13.0,0.0
711.4,0.0,13.0
712.2404861111111,0.0,0.0
712.2500208333333,-11.0,-11.0
712.2607083333334,-11.0,0.0
712.2795416666667,10.0,21.0
712.8904166666666,10.0,0.0
712.9082847222222,-96.0,-106.0
713.1233333333333,-96.0,0.0
713.1333333333333,-96.0,0.0
714.1,-96.0,0.0
714.1016666666667,-96.0,0.0
714.1266597222223,-96.0,0.0
714.1490694444444,3.0,99.0
714.4573680555555,3.0,0.0
714.4711944444444,-15.0,-18.0
714.5011944444444,-15.0,0.0
714.5236041666667,3.0,18.0
714.9666666666667,3.0,0.0
714.9859722222222,-96.0,-99.0
715.4593611111111,-96.0,0.0
715.4822430555555,5.0,101.0
716.2075833333333,5.0,0.0
716.22925,-96.0,-101.0
717.0147986111111,-96.0,0.0
717.0364652777778,5.0,101.0
717.2666666666667,5.0,0.0
717.2683333333333,-22.0,-27.0
717.2840277777777,-22.0,0.0
717.3021458333334,2.0,24.0
717.8268958333333,2.0,0.0
717.8466652777778,-96.0,-98.0
718.1531888888888,-96.0,0.0
718.1736736111111,4.0,100.0
718.7975694444444,4.0,0.0
718.8209013888888,-96.0,-100.0
719.2952652777777,-96.0,0.0
719.3185972222223,2.0,98.0
719.7333333333333,6.27466,4.27466
719.7416652777778,3.0,-3.27466
719.8916680555556,4.0,1.0
719.9,7.53529,3.53529
720.7290416666667,12.0,4.46471
720.7457083333334,-96.0,-108.0
721.05,-96.0,0.0
721.0666666666667,-96.0,0.0
732.2666666666667,-96.0,0.0
732.2683333333333,-96.0,0.0
732.3162152777778,-96.0,0.0
732.3371944444444,1.0,97.0
733.1,1.0,0.0
733.1016666666667,-22.0,-23.0
733.1157902777778,-22.0,0.0
733.1360541666667,1.0,23.0
733.7499305555556,1.0,0.0
733.7649305555556,-96.0,-97.0
734.085,-96.0,0.0
734.1,-96.0,0.0
735.6666666666666,-96.0,0.0
735.6683333333333,-96.0,0.0
735.7155,-96.0,0.0
735.7379097222222,1.0,97.0
735.9,1.0,0.0
735.9016666666666,-20.0,-21.0
735.9145,-20.0,0.0
735.9333333333333,0.0,20.0
736.2,0.0,0.0
736.2016666666667,-26.0,-26.0
736.2209375,-26.0,0.0
736.2426319444445,1.0,27.0
736.7,1.0,0.0
736.7033319444445,-21.0,-22.0
736.7561819444444,-21.0,0.0
736.7788263888889,1.0,22.0
737.3466388888888,1.0,0.0
737.3633055555556,-96.0,-97.0
737.6833333333333,-96.0,0.0
737.7,-96.0,0.0
738.6333333333333,-96.0,0.0
738.6366652777778,-96.0,0.0
738.6902305555556,-96.0,0.0
738.7114444444444,2.0,98.0
738.8666666666667,2.0,0.0
738.8747708333333,-10.0,-12.0
738.8876041666666,-10.0,0.0
738.9,3.0,13.0
739.1563125,3.0,0.0
739.1635013888889,-9.0,-12.0
739.1679611111111,-6.0,3.0
739.1779111111111,3.0,9.0
739.6,3.0,0.0
739.6016666666667,-23.0,-26.0
739.6366736111111,-23.0,0.0
739.663375,1.0,24.0
739.9556527777778,1.0,0.0
739.9759097222222,-96.0,-97.0
740.1502708333334,-96.0,0.0
740.1698125,5.0,101.0
740.4092986111111,5.0,0.0
740.4209791666667,-8.0,-13.0
740.4288055555555,-8.0,0.0
740.4462083333333,5.0,13.0
740.5399166666666,5.0,0.0
740.5549166666667,-96.0,-101.0
740.885,-96.0,0.0
740.9,-96.0,0.0
742.8666666666667,-96.0,0.0
742.8683333333333,-96.0,0.0
742.88975,-96.0,0.0
742.9107291666667,2.0,98.0
743.1333333333333,2.0,0.0
743.135,-15.0,-17.0
743.1614236111111,-15.0,0.0
743.1788263888889,2.0,17.0
743.6666666666666,2.0,0.0
743.6849986111112,-96.0,-98.0
744.2846611111111,-96.0,0.0
744.3029930555556,2.0,98.0
744.9351944444444,2.0,0.0
744.9566388888888,-96.0,-98.0
745.1566666666666,-96.0,0.0
745.1666666666666,-96.0,0.0
746.0666666666667,-96.0,0.0
746.0699986111111,-96.0,0.0
746.1357236111111,-96.0,0.0
746.1540763888889,4.0,100.0
746.4,4.0,0.0
746.4138263888889,-17.0,-21.0
746.4187916666667,-17.0,0.0
746.4419166666667,3.0,20.0
746.8628055555556,3.0,0.0
746.8778194444444,-96.0,-99.0
747.3876875,-96.0,0.0
747.4041319444444,2.0,98.0
747.8928472222223,2.0,0.0
747.91,-96.0,-98.0
748.09,-96.0,0.0
748.1,-96.0,0.0
749.6666666666666,-96.0,0.0
749.6683333333333,-96.0,0.0
749.7269444444445,-96.0,0.0
749.7472083333333,2.0,98.0
750.0404861111111,2.0,0.0
750.0550277777778,-18.0,-20.0
750.0664305555556,-18.0,0.0
750.0824027777778,0.0,18.0
750.27425,0.0,0.0
750.2911652777777,-96.0,-96.0
750.4919527777778,-96.0,0.0
750.5117291666667,0.0,96.0
750.9333333333333,0.0,0.0
750.95,-96.0,-96.0
751.7328125,-96.0,0.0
751.7494791666667,0.0,96.0
752.0921319444444,0.0,0.0
752.1078541666667,-96.0,-96.0
752.8271736111111,-96.0,0.0
752.8471875,3.0,99.0
753.0666666666667,3.0,0.0
753.0683333333334,-15.0,-18.0
753.0983333333334,-15.0,0.0
753.1422013888889,3.0,18.0
753.7287569444444,3.0,0.0
753.7487569444445,-96.0,-99.0
754.3176180555555,-96.0,0.0
754.3376180555556,1.0,97.0
754.7333333333333,7.18094,6.18094
754.7366652777778,2.0,-5.18094
754.7966680555555,2.0,0.0
754.8,7.89575,5.89575
755.3097291666667,12.0,4.10425
755.3263958333333,-96.0,-108.0
755.65,-96.0,0.0
755.6666666666666,-96.0,0.0
758.8333333333334,-96.0,0.0
758.835,-96.0,0.0
758.8599930555556,-96.0,0.0
758.8824027777778,0.0,96.0
759.2666666666667,0.0,0.0
759.2683333333333,-19.0,-19.0
759.2854583333333,-19.0,0.0
759.3,2.0,21.0
759.5333333333333,2.0,0.0
759.535,-18.0,-20.0
759.565,-18.0,0.0
759.5838333333334,2.0,20.0
759.7,2.0,0.0
759.7166875,-15.0,-17.0
759.7381041666666,-15.0,0.0
759.7547916666666,3.0,18.0
759.8835486111111,3.0,0.0
759.9016666666666,-24.0,-27.0
759.9166458333333,-24.0,0.0
759.9404861111111,2.0,26.0
760.4914166666666,2.0,0.0
760.5080833333334,-96.0,-98.0
761.0927638888888,-96.0,0.0
761.1180138888889,1.0,97.0
761.4466388888889,1.0,0.0
761.4626111111111,-21.0,-22.0
761.4704375,-21.0,0.0
761.4885555555555,4.0,25.0
761.6509305555555,4.0,0.0
761.65975,-9.0,-13.0
761.6711527777778,-9.0,0.0
761.6828333333333,5.0,14.0
762.0452083333333,5.0,0.0
762.0602222222223,-96.0,-101.0
762.1895625,-96.0,0.0
762.210298611111,0.0,96.0
762.5333333333333,0.0,0.0
762.535,-20.0,-20.0
762.5621388888889,-20.0,0.0
762.5809722222223,2.0,22.0
763.0240347222223,2.0,0.0
763.045,-96.0,-98.0
763.2786041666667,-96.0,0.0
763.2974236111111,5.0,101.0
763.9090138888889,5.0,0.0
763.9273597222223,-96.0,-101.0
764.0916680555556,-96.0,0.0
764.1,-96.0,0.0
765.4,-96.0,0.0
765.4033319444444,-96.0,0.0
765.4747791666666,-96.0,0.0
765.501,3.0,99.0
766.1,3.0,0.0
766.1016666666667,-17.0,-20.0
766.1545555555556,-17.0,0.0
766.1755347222222,3.0,20.0
766.4670972222223,3.0,0.0
766.4854291666667,-96.0,-99.0
767.3425916666666,-96.0,0.0
767.3609236111112,5.0,101.0
768.1814027777777,5.0,0.0
768.197375,-21.0,-26.0
768.2230833333333,-21.0,0.0
768.2454930555556,8.0,29.0
768.4789722222222,8.0,0.0
768.4939722222222,-96.0,-104.0
768.8183333333334,-96.0,0.0
768.8333333333334,-96.0,0.0
772.2666666666667,-96.0,0.0
772.2683333333333,-96.0,0.0
772.302625,-96.0,0.0
772.3228888888889,1.0,97.0
773.5402013888889,1.0,0.0
773.5568888888889,-19.0,-20.0
773.5783055555555,-19.0,0.0
773.6,2.0,21.0
774.311875,2.0,0.0
774.326875,-96.0,-98.0
774.6183333333333,-96.0,0.0
774.6333333333333,-96.0,0.0
776.9333333333333,-96.0,0.0
776.935,-96.0,0.0
776.9728680555555,-96.0,0.0
776.9959930555556,0.0,96.0
777.3495,0.0,0.0
777.3618958333333,-18.0,-18.0
777.3983333333333,-18.0,0.0
777.4200277777778,0.0,18.0
777.5178819444444,0.0,0.0
777.5295625,-13.0,-13.0
777.5316666666666,-13.0,0.0
777.5483541666666,-9.64327e-16,12.999999999999998
777.6462083333333,0.0,9.64327e-16
777.6593194444445,-9.0,-9.0
777.665,-9.0,0.0
777.6773958333333,-9.64327e-16,8.999999999999998
778.0032916666667,0.0,9.64327e-16
778.0213958333334,-96.0,-96.0
778.3272430555555,-96.0,0.0
778.3532152777777,3.0,99.0
779.0333333333333,3.0,0.0
779.035,-5.0,-8.0
779.0350013888889,-5.0,0.0
779.0535513888889,3.0,8.0
779.3573680555555,3.0,0.0
779.3757,-96.0,-99.0
780.3265638888889,-96.0,0.0
780.3499027777777,5.0,101.0
780.8402013888889,5.0,0.0
780.8552013888889,-96.0,-101.0
781.1516666666666,-96.0,0.0
781.1666666666666,-96.0,0.0
782.3,-96.0,0.0
782.3016666666666,-96.0,0.0
782.3516944444444,-96.0,0.0
782.3726736111112,2.0,98.0
782.5,2.0,0.0
782.5016666666667,-21.0,-23.0
782.5202222222222,-21.0,0.0
782.5440625,2.0,23.0
782.7387708333333,2.0,0.0
782.7590347222222,-21.0,-23.0
782.7740138888889,-21.0,0.0
782.7964236111111,2.0,23.0
783.8333333333334,2.0,0.0
783.8333347222223,-19.0,-21.0
783.8604736111112,-19.0,0.0
783.8859791666666,4.0,23.0
784.2666666666667,4.0,0.0
784.2826388888889,-19.0,-23.0
784.2983333333333,-19.0,0.0
784.3150208333333,4.0,23.0
784.6309027777778,4.0,0.0
784.6509027777778,-96.0,-100.0
785.6703888888889,-96.0,0.0
785.6903888888888,4.0,100.0
785.7,4.0,0.0
785.7016666666667,-2.0,-6.0
785.7316666666667,-2.0,0.0
785.7333333333333,4.0,6.0
785.9,4.0,0.0
785.9016666666666,-17.0,-21.0
785.9316666666666,-17.0,0.0
785.9605138888888,4.0,21.0
786.4276111111111,4.0,0.0
786.445,-96.0,-100.0
787.0841666666666,-96.0,0.0
787.1037013888889,8.0,104.0
787.5570833333334,8.0,0.0
787.57375,-96.0,-104.0
787.9166666666666,-96.0,0.0
787.9333333333333,-96.0,0.0
790.0,-96.0,0.0
790.0016666666667,-96.0,0.0
790.0488333333333,-96.0,0.0
790.0683819444445,4.0,100.0
790.4595138888889,4.0,0.0
790.4769166666666,-19.0,-23.0
790.4983333333333,-19.0,0.0
790.5200277777777,4.0,23.0
791.0911319444444,4.0,0.0
791.1073388888889,-96.0,-100.0
791.2166958333333,-96.0,0.0
791.238625,0.0,96.0
792.4825486111112,5.0,5.0
792.5025486111111,-96.0,-101.0
792.9133333333333,-96.0,0.0
792.9333333333333,-96.0,0.0
794.1,-96.0,0.0
794.1016666666667,-96.0,0.0
794.1431111111111,-96.0,0.0
794.1655208333333,2.0,98.0
794.6749652777778,12.0,10.0
794.6928402777778,-96.0,-108.0
794.8364861111111,-96.0,0.0
794.8586527777778,6.0,102.0
795.1942777777778,6.0,0.0
795.2091847222222,-96.0,-102.0
795.4832375,-96.0,0.0
795.4981444444444,-96.0,0.0
797.3333333333334,-96.0,0.0
797.335,-96.0,0.0
797.3707222222222,-96.0,0.0
797.3924166666667,5.0,101.0
797.5,5.0,0.0
797.5016666666667,-7.0,-12.0
797.5316666666666,-7.0,0.0
797.5333333333333,5.0,12.0
798.2771111111111,5.0,0.0
798.2978402777778,-96.0,-101.0
798.5987222222222,-96.0,0.0
798.6194513888889,7.0,103.0
798.7535513888889,7.0,0.0
798.7614305555555,-2.0,-9.0
798.7983333333333,-2.0,0.0
798.8,7.0,9.0
799.0304722222222,7.0,0.0
799.0514375,-96.0,-103.0
799.255,-96.0,0.0
799.2666666666667,-96.0,0.0
800.6666666666666,-96.0,0.0
800.669998611111,-96.0,0.0
800.7171263888889,-96.0,0.0
800.7440625,5.0,101.0
801.0545069444445,5.0,0.0
801.0733402777778,-27.0,-32.0
801.1040555555555,-27.0,0.0
801.1200277777778,1.0,28.0
801.7068680555556,1.0,0.0
801.7261666666667,-96.0,-97.0
801.9805555555556,-96.0,0.0
802.002,2.0,98.0
802.1666666666666,2.0,0.0
802.1683333333333,-12.0,-14.0
802.1876041666667,-12.0,0.0
802.2092986111111,2.0,14.0
802.5,2.0,0.0
802.5016666666667,-10.0,-12.0
802.5061263888889,-10.0,0.0
802.5264305555555,2.0,12.0
802.8721041666666,2.0,0.0
802.8954361111112,-96.0,-98.0
803.7181402777778,-96.0,0.0
803.7414722222222,2.0,98.0
804.5340263888888,7.0,5.0
804.5548777777777,-96.0,-103.0
804.6934541666667,-96.0,0.0
804.7,-96.0,0.0
807.6,-96.0,0.0
807.6016666666667,-96.0,0.0
807.6574166666667,-96.0,0.0
807.6769652777778,5.0,101.0
808.1523611111111,5.0,0.0
808.172975,-96.0,-101.0
808.7383166666667,-96.0,0.0
808.7671805555556,2.0,98.0
809.0685277777778,2.0,0.0
809.0873333333333,-96.0,-98.0
809.5116666666667,-96.0,0.0
809.5333333333333,-96.0,0.0
810.4666666666667,-96.0,0.0
810.4683333333334,-96.0,0.0
810.5090625,-96.0,0.0
810.5336180555555,5.0,101.0
811.1735347222223,5.0,0.0
811.1909305555556,-96.0,-101.0
811.3266666666667,-96.0,0.0
811.3333333333334,-96.0,0.0
812.3666666666667,-96.0,0.0
812.3716666666667,-96.0,0.0
812.4330555555556,-96.0,0.0
812.4587986111111,4.0,100.0
812.8638055555556,4.0,0.0
812.8842097222222,-96.0,-100.0
813.2865444444444,-96.0,0.0
813.3069486111111,2.0,98.0
813.4935625,2.0,0.0
813.5068944444445,-21.0,-23.0
813.6097277777778,-21.0,0.0
813.6333333333333,7.0,28.0
814.0333333333333,7.0,0.0
814.0516652777778,-96.0,-103.0
814.3816680555556,-96.0,0.0
814.4,-96.0,0.0
815.3333333333334,-96.0,0.0
815.335,-96.0,0.0
815.3800208333333,-96.0,0.0
815.3995694444444,3.0,99.0
815.8268958333333,7.0,4.0
815.8402277777777,-96.0,-103.0
816.9485777777778,-96.0,0.0
816.9712083333334,4.0,100.0
817.8061527777778,4.0,0.0
817.8230472222223,-96.0,-100.0
818.5499041666667,-96.0,0.0
818.5796736111112,3.0,99.0
818.7,3.0,0.0
818.7152569444445,-25.0,-28.0
818.7230833333333,-25.0,0.0
818.7612291666667,6.0,31.0
819.1942777777778,6.0,0.0
819.2092777777777,-96.0,-102.0
819.485,-96.0,0.0
819.5,-96.0,0.0
820.3333333333334,-96.0,0.0
820.335,-96.0,0.0
820.3957569444444,-96.0,0.0
820.4217430555556,2.0,98.0
820.8226041666667,2.0,0.0
820.8428680555555,-17.0,-19.0
820.8614236111111,-17.0,0.0
820.8974236111111,1.0,18.0
821.3147361111111,1.0,0.0
821.3302277777777,-21.0,-22.0
821.3873694444444,-21.0,0.0
821.4071527777778,2.0,23.0
822.5806875,2.0,0.0
822.5973541666667,-96.0,-98.0
823.5082013888889,-96.0,0.0
823.5291597222222,2.0,98.0
824.6487847222222,2.0,0.0
824.6654513888889,-96.0,-98.0
825.2994861111112,-96.0,0.0
825.3161527777778,2.0,98.0
825.7864097222222,2.0,0.0
825.8021319444445,-96.0,-98.0
825.99,-96.0,0.0
826.0,-96.0,0.0
827.0333333333333,-96.0,0.0
827.035,-96.0,0.0
827.0843125,-96.0,0.0
827.1038611111111,1.0,97.0
828.0806875,1.0,0.0
828.097375,-13.0,-14.0
828.1316666666667,-13.0,0.0
828.1497847222222,5.0,18.0
828.6333333333333,5.0,0.0
828.65,-96.0,-101.0
829.0837569444444,-96.0,0.0
829.1054305555556,3.0,99.0
829.7721041666666,3.0,0.0
829.7921041666667,-96.0,-99.0
830.8609444444445,-96.0,0.0
830.8809444444445,5.0,101.0
831.8333333333334,5.0,0.0
831.8514513888889,-14.0,-19.0
831.8707222222222,-14.0,0.0
831.8959930555556,5.0,19.0
832.1394861111111,5.0,0.0
832.1564083333334,-96.0,-101.0
832.2242791666666,-96.0,0.0
832.2462083333334,2.0,98.0
833.12475,2.0,0.0
833.1433263888889,-96.0,-98.0
833.9648055555556,-96.0,0.0
833.9798055555556,2.0,98.0
834.5957083333333,2.0,0.0
834.6133319444444,-96.0,-98.0
835.4963694444444,-96.0,0.0
835.5218611111111,7.0,103.0
835.8666666666667,7.0,0.0
835.8918027777778,-5.0,-12.0
835.9280152777778,-5.0,0.0
835.9800722222222,7.0,12.0
836.187125,7.0,0.0
836.2047944444445,-96.0,-103.0
836.3590680555556,-96.0,0.0
836.3674388888888,-96.0,0.0
839.9,-96.0,0.0
839.9016666666666,-96.0,0.0
839.9352430555556,-96.0,0.0
839.9562222222222,6.0,102.0
840.0666666666667,6.0,0.0
840.0683333333334,-11.0,-17.0
840.0797361111111,-11.0,0.0
840.1,6.0,17.0
840.4337638888888,6.0,0.0
840.451875,-96.0,-102.0
840.5933333333334,-96.0,0.0
840.6,-96.0,0.0
841.4333333333333,-96.0,0.0
841.435,-96.0,0.0
841.465,-96.0,0.0
841.4895555555555,6.0,102.0
841.6666666666666,6.0,0.0
841.6683333333333,-5.0,-11.0
841.6983333333334,-5.0,0.0
841.7,6.0,11.0
841.7778263888889,6.0,0.0
841.7944930555556,-96.0,-102.0
842.1223888888888,-96.0,0.0
842.1454930555556,-1.0,95.0
843.3044375,10.0,11.0
843.3194375,-96.0,-106.0
843.6516666666666,-96.0,0.0
843.6666666666666,-96.0,0.0
844.5666666666667,-96.0,0.0
844.5683333333334,-96.0,0.0
844.6047708333333,-96.0,0.0
844.6236041666667,7.0,103.0
844.9885555555555,7.0,0.0
845.0052222222222,-96.0,-103.0
845.3166666666667,-96.0,0.0
845.3333333333334,-96.0,0.0
846.7333333333333,-96.0,0.0
846.735,-96.0,0.0
846.7821666666666,-96.0,0.0
846.8038611111111,4.0,100.0
847.4004305555555,4.0,0.0
847.4168680555556,-96.0,-100.0
847.6233333333333,-96.0,0.0
847.6333333333333,-96.0,0.0
848.4333333333333,-96.0,0.0
848.435,-96.0,0.0
848.4857430555555,-96.0,0.0
848.5074375,6.0,102.0
849.0565583333333,12.0,6.0
849.0698902777777,-96.0,-108.0
849.8716194444445,-96.0,0.0
849.8921041666666,3.0,99.0
850.6351944444444,3.0,0.0
850.6523541666667,-96.0,-99.0
850.7616666666667,-96.0,0.0
850.7666666666667,-96.0,0.0
852.7333333333333,-96.0,0.0
852.735,-96.0,0.0
852.765,-96.0,0.0
852.7874097222223,12.0,108.0
852.9333333333333,12.0,0.0
852.935,1.0,-11.0
852.965,1.0,0.0
852.9666666666667,12.0,11.0
853.3573680555555,12.0,0.0
853.3723680555555,-96.0,-108.0
853.6516666666666,-96.0,0.0
853.6666666666666,-96.0,0.0
856.5666666666667,-96.0,0.0
856.5699986111111,-96.0,0.0
856.6350083333333,-96.0,0.0
856.6505,4.0,100.0
857.6997152777777,4.0,0.0
857.7159152777778,-96.0,-100.0
857.8916680555556,-96.0,0.0
857.9,-96.0,0.0
858.6,-96.0,0.0
858.6016666666667,-96.0,0.0
858.666,-96.0,0.0
858.6834027777778,0.0,96.0
860.0630902777777,0.0,0.0
860.0790486111111,-96.0,-96.0
860.2883333333333,-96.0,0.0
860.3,-96.0,0.0
861.1666666666666,-96.0,0.0
861.1683333333333,-96.0,0.0
861.2212222222222,-96.0,0.0
861.2443472222222,2.0,98.0
861.4778263888888,2.0,0.0
861.4945138888888,-18.0,-20.0
861.5195069444444,-18.0,0.0
861.5369097222223,2.0,20.0
862.1685277777777,2.0,0.0
862.1854430555555,-96.0,-98.0
862.6172652777777,-96.0,0.0
862.6370416666666,3.0,99.0
863.2240347222222,3.0,0.0
863.2390347222222,-96.0,-99.0
864.2557847222222,-96.0,0.0
864.2793680555556,4.0,100.0
864.6071527777777,4.0,0.0
864.6245555555555,-16.0,-20.0
864.6338125,-16.0,0.0
864.6547916666667,4.0,20.0
865.8054375,4.0,0.0
865.8204375,-96.0,-100.0
866.1183333333333,-96.0,0.0
866.1333333333333,-96.0,0.0
870.7333333333333,-96.0,0.0
870.7366652777778,-96.0,0.0
870.8231333333333,-96.0,0.0
870.8414861111111,8.0,104.0
871.4666666666667,8.0,0.0
871.4683333333334,-1.0,-9.0
871.4983333333333,-1.0,0.0
871.5,8.0,9.0
872.1606597222222,8.0,0.0
872.1770763888888,-96.0,-104.0
872.675,-96.0,0.0
872.7,-96.0,0.0
880.7,-96.0,0.0
880.7016666666667,-96.0,0.0
880.74025,-96.0,0.0
880.7597986111111,6.0,102.0
881.8828333333333,6.0,0.0
881.9045,-96.0,-102.0
882.3116666666666,-96.0,0.0
882.3333333333334,-96.0,0.0
883.3666666666667,-96.0,0.0
883.3699986111111,-96.0,0.0
883.4335777777778,-96.0,0.0
883.4555069444444,6.0,102.0
883.8,6.0,0.0
883.8109652777778,-2.0,-8.0
883.8187916666667,-2.0,0.0
883.8333333333334,6.0,8.0
884.1373402777778,6.0,0.0
884.1573402777777,-96.0,-102.0
884.5466666666666,-96.0,0.0
884.5666666666667,-96.0,0.0
887.5666666666667,-96.0,0.0
887.5683333333334,-96.0,0.0
887.5940416666666,-96.0,0.0
887.6193125,2.0,98.0
888.6437777777778,2.0,0.0
888.6571097222222,-96.0,-98.0
889.2704875,-96.0,0.0
889.2938333333333,9.0,105.0
889.7749652777778,9.0,0.0
889.7882972222222,-96.0,-105.0
890.0533347222222,-96.0,0.0
890.0666666666667,-96.0,0.0
892.7333333333333,-96.0,0.0
892.735,-96.0,0.0
892.7707222222223,-96.0,0.0
892.7938472222222,7.0,103.0
893.3423472222222,7.0,0.0
893.3566458333333,-96.0,-103.0
893.4874166666667,-96.0,0.0
893.5060069444445,0.0,96.0
893.9333333333333,0.0,0.0
893.935,-15.0,-15.0
893.9514097222223,-15.0,0.0
893.9666666666667,0.0,15.0
894.1007152777778,0.0,0.0
894.1159722222222,-8.0,-8.0
894.1459722222222,-8.0,0.0
894.1669513888888,0.0,8.0
895.5018611111111,0.0,0.0
895.5242708333334,-18.0,-18.0
895.5399652777778,-18.0,0.0
895.5666666666667,2.0,20.0
896.1666666666666,2.0,0.0
896.1683333333333,-16.0,-18.0
896.2147847222222,-16.0,0.0
896.2371944444444,2.0,18.0
896.4402013888889,2.0,0.0
896.4587916666667,-96.0,-98.0
896.5616666666666,-96.0,0.0
896.5766805555555,2.0,98.0
896.9516458333334,2.0,0.0
896.9702041666667,-96.0,-98.0
897.5624819444445,-96.0,0.0
897.5810402777778,4.0,100.0
898.2333333333333,12.0,8.0
898.2533333333333,-96.0,-108.0
898.6133333333333,-96.0,0.0
898.6333333333333,-96.0,0.0
904.1666666666666,-96.0,0.0
904.1683333333333,-96.0,0.0
904.2119236111112,-96.0,0.0
904.2329027777778,2.0,98.0
904.337625,2.0,0.0
904.3514513888889,-19.0,-21.0
904.3692916666666,-19.0,0.0
904.3845486111111,-2.0,17.0
904.5440625,-2.0,0.0
904.5535972222223,-10.0,-8.0
904.5592777777778,-10.0,0.0
904.5738194444444,0.0,10.0
905.3333333333334,0.0,0.0
905.335,-15.0,-15.0
905.3564166666666,-15.0,0.0
905.3788263888889,1.0,16.0
906.0333333333333,1.0,0.0
906.035,-16.0,-17.0
906.0499791666666,-16.0,0.0
906.0738194444444,4.0,20.0
906.4140208333333,4.0,0.0
906.4323527777777,-96.0,-100.0
906.7816680555555,-96.0,0.0
906.8,-96.0,0.0
910.5,-96.0,0.0
910.5033319444444,-96.0,0.0
910.5726333333333,-96.0,0.0
910.5959930555556,2.0,98.0
911.0092986111111,2.0,0.0
911.0238402777778,-17.0,-19.0
911.0323819444444,-17.0,0.0
911.0547916666667,2.0,19.0
911.6799722222222,2.0,0.0
911.6959444444444,-14.0,-16.0
911.7094930555555,-14.0,0.0
911.7333333333333,5.0,19.0
912.12475,5.0,0.0
912.1414166666667,-96.0,-101.0
912.45,-96.0,0.0
912.4666666666667,-96.0,0.0
918.0,-96.0,0.0
918.0033319444444,-96.0,0.0
918.0847930555556,-96.0,0.0
918.1045763888889,0.0,96.0
918.2,0.0,0.0
918.2016666666667,-11.0,-11.0
918.2195069444444,-11.0,0.0
918.2526458333333,0.0,11.0
918.9197430555555,0.0,0.0
918.935,-14.0,-14.0
918.9492638888889,-14.0,0.0
918.9666666666667,-1.0,13.0
919.1347388888889,-1.0,0.0
919.1457041666666,-21.0,-20.0
919.1940416666666,-21.0,0.0
919.2114444444444,-1.0,20.0
919.3502152777778,-1.0,0.0
919.3683333333333,-17.0,-16.0
919.3918958333334,-17.0,0.0
919.4278958333333,-1.0,16.0
919.5333333333333,-1.0,0.0
919.535,-17.0,-16.0
919.5592777777778,-17.0,0.0
919.5781111111111,-1.0,16.0
920.1716736111111,-1.0,0.0
920.1876458333334,-15.0,-14.0
920.2083472222222,-15.0,0.0
920.2286111111111,0.0,15.0
920.3383402777778,0.0,0.0
920.3516861111111,-18.0,-18.0
920.3895152777778,-18.0,0.0
920.4092986111111,0.0,18.0
920.5444930555556,0.0,0.0
920.5604652777778,-13.0,-13.0
920.5790208333333,-13.0,0.0
920.6085833333333,0.0,13.0
921.1580833333334,0.0,0.0
921.1783333333333,-96.0,-96.0
921.4362569444445,-96.0,0.0
921.4586527777777,1.0,97.0
921.8,1.0,0.0
921.8016666666666,-20.0,-21.0
921.843111111111,-20.0,0.0
921.8683819444444,5.0,25.0
922.1537916666666,5.0,0.0
922.1671236111112,-96.0,-101.0
922.4200013888889,-96.0,0.0
922.4333333333333,-96.0,0.0
924.0333333333333,-96.0,0.0
924.035,-96.0,0.0
924.0757291666666,-96.0,0.0
924.1017152777778,3.0,99.0
924.6628055555556,3.0,0.0
924.6782902777778,-96.0,-99.0
924.9820777777778,-96.0,0.0
925.0032847222222,4.0,100.0
925.1333333333333,4.0,0.0
925.1507361111111,-16.0,-20.0
925.1678611111112,-16.0,0.0
925.1917013888889,4.0,20.0
925.6261805555556,4.0,0.0
925.6445125,-96.0,-100.0
925.9816680555556,-96.0,0.0
926.0,-96.0,0.0
927.4333333333333,-96.0,0.0
927.435,-96.0,0.0
927.4721527777778,-96.0,0.0
927.4959930555556,0.0,96.0
927.5666666666667,0.0,0.0
927.5683333333334,-16.0,-16.0
927.6040555555555,-16.0,0.0
927.6221736111111,0.0,16.0
928.2509305555556,0.0,0.0
928.2647569444445,-20.0,-20.0
928.2747291666667,-20.0,0.0
928.3,2.0,22.0
928.5,2.0,0.0
928.5016666666667,-9.0,-11.0
928.5316666666666,-9.0,0.0
928.5333333333333,2.0,11.0
930.3183125,2.0,0.0
930.3366444444445,-96.0,-98.0
930.6816680555555,-96.0,0.0
930.7,-96.0,0.0
936.4,-96.0,0.0
936.4016666666666,-96.0,0.0
936.4652847222222,-96.0,0.0
936.4848333333333,1.0,97.0
936.9666666666667,1.0,0.0
936.9699986111111,-22.0,-23.0
937.0328625,-22.0,0.0
937.0562222222222,1.0,23.0
938.2333333333333,1.0,0.0
938.235,-21.0,-22.0
938.2694263888889,-21.0,0.0
938.2968430555555,3.0,24.0
938.4423472222222,3.0,0.0
938.4590138888889,-96.0,-99.0
939.7646944444444,-96.0,0.0
939.7813611111111,4.0,100.0
939.9159402777777,4.0,0.0
939.9293888888889,-19.0,-23.0
939.9365180555556,-19.0,0.0
939.954125,1.0,20.0
940.4333333333333,1.0,0.0
940.435,-13.0,-14.0
940.4864583333333,-13.0,0.0
940.5088680555556,4.0,17.0
940.6180277777778,4.0,0.0
940.6296944444445,-96.0,-100.0
940.8826111111111,-96.0,0.0
940.9064375,1.0,97.0
942.5273263888889,1.0,0.0
942.5428111111111,-96.0,-97.0
942.750751388889,-96.0,0.0
942.7698125,5.0,101.0
942.9333333333333,5.0,0.0
942.935,-18.0,-23.0
942.965,-18.0,0.0
942.9917013888889,4.0,22.0
943.7354791666667,4.0,0.0
943.7564583333333,-23.0,-27.0
943.765,-23.0,0.0
943.7859791666667,5.0,28.0
944.8226041666667,5.0,0.0
944.8359361111111,-96.0,-101.0
945.0866680555556,-96.0,0.0
945.1,-96.0,0.0
945.8,-96.0,0.0
945.8033319444445,-96.0,0.0
945.8647652777778,-96.0,0.0
945.8824027777778,3.0,99.0
946.2,3.0,0.0
946.2166666666667,-96.0,-99.0
946.5166666666667,-96.0,0.0
946.5333333333333,-96.0,0.0
950.2666666666667,-96.0,0.0
950.2683333333333,-96.0,0.0
950.2883194444445,-96.0,0.0
950.3078680555556,0.0,96.0
951.1333333333333,0.0,0.0
951.135,-23.0,-23.0
951.1700069444445,-23.0,0.0
951.1888402777778,1.0,24.0
952.0666666666667,1.0,0.0
952.0683333333334,-21.0,-22.0
952.1062013888888,-21.0,0.0
952.1264652777778,1.0,22.0
952.3649513888889,1.0,0.0
952.3782833333333,-96.0,-97.0
952.5818069444445,-96.0,0.0
952.5994305555555,0.0,96.0
952.7,0.0,0.0
952.7016666666667,-20.0,-20.0
952.7202222222222,-20.0,0.0
952.7462083333334,1.0,21.0
952.8602291666666,1.0,0.0
952.8711944444444,-20.0,-21.0
952.88975,-20.0,0.0
952.9100138888889,0.0,20.0
953.0,0.0,0.0
953.0085763888889,-22.0,-22.0
953.0756875,-22.0,0.0
953.1,0.0,22.0
953.2666666666667,0.0,0.0
953.2683333333333,-17.0,-17.0
953.2926111111111,-17.0,0.0
953.3157361111112,0.0,17.0
954.7609444444445,0.0,0.0
954.7792763888889,-96.0,-96.0
955.2816611111111,-96.0,0.0
955.305,5.0,101.0
955.4666666666667,5.0,0.0
955.4683333333334,-17.0,-22.0
955.5169305555555,-17.0,0.0
955.5429166666667,5.0,22.0
955.8537916666667,5.0,0.0
955.8671236111111,-96.0,-101.0
956.1200013888889,-96.0,0.0
956.1333333333333,-96.0,0.0
966.3666666666667,-96.0,0.0
966.3683333333333,-96.0,0.0
966.4083472222222,-96.0,0.0
966.42575,2.0,98.0
967.8699583333333,2.0,0.0
967.8909166666666,-96.0,-98.0
968.2166666666667,-96.0,0.0
968.2333333333333,-96.0,0.0
969.0666666666667,-96.0,0.0
969.0683333333334,-96.0,0.0
969.1290902777778,-96.0,0.0
969.1500694444444,2.0,98.0
969.2535069444444,2.0,0.0
969.2680486111111,-20.0,-22.0
969.3259444444444,-20.0,0.0
969.3433472222222,1.0,21.0
969.7333333333333,1.0,0.0
969.7464444444445,-8.0,-9.0
969.7614236111111,-8.0,0.0
969.7781111111111,7.0,15.0
970.8297569444444,7.0,0.0
970.8480819444444,-96.0,-103.0
971.2766680555555,-96.0,0.0
971.3,-96.0,0.0
978.2333333333333,-96.0,0.0
978.2366652777778,-96.0,0.0
978.3031055555556,-96.0,0.0
978.3221736111111,0.0,96.0
980.1409166666666,0.0,0.0
980.1542486111111,-96.0,-96.0
980.4200013888889,-96.0,0.0
980.4333333333333,-96.0,0.0
983.7333333333333,-96.0,0.0
983.735,-96.0,0.0
983.7571319444445,-96.0,0.0
983.7795416666667,1.0,97.0
984.0,1.0,0.0
984.0016666666667,-21.0,-22.0
984.0316666666666,-21.0,0.0
984.0555069444445,1.0,22.0
984.4666666666667,1.0,0.0
984.4683333333334,-18.0,-19.0
984.4804513888889,-18.0,0.0
984.5,2.0,20.0
985.3495,2.0,0.0
985.3678319444444,-96.0,-98.0
986.5947930555556,-96.0,0.0
986.613125,2.0,98.0
987.3397708333333,2.0,0.0
987.347875,-5.0,-7.0
987.3578472222222,-5.0,0.0
987.3666666666667,2.0,7.0
987.4442083333333,2.0,0.0
987.4592083333333,-96.0,-98.0
988.0281944444445,-96.0,0.0
988.0453402777778,1.0,97.0
988.3935625,1.0,0.0
988.4145416666667,-20.0,-21.0
988.4595625,-20.0,0.0
988.4791111111111,4.0,24.0
988.9018611111111,4.0,0.0
988.9220972222222,-96.0,-100.0
990.0166458333333,-96.0,0.0
990.0383125,0.0,96.0
991.1,0.0,0.0
991.1016666666667,-20.0,-20.0
991.1316666666667,-20.0,0.0
991.1590833333333,0.0,20.0
992.4,-9.64327e-16,-9.64327e-16
992.4016666666666,-9.0,-8.999999999999998
992.4316666666666,-9.0,0.0
992.4333333333333,0.0,9.0
992.5027083333333,0.0,0.0
992.5292388888889,-96.0,-96.0
993.0068027777778,-96.0,0.0
993.0333333333333,-96.0,0.0
995.1,-96.0,0.0
995.1033319444444,-96.0,0.0
995.1490291666667,-96.0,0.0
995.1716736111111,2.0,98.0
995.5788263888888,2.0,0.0
995.5976597222223,-18.0,-20.0
995.6033402777778,-18.0,0.0
995.6243194444445,2.0,20.0
995.9,2.0,0.0
995.9016666666666,-27.0,-29.0
995.9345277777778,-27.0,0.0
995.9590833333333,1.0,28.0
997.2,1.0,0.0
997.2123958333333,-17.0,-18.0
997.2187916666667,-17.0,0.0
997.2333333333333,0.0,17.0
997.9695277777778,0.0,0.0
997.9862152777778,-16.0,-16.0
997.9983333333333,-16.0,0.0
998.0193125,5.0,21.0
998.2333333333333,5.0,0.0
998.25,-96.0,-101.0
998.7045,-96.0,0.0
998.7211666666667,2.0,98.0
999.0078680555556,2.0,0.0
999.0259861111111,-18.0,-20.0
999.0466875,-18.0,0.0
999.0676666666667,2.0,20.0
999.3,2.0,0.0
999.3016666666666,-14.0,-16.0
999.3259444444444,-14.0,0.0
999.3433472222222,2.0,16.0
999.4856944444444,2.0,0.0
999.5016666666667,-15.0,-17.0
999.5073472222223,-15.0,0.0
999.5204583333333,-1.0,14.0
999.8972277777777,-1.0,0.0
999.9085972222222,-13.0,-12.0
999.9226569444445,-13.0,0.0
999.9333333333333,-1.0,12.0
1001.5194583333333,-1.0,0.0
1001.5337361111111,-96.0,-95.0
1001.9466666666667,-96.0,0.0
1001.9666666666667,-96.0,0.0
1003.5,-96.0,0.0
1003.5016666666667,-96.0,0.0
1003.5545555555556,-96.0,0.0
1003.5769652777777,2.0,98.0
1004.6656666666667,2.0,0.0
1004.6873333333333,-96.0,-98.0
1005.1116666666667,-96.0,0.0
1005.1333333333333,-96.0,0.0
1006.2666666666667,-96.0,0.0
1006.2683333333333,-96.0,0.0
1006.3090625,-96.0,0.0
1006.32575,3.0,99.0
1006.7487847222222,3.0,0.0
1006.75975,-22.0,-25.0
1006.8040555555556,-22.0,0.0
1006.8243194444444,4.0,26.0
1007.5982847222223,4.0,0.0
1007.6199513888889,-96.0,-100.0
1008.045,-96.0,0.0
1008.0666666666667,-96.0,0.0
1009.3,-96.0,0.0
1009.3016666666666,-96.0,0.0
1009.3423958333333,-96.0,0.0
1009.3640902777778,3.0,99.0
1009.6666666666666,3.0,0.0
1009.6812083333333,-22.0,-25.0
1009.6904652777778,-22.0,0.0
1009.7107291666666,5.0,27.0
1009.8,5.0,0.0
1009.8033319444445,-18.0,-23.0
1009.8697722222222,-18.0,0.0
1009.8967083333333,5.0,23.0
1010.4563680555556,5.0,0.0
1010.4763680555556,-96.0,-101.0
1010.88,-96.0,0.0
1010.9,-96.0,0.0
1015.5,-96.0,0.0
1015.5016666666667,-96.0,0.0
1015.5466875,-96.0,0.0
1015.5648055555556,2.0,98.0
1016.7535069444444,2.0,0.0
1016.7735069444444,-96.0,-98.0
1017.6435,-96.0,0.0
1017.6635,4.0,100.0
1017.8333333333334,4.0,0.0
1017.835,-15.0,-19.0
1017.865,-15.0,0.0
1017.8852638888889,4.0,19.0
1017.9864097222222,4.0,0.0
1018.0016666666667,-15.0,-19.0
1018.0209375,-15.0,0.0
1018.0397708333334,8.0,23.0
1018.8097291666667,8.0,0.0
1018.8271180555555,-96.0,-104.0
1019.055,-96.0,0.0
1019.0666666666667,-96.0,0.0
1022.0333333333333,-96.0,0.0
1022.035,-96.0,0.0
1022.0893194444444,-96.0,0.0
1022.1095833333334,0.0,96.0
1022.3,0.0,0.0
1022.3016666666666,-13.0,-13.0
1022.3316666666667,-13.0,0.0
1022.3333333333334,0.0,13.0
1023.5,0.0,0.0
1023.5145416666667,-16.0,-16.0
1023.5381041666667,-16.0,0.0
1023.5590833333333,2.0,18.0
1024.0785416666668,2.0,0.0
1024.0987916666666,-96.0,-98.0
1025.0805763888889,-96.0,0.0
1025.100826388889,1.0,97.0
1026.0,1.0,0.0
1026.0016666666668,-21.0,-22.0
1026.0316666666668,-21.0,0.0
1026.0497847222223,0.0,21.0
1026.1,0.0,0.0
1026.1016666666667,-28.0,-28.0
1026.1481180555556,-28.0,0.0
1026.166951388889,0.0,28.0
1026.8666666666666,0.0,0.0
1026.8683333333333,-20.0,-20.0
1026.9019097222222,-20.0,0.0
1026.9207430555555,0.0,20.0
1027.7835486111112,0.0,0.0
1027.8002152777779,-96.0,-96.0
1028.2311111111112,-96.0,0.0
1028.2477777777779,4.0,100.0
1028.5333333333333,4.0,0.0
1028.55,-96.0,-100.0
1028.85,-96.0,0.0
1028.8666666666666,4.0,100.0
1029.7,4.0,0.0
1029.7131111111112,-17.0,-21.0
1029.7216527777778,-17.0,0.0
1029.7483541666666,5.0,22.0
1029.9666666666667,5.0,0.0
1029.9683333333332,-7.0,-12.0
1029.9818819444445,-7.0,0.0
1030.0,5.0,12.0
1030.1,5.0,0.0
1030.1016666666667,-15.0,-20.0
1030.1173611111112,-15.0,0.0
1030.1333333333334,5.0,20.0
1030.6499305555556,5.0,0.0
1030.6699305555555,-96.0,-101.0
1031.08,-96.0,0.0
1031.1,-96.0,0.0
1031.9666666666667,-96.0,0.0
1031.9699986111111,-96.0,0.0
1032.0736333333334,-96.0,0.0
1032.0905555555555,5.0,101.0
1032.2,5.0,0.0
1032.2016666666666,-6.0,-11.0
1032.2316666666666,-6.0,0.0
1032.2333333333333,5.0,11.0
1032.7373402777778,5.0,0.0
1032.7556791666666,-96.0,-101.0
1033.1072652777777,-96.0,0.0
1033.1306111111112,5.0,101.0
1034.1882708333333,5.0,0.0
1034.2058944444445,-96.0,-101.0
1034.4866680555556,-96.0,0.0
1034.5293263888889,-96.0,0.0
1052.9,-96.0,0.0
1052.9016666666666,-96.0,0.0
1052.9338125,-96.0,0.0
1052.9540763888888,1.0,97.0
1053.0097291666666,1.0,0.0
1053.0285625,-14.0,-15.0
1053.0371041666667,-14.0,0.0
1053.062375,1.0,15.0
1053.2666666666667,1.0,0.0
1053.2850194444445,-23.0,-24.0
1053.322848611111,-23.0,0.0
1053.3419166666667,1.0,24.0
1053.6809722222222,1.0,0.0
1053.6940833333333,-8.0,-9.0
1053.7019097222221,-8.0,0.0
1053.7150208333333,1.0,9.0
1054.1333333333334,1.0,0.0
1054.1421527777777,-13.0,-14.0
1054.152125,-13.0,0.0
1054.1666666666667,3.0,16.0
1054.7333333333333,3.0,0.0
1054.7521666666667,-24.0,-27.0
1054.7678611111112,-24.0,0.0
1054.791701388889,5.0,29.0
1054.9773958333333,5.0,0.0
1054.9936027777778,-20.0,-25.0
1055.023563888889,-20.0,0.0
1055.0412013888888,3.0,23.0
1055.4914166666667,3.0,0.0
1055.5016666666668,-18.0,-21.0
1055.5059166666667,-18.0,0.0
1055.521888888889,3.0,21.0
1055.633048611111,3.0,0.0
1055.6513805555555,-96.0,-99.0
1056.0150013888888,-96.0,0.0
1056.0333333333333,-96.0,0.0
1057.2,-96.0,0.0
1057.2016666666666,-96.0,0.0
1057.2581319444444,-96.0,0.0
1057.2755347222221,3.0,99.0
1057.687125,3.0,0.0
1057.7035777777778,-16.0,-19.0
1057.7171263888888,-16.0,0.0
1057.7333333333333,1.0,17.0
1058.3,1.0,0.0
1058.3016666666667,-19.0,-20.0
1058.3202222222221,-19.0,0.0
1058.3426319444445,1.0,20.0
1058.9,1.0,0.0
1058.9016666666666,-16.0,-17.0
1058.9381041666666,-16.0,0.0
1058.9583680555556,1.0,17.0
1059.0666666666666,1.0,0.0
1059.0683333333334,-15.0,-16.0
1059.0804513888888,-15.0,0.0
1059.1,1.0,16.0
1059.6666666666667,1.0,0.0
1059.6683333333333,-19.0,-20.0
1059.6983333333333,-19.0,0.0
1059.7,1.0,20.0
1059.936625,1.0,0.0
1059.9523472222222,-96.0,-97.0
1060.2031597222222,-96.0,0.0
1060.2253194444445,1.0,97.0
1060.7728194444444,1.0,0.0
1060.7864027777778,-96.0,-97.0
1060.9064444444443,-96.0,0.0
1060.9271805555557,2.0,98.0
1061.0666666666666,2.0,0.0
1061.0683333333334,-18.0,-20.0
1061.0840277777777,-18.0,0.0
1061.1021458333332,6.0,24.0
1061.926611111111,6.0,0.0
1061.9416111111111,-96.0,-102.0
1062.2516666666668,-96.0,0.0
1062.2666666666667,-96.0,0.0
1066.4,-96.0,0.0
1066.4016666666666,-96.0,0.0
1066.4316666666666,-96.0,0.0
1066.453361111111,1.0,97.0
1066.6728194444445,1.0,0.0
1066.688076388889,-24.0,-25.0
1066.7359583333334,-24.0,0.0
1066.754076388889,3.0,27.0
1067.4495,3.0,0.0
1067.4671236111112,-96.0,-99.0
1067.8387375,-96.0,0.0
1067.8670902777778,3.0,99.0
1068.3537916666667,3.0,0.0
1068.3737986111112,-96.0,-99.0
1068.8612430555556,-96.0,0.0
1068.897701388889,8.0,104.0
1069.2333333333333,8.0,0.0
1069.235,-2.0,-10.0
1069.2353180555556,-2.0,0.0
1069.2666666666667,8.0,10.0
1069.2702430555555,8.0,0.0
1069.2890763888888,-11.0,-19.0
1069.302625,-11.0,0.0
1069.3293263888888,8.0,19.0
1069.662375,8.0,0.0
1069.6840416666666,-96.0,-104.0
1070.1355555555556,-96.0,0.0
1070.1572222222221,5.0,101.0
1070.245923611111,5.0,0.0
1070.2633263888888,-13.0,-18.0
1070.2854583333333,-13.0,0.0
1070.3,5.0,18.0
1070.4333333333334,5.0,0.0
1070.435,-15.0,-20.0
1070.4542708333333,-15.0,0.0
1070.4723888888889,5.0,20.0
1070.8030069444444,5.0,0.0
1070.8225555555555,-20.0,-25.0
1070.8983333333333,-20.0,0.0
1070.9271805555557,4.0,24.0
1071.2885555555556,4.0,0.0
1071.3052222222223,-96.0,-100.0
1071.6166666666666,-96.0,0.0
1071.6333333333334,-96.0,0.0
1072.5666666666666,-96.0,0.0
1072.5683333333334,-96.0,0.0
1072.5976180555556,-96.0,0.0
1072.6185972222222,3.0,99.0
1072.8,3.0,0.0
1072.8016666666667,-16.0,-19.0
1072.8259444444445,-16.0,0.0
1072.8462083333334,3.0,19.0
1073.6821180555555,3.0,0.0
1073.7037847222223,-96.0,-99.0
1074.1116666666667,-96.0,0.0
1074.1333333333334,-96.0,0.0
1077.0333333333333,-96.0,0.0
1077.035,-96.0,0.0
1077.0721527777778,-96.0,0.0
1077.0952777777777,2.0,98.0
1077.7055222222223,2.0,0.0
1077.7071888888888,-5.0,-7.0
1077.7371888888888,-5.0,0.0
1077.7388555555556,2.0,7.0
1078.1509305555555,2.0,0.0
1078.1695138888888,-96.0,-98.0
1078.4510833333334,-96.0,0.0
1078.4689513888889,1.0,97.0
1079.1175972222222,1.0,0.0
1079.135,-21.0,-22.0
1079.1758944444443,-21.0,0.0
1079.1997347222223,3.0,24.0
1079.6333333333334,3.0,0.0
1079.635,-19.0,-22.0
1079.6485486111112,-19.0,0.0
1079.6666666666667,3.0,22.0
1079.8537916666667,3.0,0.0
1079.8704652777778,-96.0,-99.0
1080.0883333333334,-96.0,0.0
1080.1,-96.0,0.0
1087.9666666666667,-96.0,0.0
1087.9699986111111,-96.0,0.0
1088.0400152777777,-96.0,0.0
1088.0626597222222,2.0,98.0
1088.1333333333334,2.0,0.0
1088.144063888889,-17.0,-19.0
1088.147598611111,-17.0,0.0
1088.1666666666667,2.0,19.0
1088.2759652777777,2.0,0.0
1088.2890763888888,-21.0,-23.0
1088.2983333333334,-21.0,0.0
1088.3228888888889,1.0,22.0
1088.5226041666667,1.0,0.0
1088.535,-10.0,-11.0
1088.5421111111111,-10.0,0.0
1088.5566527777778,1.0,11.0
1088.7,1.0,0.0
1088.7123958333334,-11.0,-12.0
1088.7187916666667,-11.0,0.0
1088.7333333333333,3.0,14.0
1088.8057222222221,3.0,0.0
1088.8202638888888,-20.0,-23.0
1088.827375,-20.0,0.0
1088.8483541666667,7.0,27.0
1088.8806722222223,7.0,0.0
1088.8806736111112,-2.0,-9.0
1088.9431166666666,-2.0,0.0
1088.9519708333332,7.0,9.0
1089.1516458333333,7.0,0.0
1089.1676180555555,-22.0,-29.0
1089.2119236111112,-22.0,0.0
1089.2379097222222,9.0,31.0
1089.4846944444444,9.0,0.0
1089.5030263888889,-96.0,-105.0
1089.8816680555556,-96.0,0.0
1089.9,-96.0,0.0
1092.4,-96.0,0.0
1092.4016666666666,-96.0,0.0
1092.4638541666666,-96.0,0.0
1092.4855486111112,4.0,100.0
1092.6666666666667,4.0,0.0
1092.6683333333333,-14.0,-18.0
1092.6818819444445,-14.0,0.0
1092.7,4.0,18.0
1092.8,4.0,0.0
1092.8016666666667,-19.0,-23.0
1092.817361111111,-19.0,0.0
1092.8333333333333,4.0,23.0
1092.9075833333334,4.0,0.0
1092.9220972222222,-96.0,-100.0
1093.345,-96.0,0.0
1093.3666666666666,-96.0,0.0
1096.0,-96.0,0.0
1096.0033319444444,-96.0,0.0
1096.1012444444445,-96.0,0.0
1096.1238888888888,5.0,101.0
1096.6,5.0,0.0
1096.6016666666667,-7.0,-12.0
1096.6316666666667,-7.0,0.0
1096.6333333333334,5.0,12.0
1096.8,5.0,0.0
1096.8016666666667,1.0,-4.0
1096.8316666666667,1.0,0.0
1096.8333333333333,5.0,4.0
1096.9799722222222,5.0,0.0
1097.0016666666668,-20.0,-25.0
1097.0781597222222,-20.0,0.0
1097.1027152777779,8.0,28.0
1097.3785416666667,8.0,0.0
1097.3952083333334,-96.0,-104.0
1097.7166666666667,-96.0,0.0
1097.7333333333333,-96.0,0.0
1098.5333333333333,-96.0,0.0
1098.535,-96.0,0.0
1098.5785902777777,-96.0,0.0
1098.6031458333334,4.0,100.0
1099.1502152777778,4.0,0.0
1099.1702152777777,-96.0,-100.0
1099.5466666666666,-96.0,0.0
1099.5666666666666,-96.0,0.0
1106.9,-96.0,0.0
1106.9016666666666,-96.0,0.0
1106.988173611111,-96.0,0.0
1107.004861111111,0.0,96.0
1107.3333333333333,0.0,0.0
1107.3366652777777,-19.0,-19.0
1107.3830777777778,-19.0,0.0
1107.4,1.0,20.0
1107.5333333333333,1.0,0.0
1107.535,-24.0,-25.0
1107.5599930555557,-24.0,0.0
1107.5802569444445,1.0,25.0
1107.7333333333333,1.0,0.0
1107.745013888889,-8.0,-9.0
1107.765,-8.0,0.0
1107.785263888889,1.0,9.0
1107.871388888889,1.0,0.0
1107.8940194444444,-96.0,-97.0
1108.6969458333333,-96.0,0.0
1108.7202916666668,0.0,96.0
1109.0785416666668,0.0,0.0
1109.1016666666667,-20.0,-20.0
1109.1266597222223,-20.0,0.0
1109.1497847222222,2.0,22.0
1109.7233194444445,2.0,0.0
1109.744986111111,-96.0,-98.0
1110.145,-96.0,0.0
1110.1666666666667,-96.0,0.0
1111.0333333333333,-96.0,0.0
1111.0366652777777,-96.0,0.0
1111.111688888889,-96.0,0.0
1111.1293263888888,0.0,96.0
1111.5,0.0,0.0
1111.5016666666668,-23.0,-23.0
1111.511638888889,-23.0,0.0
1111.5333333333333,1.0,24.0
1111.6333333333334,1.0,0.0
1111.635,-18.0,-19.0
1111.6735833333332,-18.0,0.0
1111.691701388889,1.0,19.0
1111.8,1.0,0.0
1111.8033319444444,-20.0,-21.0
1111.8683416666668,-20.0,0.0
1111.888125,-1.0,19.0
1112.8856944444444,-1.0,0.0
1112.897375,-17.0,-16.0
1112.9037708333333,-17.0,0.0
1112.9190277777777,-1.0,16.0
1113.0666666666666,-1.0,0.0
1113.0683333333334,-13.0,-12.0
1113.0845277777778,-13.0,0.0
1113.1,-1.0,12.0
1113.6804027777778,-1.0,0.0
1113.6954027777779,-96.0,-95.0
1114.4453541666667,-96.0,0.0
1114.4603541666668,-1.0,95.0
1116.0419166666666,-1.0,0.0
1116.057173611111,-21.0,-20.0
1116.0671458333334,-21.0,0.0
1116.0838333333334,-1.0,20.0
1116.4252986111112,-1.0,0.0
1116.4425597222223,-96.0,-95.0
1116.719648611111,-96.0,0.0
1116.7333333333333,-96.0,0.0
1117.6666666666667,-96.0,0.0
1117.6699986111112,-96.0,0.0
1117.7457375,-96.0,0.0
1117.7648055555555,1.0,97.0
1118.4728194444444,1.0,0.0
1118.4896416666666,-96.0,-97.0
1118.8203513888889,-96.0,0.0
1118.8414652777778,2.0,98.0
1119.1666666666667,2.0,0.0
1119.1683333333333,-18.0,-20.0
1119.1954722222222,-18.0,0.0
1119.215736111111,3.0,21.0
1119.8434930555557,3.0,0.0
1119.8623194444444,-96.0,-99.0
1120.0502708333333,-96.0,0.0
1120.0769652777778,2.0,98.0
1120.7297569444445,2.0,0.0
1120.7473875,-96.0,-98.0
1120.9152722222223,-96.0,0.0
1120.935763888889,5.0,101.0
1121.6194583333333,5.0,0.0
1121.6389930555556,-96.0,-101.0
1121.8883333333333,-96.0,0.0
1121.9,-96.0,0.0
1125.5,-96.0,0.0
1125.5016666666668,-96.0,0.0
1125.5538402777777,-96.0,0.0
1125.5776805555556,3.0,99.0
1126.1666666666667,3.0,0.0
1126.1883333333333,-96.0,-99.0
1127.2099236111112,-96.0,0.0
1127.2315902777777,-2.0,94.0
1127.5804027777779,-2.0,0.0
1127.5968472222223,-96.0,-94.0
1127.7612361111112,-96.0,0.0
1127.7841180555556,-1.0,95.0
1127.9333333333334,-1.0,0.0
1127.9485902777778,-20.0,-19.0
1127.9728680555556,-20.0,0.0
1127.9931319444445,-1.0,19.0
1128.6666666666667,-1.0,0.0
1128.6683333333333,-19.0,-18.0
1128.686888888889,-19.0,0.0
1128.7,1.0,20.0
1128.9,1.0,0.0
1128.9088194444444,-10.0,-11.0
1128.9159305555556,-10.0,0.0
1128.9333333333334,-1.0,9.0
1130.0875555555556,-1.0,0.0
1130.1058875,-96.0,-95.0
1130.4816680555555,-96.0,0.0
1130.5,-96.0,0.0
1131.7666666666667,-96.0,0.0
1131.769998611111,-96.0,0.0
1131.8321472222221,-96.0,0.0
1131.8483541666667,0.0,96.0
1132.3537916666667,0.0,0.0
1132.3754583333334,-96.0,-96.0
1133.3391111111112,-96.0,0.0
1133.3607777777777,2.0,98.0
1133.4856944444443,2.0,0.0
1133.4988055555555,-13.0,-15.0
1133.5066319444445,-13.0,0.0
1133.5226041666667,2.0,15.0
1133.8,2.0,0.0
1133.8016666666667,-16.0,-18.0
1133.8316666666667,-16.0,0.0
1133.8547916666666,2.0,18.0
1134.1530763888888,2.0,0.0
1134.1683333333333,-96.0,-98.0
1134.2047708333334,-96.0,0.0
1134.2236041666667,0.0,96.0
1134.9333333333334,0.0,0.0
1134.935,-20.0,-20.0
1134.9707222222223,-20.0,0.0
1134.9902708333334,4.0,24.0
1135.2333333333333,4.0,0.0
1135.235,-22.0,-26.0
1135.2721527777778,-22.0,0.0
1135.2931319444444,4.0,26.0
1135.4914166666667,4.0,0.0
1135.5064166666666,-96.0,-100.0
1135.785,-96.0,0.0
1135.8,-96.0,0.0
1137.0,-96.0,0.0
1137.0016666666668,-96.0,0.0
1137.053125,-96.0,0.0
1137.073388888889,2.0,98.0
1137.9104444444445,2.0,0.0
1137.928776388889,-96.0,-98.0
1138.7322930555556,-96.0,0.0
1138.750625,2.0,98.0
1139.203576388889,2.0,0.0
1139.2181180555556,-19.0,-21.0
1139.2316666666666,-19.0,0.0
1139.2512152777779,1.0,20.0
1139.87425,1.0,0.0
1139.8949722222221,-96.0,-97.0
1140.185,-96.0,0.0
1140.2,-96.0,0.0
1140.9,-96.0,0.0
1140.9016666666666,-96.0,0.0
1140.9702916666668,-96.0,0.0
1140.9912708333334,1.0,97.0
1141.27525,1.0,0.0
1141.2905069444444,-23.0,-24.0
1141.3076319444444,-23.0,0.0
1141.3293263888888,-1.0,22.0
1141.4666666666667,-1.0,0.0
1141.4683333333332,-18.0,-17.0
1141.4833125,-18.0,0.0
1141.5,2.0,20.0
1141.8117347222221,2.0,0.0
1141.813401388889,-8.0,-10.0
1141.8434013888889,-8.0,0.0
1141.8450680555557,2.0,10.0
1142.1547916666666,2.0,0.0
1142.1714583333332,-96.0,-98.0
1142.4836180555556,-96.0,0.0
1142.5002847222222,1.0,97.0
1143.0502152777779,1.0,0.0
1143.0618958333334,-14.0,-15.0
1143.0876041666668,-14.0,0.0
1143.1,1.0,15.0
1143.9394861111111,1.0,0.0
1143.9594861111111,-96.0,-97.0
1144.3466666666666,-96.0,0.0
1144.3666666666666,-96.0,0.0
1146.2,-96.0,0.0
1146.2033319444445,-96.0,0.0
1146.302675,-96.0,0.0
1146.3224583333333,3.0,99.0
1146.7333333333333,3.0,0.0
1146.7442986111112,-21.0,-24.0
1146.7499791666667,-21.0,0.0
1146.7666666666667,1.0,22.0
1147.2423472222222,1.0,0.0
1147.254013888889,-96.0,-97.0
1147.4883333333332,-96.0,0.0
1147.5,-96.0,0.0
1149.1,-96.0,0.0
1149.1016666666667,-96.0,0.0
1149.1488333333334,-96.0,0.0
1149.1698125,1.0,97.0
1149.4666666666667,1.0,0.0
1149.4683333333332,-18.0,-19.0
1149.4876041666666,-18.0,0.0
1149.5,-1.0,17.0
1151.3333333333333,-1.0,0.0
1151.3366652777777,-23.0,-22.0
1151.4116888888889,-23.0,0.0
1151.4350486111111,1.0,24.0
1151.8409166666668,1.0,0.0
1151.8542486111112,-96.0,-97.0
1152.1200013888888,-96.0,0.0
1152.1333333333334,-96.0,0.0
1155.5333333333333,-96.0,0.0
1155.535,-96.0,0.0
1155.5835972222221,-96.0,0.0
1155.6067222222223,4.0,100.0
1156.6040069444443,4.0,0.0
1156.6190069444444,-96.0,-100.0
1156.9183333333333,-96.0,0.0
1156.9333333333334,-96.0,0.0
1161.6666666666667,-96.0,0.0
1161.6683333333333,-96.0,0.0
1161.7004791666666,-96.0,0.0
1161.715736111111,2.0,98.0
1162.0666666666666,2.0,0.0
1162.0683333333334,-26.0,-28.0
1162.0918958333334,-26.0,0.0
1162.1171666666667,8.0,34.0
1162.6828333333333,8.0,0.0
1162.6961652777777,-96.0,-104.0
1162.9533347222223,-96.0,0.0
1162.9666666666667,-96.0,0.0
1163.3666666666666,-96.0,0.0
1163.3699986111112,-96.0,0.0
1163.4443069444444,-96.0,0.0
1163.4612291666667,0.0,96.0
1164.3670972222221,0.0,0.0
1164.3844930555556,-96.0,-96.0
1164.5266666666666,-96.0,0.0
1164.5333333333333,-96.0,0.0
1165.6666666666667,-96.0,0.0
1165.6683333333333,-96.0,0.0
1165.7040555555554,-96.0,0.0
1165.7278958333334,1.0,97.0
1165.9978541666667,1.0,0.0
1166.0159722222222,-27.0,-28.0
1166.0359583333334,-27.0,0.0
1166.0576527777778,2.0,29.0
1167.1749652777778,2.0,0.0
1167.1911652777778,-96.0,-98.0
1167.4649111111112,-96.0,0.0
1167.4875486111112,3.0,99.0
1167.9433472222222,3.0,0.0
1167.9528819444445,-6.0,-9.0
1167.9592777777777,-6.0,0.0
1167.9702430555556,3.0,9.0
1168.1749652777778,3.0,0.0
1168.1906944444445,-96.0,-99.0
1168.3650972222222,-96.0,0.0
1168.3858333333333,1.0,97.0
1169.3875555555555,1.0,0.0
1169.405673611111,-25.0,-26.0
1169.4685763888888,-25.0,0.0
1169.4866944444445,1.0,26.0
1169.6333333333334,1.0,0.0
1169.635,-14.0,-15.0
1169.6442569444444,-14.0,0.0
1169.6666666666667,0.0,14.0
1170.4864097222223,0.0,0.0
1170.5054708333332,-96.0,-96.0
1170.6898069444444,-96.0,0.0
1170.710298611111,5.0,101.0
1171.7516458333334,5.0,0.0
1171.767838888889,-96.0,-101.0
1172.8597375,-96.0,0.0
1172.8852291666667,2.0,98.0
1173.8147361111112,2.0,0.0
1173.8304652777779,-96.0,-98.0
1173.9562291666666,-96.0,0.0
1173.9755347222222,7.0,103.0
1174.7068680555556,7.0,0.0
1174.7244986111111,-96.0,-103.0
1174.8916680555556,-96.0,0.0
1174.9,-96.0,0.0
1176.6666666666667,-96.0,0.0
1176.6683333333333,-96.0,0.0
1176.6918958333333,-96.0,0.0
1176.715736111111,1.0,97.0
1177.8595138888888,1.0,0.0
1177.8740555555555,-18.0,-19.0
1177.8854583333334,-18.0,0.0
1177.9071527777778,3.0,21.0
1178.471388888889,3.0,0.0
1178.4911652777778,-96.0,-99.0
1179.203376388889,-96.0,0.0
1179.2252986111112,4.0,100.0
1180.2133055555555,4.0,0.0
1180.2302208333333,-96.0,-100.0
1180.5611888888889,-96.0,0.0
1180.5781041666667,3.0,99.0
1180.9,3.0,0.0
1180.9216944444445,-15.0,-18.0
1180.950263888889,-15.0,0.0
1180.9783958333333,8.0,23.0
1181.4642361111112,8.0,0.0
1181.4802013888889,-96.0,-104.0
1181.6266666666668,-96.0,0.0
1181.6333333333334,-96.0,0.0
1184.1,-96.0,0.0
1184.1016666666667,-96.0,0.0
1184.1316666666667,-96.0,0.0
1184.1490694444444,2.0,98.0
1184.808298611111,2.0,0.0
1184.8249652777777,-96.0,-98.0
1185.15,-96.0,0.0
1185.1666666666667,-96.0,0.0
1186.3,-96.0,0.0
1186.3016666666667,-96.0,0.0
1186.3373888888889,-96.0,0.0
1186.3590833333333,6.0,102.0
1186.7183125,6.0,0.0
1186.735,-20.0,-26.0
1186.7757291666667,-20.0,0.0
1186.7945625,2.0,22.0
1187.2065833333334,2.0,0.0
1187.228986111111,-96.0,-98.0
1187.3933333333334,-96.0,0.0
1187.4,-96.0,0.0
1188.2333333333333,-96.0,0.0
1188.235,-96.0,0.0
1188.2707222222223,-96.0,0.0
1188.2952777777778,5.0,101.0
1188.9640902777778,5.0,0.0
1188.9824291666666,-96.0,-101.0
1189.1866680555556,-96.0,0.0
1189.2,-96.0,0.0
1190.4333333333334,-96.0,0.0
1190.435,-96.0,0.0
1190.467861111111,-96.0,0.0
1190.4859791666668,4.0,100.0
1190.8157361111112,4.0,0.0
1190.8309930555556,-15.0,-19.0
1190.8388194444444,-15.0,0.0
1190.8583680555555,9.0,24.0
1191.0,9.0,0.0
1191.0016666666668,-17.0,-26.0
1191.0159305555555,-17.0,0.0
1191.0333333333333,8.0,25.0
1191.8825486111111,8.0,0.0
1191.9054027777777,-96.0,-104.0
1192.4083333333333,-96.0,0.0
1192.4333333333334,-96.0,0.0
1198.6,-96.0,0.0
1198.6016666666667,-96.0,0.0
1198.6488333333334,-96.0,0.0
1198.6683819444445,2.0,98.0
1199.2949930555556,2.0,0.0
1199.3116666666667,-96.0,-98.0
1199.6525625,-96.0,0.0
1199.6713819444444,3.0,99.0
1200.3,3.0,0.0
1200.3016666666667,-10.0,-13.0
1200.310923611111,-10.0,0.0
1200.3261805555555,3.0,13.0
1200.9437777777778,3.0,0.0
1200.9576041666667,-18.0,-21.0
1200.9840277777778,-18.0,0.0
1201.0,3.0,21.0
1201.158798611111,3.0,0.0
1201.1711944444444,-10.0,-13.0
1201.1876041666667,-10.0,0.0
1201.2121597222222,5.0,15.0
1201.4666666666667,5.0,0.0
1201.4855,-26.0,-31.0
1201.4961875,-26.0,0.0
1201.5193125,2.0,28.0
1202.2642361111111,2.0,0.0
1202.2842569444445,-96.0,-98.0
1202.4279027777777,-96.0,0.0
1202.447923611111,2.0,98.0
1202.7175972222221,2.0,0.0
1202.732125,-96.0,-98.0
1203.1416875,-96.0,0.0
1203.1626527777778,3.0,99.0
1203.5835486111112,3.0,0.0
1203.6002152777778,-96.0,-99.0
1203.9166666666667,-96.0,0.0
1203.9333333333334,-96.0,0.0
1206.7,-96.0,0.0
1206.7016666666666,-96.0,0.0
1206.7452569444445,-96.0,0.0
1206.7626597222222,0.0,96.0
1206.9666666666667,0.0,0.0
1206.9819236111111,-15.0,-15.0
1206.9918958333333,-15.0,0.0
1207.0071527777777,0.0,15.0
1207.1512152777777,0.0,0.0
1207.1600347222222,-8.0,-8.0
1207.165,-8.0,0.0
1207.1788263888889,1.92865e-15,8.000000000000002
1207.270673611111,0.0,-1.92865e-15
1207.2830694444444,-19.0,-19.0
1207.3381041666667,-19.0,0.0
1207.3555069444444,1.0,20.0
1208.4333333333334,1.0,0.0
1208.4333347222223,-17.0,-18.0
1208.4526055555555,-17.0,0.0
1208.4759652777777,8.0,25.0
1208.702576388889,8.0,0.0
1208.7199652777779,-96.0,-104.0
1208.955,-96.0,0.0
1208.9666666666667,-96.0,0.0
1210.5666666666666,-96.0,0.0
1210.5683333333334,-96.0,0.0
1210.6276597222222,-96.0,0.0
1210.6500694444444,1.0,97.0
1210.821888888889,1.0,0.0
1210.835,-16.0,-17.0
1210.8471180555555,-16.0,0.0
1210.8666666666666,1.0,17.0
1211.0,1.0,0.0
1211.0016666666668,-16.0,-17.0
1211.0359583333334,-16.0,0.0
1211.0648055555555,1.0,17.0
1211.4226041666666,1.0,0.0
1211.4366652777778,-16.0,-17.0
1211.492376388889,-16.0,0.0
1211.5100138888888,1.0,17.0
1212.0114444444444,1.0,0.0
1212.0238402777777,-11.0,-12.0
1212.0259875,-11.0,0.0
1212.0383833333333,1.0,12.0
1212.1226041666666,1.0,0.0
1212.135,-19.0,-20.0
1212.175013888889,-19.0,0.0
1212.1945625,1.0,20.0
1212.7423472222222,1.0,0.0
1212.7606791666667,-96.0,-97.0
1213.115001388889,-96.0,0.0
1213.1333333333334,-96.0,0.0
1214.3666666666666,-96.0,0.0
1214.3683333333333,-96.0,0.0
1214.4087916666667,-96.0,0.0
1214.4306777777779,1.0,97.0
1214.6333333333334,1.0,0.0
1214.635,-17.0,-18.0
1214.6440833333334,-17.0,0.0
1214.6624833333333,1.0,18.0
1214.777125,1.0,0.0
1214.7885527777778,-15.0,-16.0
1214.7955444444444,-15.0,0.0
1214.8104583333334,1.0,16.0
1214.9333333333334,1.0,0.0
1214.935,-22.0,-23.0
1214.9726694444444,-22.0,0.0
1214.9945555555555,2.0,24.0
1215.5,2.0,0.0
1215.5016666666668,-19.0,-21.0
1215.5316666666668,-19.0,0.0
1215.547975,2.0,21.0
1215.6110888888888,2.0,0.0
1215.6224583333333,-8.0,-10.0
1215.6316666666667,-8.0,0.0
1215.6458083333334,2.0,10.0
1216.0714138888889,2.0,0.0
1216.086413888889,-96.0,-98.0
1216.385,-96.0,0.0
1216.4,-96.0,0.0
1219.3333333333333,-96.0,0.0
1219.335,-96.0,0.0
1219.3726694444445,-96.0,0.0
1219.3945555555556,3.0,99.0
1220.3019583333332,3.0,0.0
1220.3169583333333,-96.0,-99.0
1220.6183333333333,-96.0,0.0
1220.6333333333334,-96.0,0.0
1222.3333333333333,-96.0,0.0
1222.335,-96.0,0.0
1222.3754583333334,-96.0,0.0
1222.3938583333334,3.0,99.0
1222.7666666666667,3.0,0.0
1222.7683333333334,-20.0,-23.0
1222.8122777777778,-20.0,0.0
1222.8306777777777,5.0,25.0
1223.4186916666667,5.0,0.0
1223.4375694444445,-96.0,-101.0
1223.845,-96.0,0.0
1223.8666666666666,-96.0,0.0
1225.5333333333333,-96.0,0.0
1225.535,-96.0,0.0
1225.5796416666667,-96.0,0.0
1225.5994361111111,4.0,100.0
1225.8333333333333,4.0,0.0
1225.835,-19.0,-23.0
1225.8608166666668,-19.0,0.0
1225.8785194444445,1.0,20.0
1225.9722444444444,1.0,0.0
1225.9850666666666,-6.0,-7.0
1225.9899666666668,-6.0,0.0
1226.0,1.0,7.0
1226.610888888889,1.0,0.0
1226.6225555555557,-96.0,-97.0
1226.8883333333333,-96.0,0.0
1226.9,-96.0,0.0
1228.3333333333333,-96.0,0.0
1228.335,-96.0,0.0
1228.3852194444444,-96.0,0.0
1228.4078027777778,1.0,97.0
1228.9,1.0,0.0
1228.9016666666666,-30.0,-31.0
1228.9344555555556,-30.0,0.0
1228.9521583333333,0.0,30.0
1229.5316722222221,0.0,0.0
1229.5438833333333,-96.0,-96.0
1230.4337138888889,-96.0,0.0
1230.4528972222222,1.0,97.0
1231.34575,1.0,0.0
1231.3614805555555,-96.0,-97.0
1231.4933333333333,-96.0,0.0
1231.5,-96.0,0.0
1233.2333333333333,-96.0,0.0
1233.235,-96.0,0.0
1233.2670916666666,-96.0,0.0
1233.2834,2.0,98.0
1234.1666666666667,2.0,0.0
1234.1766666666667,-96.0,-98.0
1235.1257027777779,-96.0,0.0
1235.1419777777778,0.0,96.0
1235.2825694444443,0.0,0.0
1235.2974833333333,-21.0,-21.0
1235.3072638888889,-21.0,0.0
1235.3256638888888,3.0,24.0
1236.155511111111,3.0,0.0
1236.1721777777777,-96.0,-99.0
1236.4833333333333,-96.0,0.0
1236.5,-96.0,0.0
1238.5333333333333,-96.0,0.0
1238.535,-96.0,0.0
1238.5601194444444,-96.0,0.0
1238.5764277777778,5.0,101.0
1239.820086111111,5.0,0.0
1239.8384180555556,-96.0,-101.0
1240.1816680555555,-96.0,0.0
1240.2,-96.0,0.0
1241.9,-96.0,0.0
1241.9016666666666,-96.0,0.0
1241.9539777777777,-96.0,0.0
1241.9751666666666,2.0,98.0
1243.0333333333333,2.0,0.0
1243.035,-23.0,-25.0
1243.0440833333334,-23.0,0.0
1243.0666666666666,1.0,24.0
1243.2666666666667,1.0,0.0
1243.2683333333334,-19.0,-20.0
1243.3046083333334,-19.0,0.0
1243.322311111111,1.0,20.0
1243.8164666666667,1.0,0.0
1243.8320444444444,-96.0,-97.0
1244.1040777777778,-96.0,0.0
1244.1203527777777,1.0,97.0
1244.519388888889,1.0,0.0
1244.530936111111,-96.0,-97.0
1244.7687666666666,-96.0,0.0
1244.7893777777779,1.0,97.0
1247.5138111111112,1.0,0.0
1247.5245416666667,-15.0,-16.0
1247.546175,-15.0,0.0
1247.5652722222221,1.0,16.0
1247.68745,1.0,0.0
1247.6946944444444,-17.0,-18.0
1247.7030805555555,-17.0,0.0
1247.722875,1.0,18.0
1248.3178611111111,1.0,0.0
1248.332861111111,-96.0,-97.0
1249.3196055555557,-96.0,0.0
1249.3346055555555,1.0,97.0
1249.7666666666667,1.0,0.0
1249.7683333333334,-19.0,-20.0
1249.8213416666667,-19.0,0.0
1249.8369527777777,1.0,20.0
1251.1345944444445,1.0,0.0
1251.1490819444443,-96.0,-97.0
1251.2648625,-96.0,0.0
1251.2849277777777,5.0,101.0
1251.5333333333333,5.0,0.0
1251.55,-96.0,-101.0
1251.85,-96.0,0.0
1251.8666666666666,-96.0,0.0
1258.1666666666667,-96.0,0.0
1258.1683333333333,-96.0,0.0
1258.2073972222222,-96.0,0.0
1258.2292833333333,3.0,99.0
1259.0359888888888,3.0,0.0
1259.0493208333332,-96.0,-99.0
1259.3200013888888,-96.0,0.0
1259.3333333333333,-96.0,0.0
1262.3666666666666,-96.0,0.0
1262.3683333333333,-96.0,0.0
1262.4018194444445,-96.0,0.0
1262.4195222222222,1.0,97.0
1262.6666666666667,1.0,0.0
1262.6683333333333,-21.0,-22.0
1262.6788111111111,-21.0,0.0
1262.7,1.0,22.0
1262.8,1.0,0.0
1262.8114277777777,-26.0,-27.0
1262.8316666666667,-26.0,0.0
1262.8486722222221,-1.0,25.0
1262.9380805555556,-1.0,0.0
1262.950476388889,-21.0,-20.0
1263.0327902777778,-21.0,0.0
1263.0570388888889,1.0,22.0
1263.5541166666667,1.0,0.0
1263.5677555555556,-96.0,-97.0
1263.6968194444444,-96.0,0.0
1263.71255,1.0,97.0
1263.8666666666666,1.0,0.0
1263.8780944444445,-17.0,-18.0
1263.8948472222223,-17.0,0.0
1263.9090638888888,2.0,19.0
1264.4333333333334,2.0,0.0
1264.4516652777777,-96.0,-98.0
1264.7816680555557,-96.0,0.0
1264.8,-96.0,0.0
1271.0333333333333,-96.0,0.0
1271.035,-96.0,0.0
1271.0977694444443,-96.0,0.0
1271.1182611111112,-1.0,95.0
1271.2026555555556,-1.0,0.0
1271.218963888889,-18.0,-17.0
1271.2629083333334,-18.0,0.0
1271.2827027777778,-1.0,17.0
1271.7832666666666,-1.0,0.0
1271.7955111111112,-96.0,-95.0
1272.2146194444445,-96.0,0.0
1272.2317444444445,2.0,98.0
1273.2853583333333,2.0,0.0
1273.2953916666668,-17.0,-19.0
1273.3065666666666,-17.0,0.0
1273.3235722222223,4.0,21.0
1273.5436583333333,4.0,0.0
1273.5536583333333,-96.0,-100.0
1273.7566666666667,-96.0,0.0
1273.7666666666667,-96.0,0.0
1274.6,-96.0,0.0
1274.6016666666667,-96.0,0.0
1274.6553722222222,-96.0,0.0
1274.6737722222222,3.0,99.0
1275.1111555555556,3.0,0.0
1275.1263402777777,-19.0,-22.0
1275.140326388889,-19.0,0.0
1275.168061111111,1.0,20.0
1275.577125,1.0,0.0
1275.5871583333333,-7.0,-8.0
1275.5934527777779,-7.0,0.0
1275.6041833333334,1.0,8.0
1275.8117194444444,1.0,0.0
1275.8233861111112,-96.0,-97.0
1276.4496277777778,-96.0,0.0
1276.468963888889,1.0,97.0
1277.0333333333333,1.0,0.0
1277.035,-26.0,-27.0
1277.0887055555556,-26.0,0.0
1277.1133805555555,7.0,33.0
1277.5235722222221,7.0,0.0
1277.5403902777778,-96.0,-103.0
1277.7866680555555,-96.0,0.0
1277.8,-96.0,0.0
1279.0,-96.0,0.0
1279.0016666666668,-96.0,0.0
1279.0379416666667,-96.0,0.0
1279.0549472222222,1.0,97.0
1279.2,1.0,0.0
1279.2016666666666,-18.0,-19.0
1279.2316666666666,-18.0,0.0
1279.263313888889,1.0,19.0
1280.66235,1.0,0.0
1280.6788972222223,-96.0,-97.0
1281.1092194444445,-96.0,0.0
1281.127161111111,1.0,97.0
1281.7478416666668,1.0,0.0
1281.7603569444445,-96.0,-97.0
1281.9326708333333,-96.0,0.0
1281.9535527777778,5.0,101.0
1282.1403055555556,5.0,0.0
1282.1524305555556,-6.0,-11.0
1282.1580277777778,-6.0,0.0
1282.1687583333332,5.0,11.0
1282.2930277777778,5.0,0.0
1282.3063597222222,-96.0,-101.0
1282.7708680555556,-96.0,0.0
1282.7946583333332,1.0,97.0
1283.3666666666666,1.0,0.0
1283.3683333333333,-22.0,-23.0
1283.3899666666666,-22.0,0.0
1283.4083666666668,1.0,23.0
1284.7054444444445,1.0,0.0
1284.7196277777778,-96.0,-97.0
1285.0648694444444,-96.0,0.0
1285.0811444444444,3.0,99.0
1285.5700194444444,3.0,0.0
1285.5850194444445,-96.0,-99.0
1285.885,-96.0,0.0
1285.9,-96.0,0.0
1287.2666666666667,-96.0,0.0
1287.2683333333334,-96.0,0.0
1287.3011222222221,-96.0,0.0
1287.3195222222223,2.0,98.0
1288.2333333333333,2.0,0.0
1288.2366652777778,-17.0,-19.0
1288.3064291666667,-17.0,0.0
1288.328586111111,2.0,19.0
1289.0415666666668,2.0,0.0
1289.059898611111,-96.0,-98.0
1289.5893069444444,-96.0,0.0
1289.607638888889,2.0,98.0
1290.3,2.0,0.0
1290.3156111111111,-14.0,-16.0
1290.3233,-14.0,0.0
1290.3333333333333,3.0,17.0
1291.2333333333333,3.0,0.0
1291.24755,-19.0,-22.0
1291.265,-19.0,0.0
1291.280611111111,2.0,21.0
1291.8670972222221,2.0,0.0
1291.8799194444443,-9.0,-11.0
1291.965,-9.0,0.0
1291.9827027777778,0.0,9.0
1292.0729416666666,0.0,0.0
1292.0871583333333,-19.0,-19.0
1292.0927555555556,-19.0,0.0
1292.1104583333333,5.0,24.0
1292.242961111111,5.0,0.0
1292.2615847222223,-96.0,-101.0
1292.6205305555557,-96.0,0.0
1292.6391541666667,-96.0,0.0
1294.6,-96.0,0.0
1294.6016666666667,-96.0,0.0
1294.6525833333333,-96.0,0.0
1294.6716805555557,2.0,98.0
1295.5076694444444,2.0,0.0
1295.5177027777777,-15.0,-17.0
1295.5316666666668,-15.0,0.0
1295.5486722222222,2.0,17.0
1295.677688888889,2.0,0.0
1295.6943555555556,-96.0,-98.0
1296.0166666666667,-96.0,0.0
1296.0333333333333,-96.0,0.0
1304.4333333333334,-96.0,0.0
1304.435,-96.0,0.0
1304.486613888889,-96.0,0.0
1304.502225,1.0,97.0
1304.7200861111112,1.0,0.0
1304.735,-16.0,-17.0
1304.7705777777778,-16.0,0.0
1304.7931611111112,6.0,22.0
1305.0589972222222,6.0,0.0
1305.0749986111111,-96.0,-102.0
1305.3079708333332,-96.0,0.0
1305.3274583333334,3.0,99.0
1305.455511111111,3.0,0.0
1305.4683333333332,-17.0,-20.0
1305.4746277777779,-17.0,0.0
1305.4923305555556,7.0,24.0
1305.5860555555555,7.0,0.0
1305.6002722222222,-20.0,-27.0
1305.6372444444444,-20.0,0.0
1305.6556444444445,6.0,26.0
1305.7666666666667,6.0,0.0
1305.769998611111,-12.0,-18.0
1305.8591097222222,-12.0,0.0
1305.8756097222222,6.0,18.0
1305.9721111111112,6.0,0.0
1305.9875694444445,-96.0,-102.0
1306.7957083333333,-96.0,0.0
1306.8181388888888,3.0,99.0
1306.8666666666666,3.0,0.0
1306.8683333333333,-5.0,-8.0
1306.8775416666667,-5.0,0.0
1306.8937625,3.0,8.0
1307.002788888889,3.0,0.0
1307.0170055555554,-18.0,-21.0
1307.0393361111112,-18.0,0.0
1307.0577361111111,8.0,26.0
1307.606972222222,8.0,0.0
1307.6217333333334,-8.0,-16.0
1307.6810555555555,-8.0,0.0
1307.7,8.0,16.0
1307.917861111111,8.0,0.0
1307.9345277777777,-96.0,-104.0
1308.2833333333333,-96.0,0.0
1308.3,-96.0,0.0
1309.3333333333333,-96.0,0.0
1309.335,-96.0,0.0
1309.3789444444444,-96.0,0.0
1309.3973444444443,4.0,100.0
1309.4687583333334,4.0,0.0
1309.4836722222221,-19.0,-23.0
1309.5018194444444,-19.0,0.0
1309.5209166666666,4.0,23.0
1309.6521583333333,4.0,0.0
1309.663586111111,-12.0,-16.0
1309.6656972222222,-12.0,0.0
1309.6778222222222,5.0,17.0
1309.9790833333334,5.0,0.0
1309.9953583333333,-96.0,-101.0
1310.3559388888889,-96.0,0.0
1310.3770944444445,2.0,98.0
1310.9478416666666,2.0,0.0
1310.957875,-16.0,-18.0
1310.971838888889,-16.0,0.0
1310.9881472222223,6.0,22.0
1311.2583,6.0,0.0
1311.2724833333334,-96.0,-102.0
1311.9363555555556,-96.0,0.0
1311.954025,3.0,99.0
1312.5657027777777,3.0,0.0
1312.5807027777778,-96.0,-99.0
1312.9845694444443,-96.0,0.0
1313.0030555555556,1.0,97.0
1313.3,1.0,0.0
1313.30585,-6.0,-7.0
1313.3442166666666,-6.0,0.0
1313.360525,0.0,6.0
1313.4750333333334,0.0,0.0
1313.482975,-18.0,-18.0
1313.4955444444445,-18.0,0.0
1313.5139444444444,2.0,20.0
1313.9499333333333,2.0,0.0
1313.961361111111,-9.0,-11.0
1313.9955444444445,-9.0,0.0
1314.0111555555557,2.0,11.0
1314.1090638888888,2.0,0.0
1314.1232805555555,-12.0,-14.0
1314.1288777777777,-12.0,0.0
1314.1458833333334,2.0,14.0
1314.9832666666666,2.0,0.0
1314.9974152777777,-96.0,-98.0
1315.3483347222223,-96.0,0.0
1315.3666666666666,-96.0,0.0
1318.3666666666666,-96.0,0.0
1318.3683333333333,-96.0,0.0
1318.4122777777777,-96.0,0.0
1318.427888888889,5.0,101.0
1318.6666666666667,5.0,0.0
1318.6683333333333,-15.0,-20.0
1318.6809027777779,-15.0,0.0
1318.7,3.0,18.0
1319.0596944444444,3.0,0.0
1319.0767,-17.0,-20.0
1319.0969388888889,-17.0,0.0
1319.1139444444445,3.0,20.0
1319.624136111111,3.0,0.0
1319.6374680555555,-96.0,-99.0
1320.6297736111112,-96.0,0.0
1320.6431055555556,2.0,98.0
1321.693725,2.0,0.0
1321.708725,-96.0,-98.0
1322.1488472222222,-96.0,0.0
1322.1638472222223,0.0,96.0
1323.473638888889,0.0,0.0
1323.4850666666666,-8.0,-8.0
1323.4983333333332,-8.0,0.0
1323.5167333333334,1.0,9.0
1323.681175,1.0,0.0
1323.6953916666666,-19.0,-20.0
1323.7477027777777,-19.0,0.0
1323.7758638888888,2.0,21.0
1323.9,2.0,0.0
1323.9016666666666,-16.0,-18.0
1323.9351527777778,-16.0,0.0
1323.9528555555555,2.0,18.0
1324.0312416666666,2.0,0.0
1324.0479083333332,-96.0,-98.0
1324.4333333333334,-96.0,0.0
1324.44,-96.0,0.0
1324.4950222222221,-96.0,0.0
1324.5116888888888,-1.0,95.0
1324.550238888889,-1.0,0.0
1324.5583,2.0,3.0
1324.938777777778,2.0,0.0
1324.9488111111111,-15.0,-17.0
1324.9781138888889,-15.0,0.0
1324.9958166666668,2.0,17.0
1325.34575,2.0,0.0
1325.3627555555556,-17.0,-19.0
1325.3802055555554,-17.0,0.0
1325.3965138888889,9.0,26.0
1325.7262277777777,9.0,0.0
1325.7428944444443,-96.0,-105.0
1326.0833333333333,-96.0,0.0
1326.1,-96.0,0.0
1327.1,-96.0,0.0
1327.1016666666667,-96.0,0.0
1327.129575,-96.0,0.0
1327.151461111111,4.0,100.0
1327.4666666666667,4.0,0.0
1327.4683333333332,-15.0,-19.0
1327.4927555555555,-15.0,0.0
1327.51255,4.0,19.0
1328.2,4.0,0.0
1328.2016666666666,-11.0,-15.0
1328.2748944444445,-11.0,0.0
1328.3016611111111,2.0,13.0
1328.8242694444446,2.0,0.0
1328.835,-12.0,-14.0
1328.8482666666666,-12.0,0.0
1328.8652722222223,7.0,19.0
1328.9666666666667,7.0,0.0
1328.9683333333332,-16.0,-23.0
1328.9955444444445,-16.0,0.0
1329.0181277777779,10.0,26.0
1329.2853583333333,10.0,0.0
1329.302025,-96.0,-106.0
1329.6166666666666,-96.0,0.0
1329.6333333333334,-96.0,0.0
1330.5,-96.0,0.0
1330.5016666666668,-96.0,0.0
1330.5302722222223,-96.0,0.0
1330.55425,0.0,96.0
1331.7666666666667,0.0,0.0
1331.7683333333334,-23.0,-23.0
1331.8178555555555,-23.0,0.0
1331.8543833333333,1.0,24.0
1331.938777777778,1.0,0.0
1331.9529944444444,-15.0,-16.0
1331.99415,-15.0,0.0
1332.0118527777777,2.0,17.0
1332.4108888888888,2.0,0.0
1332.4242208333333,-96.0,-98.0
1332.9542680555555,-96.0,0.0
1332.9696916666667,3.0,99.0
1333.2928944444445,3.0,0.0
1333.3078944444444,-96.0,-99.0
1333.7075777777777,-96.0,0.0
1333.7225777777778,3.0,99.0
1333.997775,3.0,0.0
1334.013386111111,-17.0,-20.0
1334.065,-17.0,0.0
1334.0813083333333,6.0,23.0
1334.3909361111112,6.0,0.0
1334.4063597222223,-96.0,-102.0
1334.6533347222223,-96.0,0.0
1334.6666666666667,-96.0,0.0
1337.6666666666667,-96.0,0.0
1337.6683333333333,-96.0,0.0
1337.7011222222222,-96.0,0.0
1337.7167333333334,0.0,96.0
1337.9666666666667,0.0,0.0
1337.9776680555556,-10.0,-10.0
1338.0404597222223,-10.0,0.0
1338.050763888889,1.0,11.0
1338.1312416666667,1.0,0.0
1338.1426694444444,-15.0,-16.0
1338.171275,-15.0,0.0
1338.1924638888888,3.0,18.0
1338.4221777777777,3.0,0.0
1338.4348472222223,-96.0,-99.0
1338.5360027777779,-96.0,0.0
1338.55425,7.0,103.0
1338.8666666666666,7.0,0.0
1338.8827555555556,-96.0,-103.0
1339.2783333333334,-96.0,0.0
1339.3,-96.0,0.0
1341.8,-96.0,0.0
1341.8033319444444,-96.0,0.0
1341.8654263888889,-96.0,0.0
1341.8834,0.0,96.0
1342.1,0.0,0.0
1342.1128222222221,-18.0,-18.0
1342.1246944444445,-18.0,0.0
1342.1430944444444,1.0,19.0
1342.7666666666667,1.0,0.0
1342.7683333333334,-24.0,-25.0
1342.8053055555556,-24.0,0.0
1342.828586111111,4.0,28.0
1343.4602583333333,4.0,0.0
1343.4743222222223,-96.0,-100.0
1343.5880277777778,-96.0,0.0
1343.606275,1.0,97.0
1344.1464472222222,1.0,0.0
1344.1631138888888,-96.0,-97.0
1344.695986111111,-96.0,0.0
1344.7126527777777,6.0,102.0
1345.0305444444443,6.0,0.0
1345.0426694444445,-23.0,-29.0
1345.0482666666667,-23.0,0.0
1345.0666666666666,3.0,26.0
1345.1569055555556,3.0,0.0
1345.1723638888889,-25.0,-28.0
1345.2581805555556,-25.0,0.0
1345.2792166666666,1.0,26.0
1346.100563888889,1.0,0.0
1346.1149861111112,-96.0,-97.0
1346.7720027777777,-96.0,0.0
1346.7975805555557,3.0,99.0
1347.1804777777777,3.0,0.0
1347.1954777777778,-96.0,-99.0
1347.7408805555556,-96.0,0.0
1347.7558805555554,2.0,98.0
1347.9195222222222,2.0,0.0
1347.9302527777777,-12.0,-14.0
1347.93585,-12.0,0.0
1347.951461111111,2.0,14.0
1348.7,2.0,0.0
1348.7128222222223,-20.0,-22.0
1348.7219055555556,-20.0,0.0
1348.735425,7.0,27.0
1348.9111555555555,7.0,0.0
1348.924675,-24.0,-31.0
1348.9309694444444,-24.0,0.0
1348.9472777777778,4.0,28.0
1349.6145083333333,4.0,0.0
1349.636175,-96.0,-100.0
1350.045,-96.0,0.0
1350.0666666666666,-96.0,0.0
1357.9,-96.0,0.0
1357.9016666666666,-96.0,0.0
1357.9372444444443,-96.0,0.0
1357.9549472222222,0.0,96.0
1358.486886111111,0.0,0.0
1358.4969194444445,-10.0,-10.0
1358.503213888889,-10.0,0.0
1358.5167333333334,1.0,11.0
1358.590238888889,1.0,0.0
1358.6033319444443,-96.0,-97.0
1358.6612208333333,-96.0,0.0
1358.6807444444444,5.0,101.0
1358.9471444444443,5.0,0.0
1358.9627555555555,-10.0,-15.0
1358.9697472222222,-10.0,0.0
1358.9888444444443,6.0,16.0
1359.3338972222223,6.0,0.0
1359.350563888889,-96.0,-102.0
1360.0375222222222,-96.0,0.0
1360.0541888888888,1.0,97.0
1360.3061416666667,1.0,0.0
1360.3186569444445,-96.0,-97.0
1360.5014291666666,-96.0,0.0
1360.5209166666666,1.0,97.0
1360.8096277777777,1.0,0.0
1360.8231472222221,-15.0,-16.0
1360.867788888889,-15.0,0.0
1360.8973444444443,2.0,17.0
1361.9499333333333,2.0,0.0
1361.9649333333334,-96.0,-98.0
1362.88335,-96.0,0.0
1362.9039277777779,6.0,102.0
1363.5333333333333,6.0,0.0
1363.5505444444445,-96.0,-102.0
1364.8333333333333,-96.0,0.0
1364.8416652777778,-96.0,0.0
1364.8650416666667,-96.0,0.0
1364.8850416666667,-2.0,94.0
1364.9916680555555,-2.0,0.0
1365.0,1.0,3.0
1365.7396083333333,1.0,0.0
1365.7496416666668,-7.0,-8.0
1365.765,-7.0,0.0
1365.7820055555555,2.0,9.0
1366.1499333333334,2.0,0.0
1366.1665125,-23.0,-25.0
1366.2146625,-23.0,0.0
1366.2347277777778,8.0,31.0
1366.754813888889,8.0,0.0
1366.773723611111,-96.0,-104.0
1367.0200013888889,-96.0,0.0
1367.0333333333333,-96.0,0.0
1369.9333333333334,-96.0,0.0
1369.935,-96.0,0.0
1369.967788888889,-96.0,0.0
1369.9820055555556,2.0,98.0
1370.3408694444445,2.0,0.0
1370.3569069444445,-16.0,-18.0
1370.394576388889,-16.0,0.0
1370.4090638888888,3.0,19.0
1371.1284527777777,3.0,0.0
1371.1434527777778,-96.0,-99.0
1371.9614694444444,-96.0,0.0
1371.9764694444445,4.0,100.0
1372.4333333333334,4.0,0.0
1372.435,-15.0,-19.0
1372.4573305555555,-15.0,0.0
1372.4764277777779,5.0,20.0
1372.5693222222221,5.0,0.0
1372.586175,-10.0,-15.0
1372.7005777777779,-10.0,0.0
1372.7160361111112,5.0,15.0
1372.9371166666667,5.0,0.0
1372.956877777778,-96.0,-101.0
1373.359988888889,-96.0,0.0
1373.3804472222223,1.0,97.0
1373.5,1.0,0.0
1373.5016666666668,-18.0,-19.0
1373.5191166666666,-18.0,0.0
1373.5423972222222,6.0,24.0
1373.707536111111,6.0,0.0
1373.727536111111,-96.0,-102.0
1374.1133333333332,-96.0,0.0
1374.1333333333334,-96.0,0.0
1376.7,-96.0,0.0
1376.7016666666666,-96.0,0.0
1376.7602527777779,-96.0,0.0
1376.77935,0.0,96.0
1376.913811111111,0.0,0.0
1376.9273305555555,-18.0,-18.0
1376.946175,-18.0,0.0
1376.9827027777778,1.0,19.0
1377.3333333333333,1.0,0.0
1377.335,-16.0,-17.0
1377.3684861111112,-16.0,0.0
1377.399436111111,1.0,17.0
1377.6333333333334,1.0,0.0
1377.635,-19.0,-20.0
1377.6880083333333,-19.0,0.0
1377.7057111111112,1.0,20.0
1377.9930277777778,1.0,0.0
1378.0082125,-96.0,-97.0
1378.0877375,-96.0,0.0
1378.105711111111,1.0,97.0
1378.3832666666667,1.0,0.0
1378.3982666666666,-96.0,-97.0
1378.9018361111112,-96.0,0.0
1378.916836111111,2.0,98.0
1379.2179944444445,2.0,0.0
1379.2313263888889,-96.0,-98.0
1379.5375652777777,-96.0,0.0
1379.5536861111111,1.0,97.0
1379.8832666666667,1.0,0.0
1379.8970569444446,-96.0,-97.0
1379.9737930555555,-96.0,0.0
1379.989675,1.0,97.0
1380.2666666666667,1.0,0.0
1380.2683333333334,-15.0,-16.0
1380.2822972222223,-15.0,0.0
1380.3,1.0,16.0
1380.6277555555555,1.0,0.0
1380.6426694444444,-21.0,-22.0
1380.6684861111112,-21.0,0.0
1380.686886111111,9.0,30.0
1380.8513277777777,9.0,0.0
1380.8646597222223,-96.0,-105.0
1381.4232930555556,-96.0,0.0
1381.4442944444445,2.0,98.0
1381.9797805555556,2.0,0.0
1381.9981805555556,-20.0,-22.0
1382.0184194444444,-20.0,0.0
1382.0333333333333,-1.0,19.0
1382.3,-1.0,0.0
1382.31,-96.0,-95.0
1382.5353194444444,-96.0,0.0
1382.5543833333334,0.0,96.0
1382.7172972222222,0.0,0.0
1382.735,-22.0,-22.0
1382.7385055555555,-22.0,0.0
1382.7617861111112,1.0,23.0
1382.839475,1.0,0.0
1382.8495083333332,-16.0,-17.0
1382.8829944444444,-16.0,0.0
1382.9,-1.0,15.0
1383.2117194444445,-1.0,0.0
1383.2300513888888,-96.0,-95.0
1384.2872569444444,-96.0,0.0
1384.305588888889,4.0,100.0
1384.7666666666667,4.0,0.0
1384.7783333333334,-96.0,-100.0
1385.0455055555556,-96.0,0.0
1385.0669333333333,1.0,97.0
1385.6666666666667,1.0,0.0
1385.6683333333333,-22.0,-23.0
1385.685086111111,-22.0,0.0
1385.7,1.0,23.0
1386.0471444444445,1.0,0.0
1386.0638111111111,-96.0,-97.0
1386.586225,-96.0,0.0
1386.6028916666667,1.0,97.0
1386.907536111111,1.0,0.0
1386.9238444444445,-20.0,-21.0
1386.9392027777778,-20.0,0.0
1386.9583,1.0,21.0
1387.0666666666666,1.0,0.0
1387.0683333333334,-25.0,-26.0
1387.0829944444445,-25.0,0.0
1387.1013944444444,1.0,26.0
1387.8881472222222,1.0,0.0
1387.9016666666666,-24.0,-25.0
1387.9100527777778,-24.0,0.0
1387.9333333333334,2.0,26.0
1388.5666666666666,2.0,0.0
1388.5776680555555,-21.0,-23.0
1388.6202402777778,-21.0,0.0
1388.6333333333334,1.0,22.0
1388.7666666666667,1.0,0.0
1388.769998611111,-16.0,-17.0
1388.8216347222221,-16.0,0.0
1388.8403055555555,1.0,17.0
1389.5,1.0,0.0
1389.5166666666667,-96.0,-97.0
1390.0941611111111,-96.0,0.0
1390.1108277777778,1.0,97.0
1390.2834,1.0,0.0
1390.2962222222222,-11.0,-12.0
1390.299727777778,-11.0,0.0
1390.3146416666666,1.0,12.0
1390.452025,1.0,0.0
1390.4683333333332,-20.0,-21.0
1390.4843888888888,-20.0,0.0
1390.5,1.0,21.0
1390.6409569444445,1.0,0.0
1390.652326388889,-6.0,-7.0
1390.6594555555555,-6.0,0.0
1390.6694388888889,1.0,7.0
1391.0277555555556,1.0,0.0
1391.0391833333333,-19.0,-20.0
1391.0698805555555,-19.0,0.0
1391.0847944444445,-2.0,17.0
1391.1860555555556,-2.0,0.0
1391.2016666666666,-24.0,-22.0
1391.2602527777779,-24.0,0.0
1391.3016611111111,2.0,26.0
1391.7333333333333,2.0,0.0
1391.735,-17.0,-19.0
1391.7601194444444,-17.0,0.0
1391.7820055555555,-1.0,16.0
1392.2581666666667,-1.0,0.0
1392.2747458333333,-96.0,-95.0
1392.3877375,-96.0,0.0
1392.405711111111,2.0,98.0
1392.7979083333332,2.0,0.0
1392.80585,-10.0,-12.0
1392.8072638888889,-10.0,0.0
1392.8196125,2.0,12.0
1393.0,2.0,0.0
1393.0016666666668,-26.0,-28.0
1393.0477027777779,-26.0,0.0
1393.0716805555555,3.0,29.0
1393.2721111111111,3.0,0.0
1393.2888097222221,-96.0,-99.0
1393.4583347222222,-96.0,0.0
1393.4666666666667,-96.0,0.0
1397.029575,-96.0,0.0
1397.0500666666667,4.0,100.0
1397.2762944444444,4.0,0.0
1397.2879611111111,-96.0,-100.0
1397.5216666666668,-96.0,0.0
1397.5333333333333,-96.0,0.0
1398.3,-96.0,0.0
1398.3016666666667,-96.0,0.0
1398.3484,-96.0,0.0
1398.3709833333332,3.0,99.0
1398.4799138888889,3.0,0.0
1398.4983138888888,-18.0,-21.0
1398.503213888889,-18.0,0.0
1398.5278888888888,7.0,25.0
1398.6235722222223,7.0,0.0
1398.6370916666667,-17.0,-24.0
1398.6698805555557,-17.0,0.0
1398.689675,7.0,24.0
1399.0984722222222,7.0,0.0
1399.1159875,-96.0,-103.0
1399.3866680555554,-96.0,0.0
1399.4,-96.0,0.0
1400.3666666666666,-96.0,0.0
1400.3699986111112,-96.0,0.0
1400.4209375,-96.0,0.0
1400.4430944444443,0.0,96.0
1400.519388888889,-1.92865e-15,-1.92865e-15
1400.535,-14.0,-13.999999999999998
1400.5545416666666,-14.0,0.0
1400.5840972222222,0.0,14.0
1400.7916333333333,0.0,0.0
1400.8072444444444,-96.0,-96.0
1400.867225,-96.0,0.0
1400.8849277777779,0.0,96.0
1401.168061111111,0.0,0.0
1401.1808833333334,-27.0,-27.0
1401.1983333333333,-27.0,0.0
1401.2167333333334,0.0,27.0
1402.052025,0.0,0.0
1402.0683333333334,-20.0,-20.0
1402.090663888889,-20.0,0.0
1402.1055777777779,5.0,25.0
1402.4429611111111,5.0,0.0
1402.4603569444444,-96.0,-101.0
1402.7818763888888,-96.0,0.0
1402.802061111111,3.0,99.0
1402.9,3.0,0.0
1402.9135194444445,-23.0,-26.0
1402.9233,-23.0,0.0
1402.9472777777778,4.0,27.0
1403.5755972222223,4.0,0.0
1403.5902041666666,-96.0,-100.0
1403.7583347222221,-96.0,0.0
1403.7666666666667,-96.0,0.0
1405.0,-96.0,0.0
1405.0033319444444,-96.0,0.0
1405.0682152777779,-96.0,0.0
1405.086188888889,-2.0,94.0
1405.352025,-2.0,0.0
1405.3648472222221,-20.0,-18.0
1405.3816,-20.0,0.0
1405.4,1.0,21.0
1405.6,1.0,0.0
1405.6107305555556,-20.0,-21.0
1405.619813888889,-20.0,0.0
1405.6333333333334,1.0,21.0
1405.7403055555556,1.0,0.0
1405.753825,-13.0,-14.0
1405.765,-13.0,0.0
1405.7799138888888,1.0,14.0
1406.0436583333333,1.0,0.0
1406.0571777777777,-14.0,-15.0
1406.09415,-14.0,0.0
1406.106972222222,2.0,16.0
1406.6096277777779,2.0,0.0
1406.6280277777778,-96.0,-98.0
1406.6977694444445,-96.0,0.0
1406.7161694444444,3.0,99.0
1406.8,3.0,0.0
1406.8093361111112,-14.0,-17.0
1406.8316666666667,-14.0,0.0
1406.8500666666666,3.0,17.0
1407.4,3.0,0.0
1407.415,-96.0,-99.0
1408.1291305555555,-96.0,0.0
1408.1441305555556,4.0,100.0
1408.27085,4.0,0.0
1408.2857638888888,-14.0,-18.0
1408.2920583333334,-14.0,0.0
1408.3090638888889,4.0,18.0
1408.6755972222222,4.0,0.0
1408.6939291666667,-96.0,-100.0
1409.8208569444444,-96.0,0.0
1409.8391888888889,2.0,98.0
1410.0214805555556,2.0,0.0
1410.0315138888889,-12.0,-14.0
1410.046175,-12.0,0.0
1410.061088888889,2.0,14.0
1410.1333333333334,2.0,0.0
1410.147123611111,-14.0,-16.0
1410.2022458333333,-14.0,0.0
1410.2209166666667,2.0,16.0
1410.3,2.0,0.0
1410.3135194444444,-18.0,-20.0
1410.3274833333332,-18.0,0.0
1410.3403055555555,5.0,23.0
1410.5666666666666,5.0,0.0
1410.5804569444444,-21.0,-26.0
1410.6320930555555,-21.0,0.0
1410.6500666666666,1.0,22.0
1410.952025,1.0,0.0
1410.9655444444445,-22.0,-23.0
1410.9822972222223,-22.0,0.0
1411.0041833333332,8.0,30.0
1411.3589972222221,8.0,0.0
1411.3733333333332,-96.0,-104.0
1411.5323777777778,-96.0,0.0
1411.5488055555556,3.0,99.0
1411.9666666666667,3.0,0.0
1411.9683333333332,-19.0,-22.0
1411.9983333333332,-19.0,0.0
1412.0167333333334,6.0,25.0
1412.3387777777778,6.0,0.0
1412.3574166666667,-96.0,-102.0
1412.5883333333334,-96.0,0.0
1412.6,-96.0,0.0
1413.6333333333334,-96.0,0.0
1413.64,-96.0,0.0
1413.7307166666667,-96.0,0.0
1413.7534194444445,3.0,99.0
1414.0396083333333,3.0,0.0
1414.0489444444445,-3.0,-6.0
1414.0608166666666,-3.0,0.0
1414.0666666666666,3.0,6.0
1414.1610888888888,3.0,0.0
1414.1744555555556,-15.0,-18.0
1414.2477222222221,-15.0,0.0
1414.2687583333334,4.0,19.0
1414.494986111111,4.0,0.0
1414.5078083333333,-15.0,-19.0
1414.574063888889,-15.0,0.0
1414.5882805555555,4.0,19.0
1414.6750333333334,4.0,0.0
1414.6885527777779,-13.0,-17.0
1414.6962416666668,-13.0,0.0
1414.7195222222222,4.0,17.0
1414.9221777777777,4.0,0.0
1414.9388444444444,-96.0,-100.0
1415.736661111111,-96.0,0.0
1415.7589055555557,5.0,101.0
1415.9186916666667,5.0,0.0
1415.9294222222222,-15.0,-20.0
1415.9566333333332,-15.0,0.0
1415.9854916666666,5.0,20.0
1416.471413888889,5.0,0.0
1416.4856305555556,-96.0,-101.0
1416.5490972222221,-96.0,0.0
1416.5695888888888,3.0,99.0
1417.0387777777778,3.0,0.0
1417.050476388889,-16.0,-19.0
1417.118148611111,-16.0,0.0
1417.1333333333334,3.0,19.0
1417.4094944444444,3.0,0.0
1417.4267388888888,-96.0,-99.0
1417.6883333333333,-96.0,0.0
1417.7,-96.0,0.0
1419.1333333333334,-96.0,0.0
1419.1366652777779,-96.0,0.0
1419.1994569444444,-96.0,0.0
1419.2230083333334,1.0,97.0
1419.9338972222222,1.0,0.0
1419.9488111111111,-19.0,-20.0
1420.0094888888889,-19.0,0.0
1420.0320722222223,4.0,23.0
1420.1437916666666,4.0,0.0
1420.154522222222,-9.0,-13.0
1420.1803388888889,-9.0,0.0
1420.1945555555556,3.0,12.0
1421.2094944444445,3.0,0.0
1421.2270097222222,-96.0,-99.0
1421.645501388889,-96.0,0.0
1421.6644111111111,6.0,102.0
1421.7513277777778,6.0,0.0
1421.7683333333334,-16.0,-22.0
1421.7774166666666,-16.0,0.0
1421.7916333333333,3.0,19.0
1421.9839638888889,3.0,0.0
1421.998725,-5.0,-8.0
1422.0838444444444,-5.0,0.0
1422.1016652777778,3.0,8.0
1422.3196597222222,3.0,0.0
1422.335,-22.0,-25.0
1422.355936111111,-22.0,0.0
1422.3757305555555,6.0,28.0
1422.5790833333333,6.0,0.0
1422.5940833333334,-96.0,-102.0
1422.885,-96.0,0.0
1422.9,-96.0,0.0
1423.7,-96.0,0.0
1423.7033319444445,-96.0,0.0
1423.771701388889,-96.0,0.0
1423.7917666666667,3.0,99.0
1423.9,3.0,0.0
1423.9016666666666,-20.0,-23.0
1423.9156305555555,-20.0,0.0
1423.9333333333334,3.0,23.0
1424.3061416666667,3.0,0.0
1424.319473611111,-96.0,-99.0
1424.5866680555555,-96.0,0.0
1424.6,-96.0,0.0
1425.8,-96.0,0.0
1425.8016666666667,-96.0,0.0
1425.838638888889,-96.0,0.0
1425.864011111111,2.0,98.0
1426.0117194444445,2.0,0.0
1426.0273305555556,-24.0,-26.0
1426.0880083333334,-24.0,0.0
1426.1091972222223,1.0,25.0
1426.213811111111,1.0,0.0
1426.2273305555555,-18.0,-19.0
1426.2405972222223,-18.0,0.0
1426.2555111111112,0.0,18.0
1426.322875,0.0,0.0
1426.3391833333333,-22.0,-22.0
1426.4110166666667,-22.0,0.0
1426.4301138888889,1.0,23.0
1426.732338888889,1.0,0.0
1426.748613888889,-96.0,-97.0
1426.8456444444444,-96.0,0.0
1426.8661027777778,4.0,100.0
1427.0,4.0,0.0
1427.0016666666668,-16.0,-20.0
1427.0191166666666,-16.0,0.0
1427.0382138888888,7.0,23.0
1427.1576027777778,7.0,0.0
1427.1683333333333,-10.0,-17.0
1427.1983333333333,-10.0,0.0
1427.2167333333334,7.0,17.0
1427.552025,7.0,0.0
1427.567025,-96.0,-103.0
1427.8516666666667,-96.0,0.0
1427.8666666666666,-96.0,0.0
1429.4,-96.0,0.0
1429.4033319444445,-96.0,0.0
1429.4926180555556,-96.0,0.0
1429.514775,4.0,100.0
1429.9,4.0,0.0
1429.9066666666668,-15.0,-19.0
1430.0224833333334,-15.0,0.0
1430.0423972222222,5.0,20.0
1430.4117194444445,5.0,0.0
1430.4317194444445,-96.0,-101.0
1431.0880388888888,-96.0,0.0
1431.111525,7.0,103.0
1431.6333333333334,7.0,0.0
1431.6383333333333,-12.0,-19.0
1431.7436722222221,-12.0,0.0
1431.7640111111111,7.0,19.0
1432.084661111111,7.0,0.0
1432.1029930555555,-96.0,-103.0
1432.4483347222222,-96.0,0.0
1432.4666666666667,-96.0,0.0
1433.6666666666667,-96.0,0.0
1433.6683333333333,-96.0,0.0
1433.7324972222223,-96.0,0.0
1433.7495027777777,4.0,100.0
1434.6415666666667,4.0,0.0
1434.6553569444445,-96.0,-100.0
1434.7697430555556,-96.0,0.0
1434.7870194444445,4.0,100.0
1435.1846611111112,4.0,0.0
1435.1967861111111,-17.0,-21.0
1435.213538888889,-17.0,0.0
1435.2333333333333,2.0,19.0
1436.0880138888888,2.0,0.0
1436.1092027777777,-96.0,-98.0
1436.1845222222223,-96.0,0.0
1436.205013888889,10.0,106.0
1437.2033527777778,10.0,0.0
1437.2183527777777,-96.0,-106.0
1437.6229166666667,-96.0,0.0
1437.6379166666666,1.0,97.0
1438.054813888889,1.0,0.0
1438.064813888889,-96.0,-97.0
1438.2566666666667,-96.0,0.0
1438.2666666666667,-96.0,0.0
1441.6,-96.0,0.0
1441.6033319444443,-96.0,0.0
1441.6793708333332,-96.0,0.0
1441.6980416666668,3.0,99.0
1442.5408694444445,3.0,0.0
1442.552536111111,-96.0,-99.0
1442.8615416666667,-96.0,0.0
1442.8766944444444,1.0,97.0
1443.0666666666666,1.0,0.0
1443.0760027777778,-15.0,-16.0
1443.0822972222222,-15.0,0.0
1443.1,1.0,16.0
1443.6,1.0,0.0
1443.615611111111,-15.0,-16.0
1443.6504916666668,-15.0,0.0
1443.6716805555557,2.0,17.0
1444.0,2.0,0.0
1444.0016666666668,-21.0,-23.0
1444.044913888889,-21.0,0.0
1444.064011111111,3.0,24.0
1444.3492361111112,3.0,0.0
1444.364236111111,-96.0,-99.0
1444.73115,-96.0,0.0
1444.7531222222221,2.0,98.0
1445.4944222222223,2.0,0.0
1445.5079416666667,-26.0,-28.0
1445.5400333333334,-26.0,0.0
1445.5570388888889,5.0,31.0
1446.0,5.0,0.0
1446.0216666666668,-96.0,-101.0
1446.4116666666666,-96.0,0.0
1446.4333333333334,-96.0,0.0
1449.4333333333334,-96.0,0.0
1449.4366652777778,-96.0,0.0
1449.5350152777778,-96.0,0.0
1449.5529888888889,1.0,97.0
1449.750763888889,1.0,0.0
1449.7642833333334,-15.0,-16.0
1449.774761111111,-15.0,0.0
1449.7917666666667,1.0,16.0
1449.8860555555555,1.0,0.0
1449.8970569444446,-96.0,-97.0
1449.9800680555556,-96.0,0.0
1449.9994361111112,1.0,97.0
1450.0235722222221,1.0,0.0
1450.035,-8.0,-9.0
1450.0392027777777,-8.0,0.0
1450.0527222222222,1.0,9.0
1450.2,1.0,0.0
1450.2033319444445,-16.0,-17.0
1450.2521791666666,-16.0,0.0
1450.2666666666667,4.0,20.0
1450.3970777777777,4.0,0.0
1450.4119583333334,-96.0,-100.0
1450.672836111111,-96.0,0.0
1450.6932944444445,4.0,100.0
1451.8373833333333,4.0,0.0
1451.852263888889,-96.0,-100.0
1452.1103527777777,-96.0,0.0
1452.1294166666667,4.0,100.0
1452.4548138888888,4.0,0.0
1452.4714805555554,-96.0,-100.0
1452.7833333333333,-96.0,0.0
1452.8,-96.0,0.0
1454.3,-96.0,0.0
1454.3016666666667,-96.0,0.0
1454.3560694444445,-96.0,0.0
1454.3765611111112,6.0,102.0
1454.4888444444443,6.0,0.0
1454.5051527777778,-21.0,-27.0
1454.5553722222223,-21.0,0.0
1454.5744694444445,1.0,22.0
1455.1333333333334,1.0,0.0
1455.1366652777779,-24.0,-25.0
1455.1841180555555,-24.0,0.0
1455.2,2.0,26.0
1455.484661111111,2.0,0.0
1455.4981805555556,-13.0,-15.0
1455.5065666666667,-13.0,0.0
1455.5179944444444,2.0,15.0
1455.6235722222223,2.0,0.0
1455.6333347222221,-20.0,-22.0
1455.6507847222222,-20.0,0.0
1455.6687583333332,9.0,29.0
1455.9942888888888,9.0,0.0
1456.011413888889,-96.0,-105.0
1456.2659777777778,-96.0,0.0
1456.2831027777777,5.0,101.0
1456.9408694444444,5.0,0.0
1456.9597791666667,-96.0,-101.0
1457.7220013888889,-96.0,0.0
1457.740213888889,1.0,97.0
1457.9541166666668,1.0,0.0
1457.9718194444445,-27.0,-28.0
1458.0018194444444,-27.0,0.0
1458.0216138888889,3.0,30.0
1458.155511111111,3.0,0.0
1458.1683333333333,-21.0,-24.0
1458.1906638888888,-21.0,0.0
1458.2069722222222,1.0,22.0
1458.8666666666666,1.0,0.0
1458.8683333333333,-15.0,-16.0
1458.8788111111112,-15.0,0.0
1458.890238888889,5.0,20.0
1459.1755972222222,5.0,0.0
1459.1939291666667,-96.0,-101.0
1459.5483347222223,-96.0,0.0
1459.5666666666666,-96.0,0.0
1462.2666666666667,-96.0,0.0
1462.2683333333334,-96.0,0.0
1462.325525,-96.0,0.0
1462.3481083333334,5.0,101.0
1462.8417,5.0,0.0
1462.8531277777777,-16.0,-21.0
1462.8573305555556,-16.0,0.0
1462.8785194444445,5.0,21.0
1463.0944222222222,5.0,0.0
1463.1147611111112,-96.0,-101.0
1463.2096416666666,-96.0,0.0
1463.231375,2.0,98.0
1463.5666666666666,2.0,0.0
1463.5683333333334,-15.0,-17.0
1463.5892694444444,-15.0,0.0
1463.6076694444444,5.0,20.0
1464.3333333333333,5.0,0.0
1464.335,-19.0,-24.0
1464.365,-19.0,0.0
1464.3820055555555,1.0,20.0
1464.7867527777778,1.0,0.0
1464.8019055555555,-96.0,-97.0
1465.0265472222222,-96.0,0.0
1465.0423972222222,3.0,99.0
1465.6666666666667,3.0,0.0
1465.6683333333333,-17.0,-20.0
1465.7206444444444,-17.0,0.0
1465.741136111111,2.0,19.0
1466.0256638888889,2.0,0.0
1466.0370916666666,-10.0,-12.0
1466.065,-10.0,0.0
1466.0847944444445,1.0,11.0
1466.1666666666667,1.0,0.0
1466.1844847222221,-11.0,-12.0
1466.2179930555556,-11.0,0.0
1466.2333333333333,2.0,13.0
1466.6408694444444,2.0,0.0
1466.6557833333334,-6.0,-8.0
1466.6892694444443,-6.0,0.0
1466.7,2.0,8.0
1466.7527222222222,2.0,0.0
1466.7697791666667,-96.0,-98.0
1467.210001388889,-96.0,0.0
1467.2333333333333,-96.0,0.0
1468.7666666666667,-96.0,0.0
1468.7683333333334,-96.0,0.0
1468.8206444444445,-96.0,0.0
1468.8383472222222,2.0,98.0
1469.0333333333333,2.0,0.0
1469.035,-10.0,-12.0
1469.0559361111111,-10.0,0.0
1469.074336111111,4.0,14.0
1469.1755972222222,4.0,0.0
1469.191175,-96.0,-100.0
1469.39,-96.0,0.0
1469.4,-96.0,0.0
1470.4,-96.0,0.0
1470.4016666666666,-96.0,0.0
1470.457463888889,-96.0,0.0
1470.4758638888889,3.0,99.0
1471.3333333333333,3.0,0.0
1471.335,-20.0,-23.0
1471.365,-20.0,0.0
1471.3889777777779,10.0,30.0
1471.8,10.0,0.0
1471.82,-96.0,-106.0
1472.18,-96.0,0.0
1472.2,-96.0,0.0
1473.0666666666666,-96.0,0.0
1473.0683333333334,-96.0,0.0
1473.1087916666668,-96.0,0.0
1473.1299805555554,5.0,101.0
1473.4762944444444,5.0,0.0
1473.4912944444445,-96.0,-101.0
1473.785,-96.0,0.0
1473.8,-96.0,0.0
1482.1333333333334,-96.0,0.0
1482.1366652777779,-96.0,0.0
1482.2161902777777,-96.0,0.0
1482.2369527777778,3.0,99.0
1482.9,3.0,0.0
1482.92,-96.0,-99.0
1483.5693472222222,-96.0,0.0
1483.5893472222222,4.0,100.0
1483.8333333333333,4.0,0.0
1483.835,-15.0,-19.0
1483.865,-15.0,0.0
1483.8847944444444,2.0,17.0
1484.0569055555557,2.0,0.0
1484.0683333333334,-16.0,-18.0
1484.09415,-16.0,0.0
1484.1209166666667,5.0,21.0
1484.2333333333333,5.0,0.0
1484.246426388889,-17.0,-22.0
1484.307126388889,-17.0,0.0
1484.3271916666667,3.0,20.0
1484.574336111111,3.0,0.0
1484.5896402777778,-18.0,-21.0
1484.7473125,-18.0,0.0
1484.7709833333333,3.0,21.0
1485.1785194444444,3.0,0.0
1485.1906444444444,-15.0,-18.0
1485.19415,-15.0,0.0
1485.2097611111112,6.0,21.0
1485.3110222222222,6.0,0.0
1485.3210555555556,-4.0,-10.0
1485.365,-4.0,0.0
1485.3827027777777,6.0,10.0
1485.4928944444443,6.0,0.0
1485.5122625,-10.0,-16.0
1485.6106125,-10.0,0.0
1485.6292833333334,6.0,16.0
1485.7666666666667,6.0,0.0
1485.7833333333333,-96.0,-102.0
1486.0833333333333,-96.0,0.0
1486.1,-96.0,0.0
1487.5666666666666,-96.0,0.0
1487.5683333333334,-96.0,0.0
1487.5983333333334,-96.0,0.0
1487.616036111111,2.0,98.0
1487.9298472222222,2.0,0.0
1487.9433666666666,-17.0,-19.0
1487.961513888889,-17.0,0.0
1487.980611111111,3.0,20.0
1488.2666666666667,3.0,0.0
1488.2683333333334,-14.0,-17.0
1488.3046083333334,-14.0,0.0
1488.3251,2.0,16.0
1488.3569055555556,2.0,0.0
1488.36415,-12.0,-14.0
1488.3704444444445,-12.0,0.0
1488.4,2.0,14.0
1488.6333333333334,2.0,0.0
1488.6433666666667,-10.0,-12.0
1488.6447805555556,-10.0,0.0
1488.6596944444445,2.0,12.0
1488.8333333333333,2.0,0.0
1488.8533333333332,-96.0,-98.0
1490.0235055555556,-96.0,0.0
1490.0435055555556,5.0,101.0
1490.419388888889,5.0,0.0
1490.435,-9.0,-14.0
1490.4531472222222,-9.0,0.0
1490.4666666666667,5.0,14.0
1490.5200861111111,5.0,0.0
1490.5294222222221,-14.0,-19.0
1490.565,-14.0,0.0
1490.5750333333333,5.0,19.0
1490.8256638888888,5.0,0.0
1490.84,-96.0,-101.0
1490.96,-96.0,0.0
1490.9827027777778,4.0,100.0
1491.2818722222223,4.0,0.0
1491.2952041666667,-96.0,-100.0
1491.7199708333333,-96.0,0.0
1491.7430638888889,3.0,99.0
1492.4576027777778,3.0,0.0
1492.4759347222223,-96.0,-99.0
1492.815001388889,-96.0,0.0
1492.8333333333333,-96.0,0.0
1493.6333333333334,-96.0,0.0
1493.635,-96.0,0.0
1493.6796416666666,-96.0,0.0
1493.6973444444445,4.0,100.0
1494.1221777777778,4.0,0.0
1494.1321777777778,-96.0,-100.0
1494.4627777777778,-96.0,0.0
1494.482538888889,2.0,98.0
1494.5361222222223,2.0,0.0
1494.5468527777778,-14.0,-16.0
1494.5719722222223,-14.0,0.0
1494.5882805555555,2.0,16.0
1494.922875,2.0,0.0
1494.935,-13.0,-15.0
1494.9622111111112,-13.0,0.0
1494.9764277777779,2.0,15.0
1495.6518916666666,2.0,0.0
1495.6688972222223,-21.0,-23.0
1495.7316666666666,-21.0,0.0
1495.7472777777778,1.0,22.0
1496.1705833333333,1.0,0.0
1496.19225,-96.0,-97.0
1496.4101,-96.0,0.0
1496.4240444444445,10.0,106.0
1496.5997444444445,10.0,0.0
1496.6150833333334,-96.0,-106.0
1496.6931083333334,-96.0,0.0
1496.714775,3.0,99.0
1497.3596944444444,3.0,0.0
1497.3773972222223,-19.0,-22.0
1497.4067,-19.0,0.0
1497.4306777777779,5.0,24.0
1497.6270583333333,5.0,0.0
1497.643725,-96.0,-101.0
1498.0301805555555,-96.0,0.0
1498.0468472222221,5.0,101.0
1498.8019583333332,5.0,0.0
1498.8200875,-24.0,-29.0
1498.866123611111,-24.0,0.0
1498.8966472222223,5.0,29.0
1499.1117194444444,5.0,0.0
1499.128386111111,-96.0,-101.0
1499.45,-96.0,0.0
1499.4666666666667,-96.0,0.0
1500.5,-96.0,0.0
1500.5033319444444,-96.0,0.0
1500.5919208333332,-96.0,0.0
1500.6098944444445,2.0,98.0
1500.8074027777777,2.0,0.0
1500.8207347222221,-96.0,-98.0
1501.2406208333334,-96.0,0.0
1501.2630166666668,2.0,98.0
1501.4333333333334,2.0,0.0
1501.451036111111,-24.0,-26.0
1501.5228694444445,-24.0,0.0
1501.5468472222221,5.0,29.0
1501.8511944444444,5.0,0.0
1501.8711944444444,-96.0,-101.0
1502.28,-96.0,0.0
1502.3,-96.0,0.0
1505.9,-96.0,0.0
1505.9083319444444,-96.0,0.0
1505.9333333333334,-96.0,0.0
1505.935,-96.0,0.0
1505.9894027777777,-96.0,0.0
1506.0078027777777,0.0,96.0
1506.0583347222223,0.0,0.0
1506.0820055555555,4.0,4.0
1506.620086111111,4.0,0.0
1506.6344222222222,-96.0,-100.0
1506.76,-96.0,0.0
1506.7666666666667,-96.0,0.0
1511.1666666666667,-96.0,0.0
1511.1699986111112,-96.0,0.0
1511.2362763888889,-96.0,0.0
1511.257038888889,4.0,100.0
1511.4666666666667,4.0,0.0
1511.4683333333332,-15.0,-19.0
1511.4934527777777,-15.0,0.0
1511.5048805555555,3.0,18.0
1512.4742027777777,3.0,0.0
1512.4908694444443,-96.0,-99.0
1512.8166666666666,-96.0,0.0
1512.8333333333333,-96.0,0.0
1516.0666666666666,-96.0,0.0
1516.069998611111,-96.0,0.0
1516.1251208333333,-96.0,0.0
1516.1451861111111,2.0,98.0
1516.5333333333333,2.0,0.0
1516.5426694444445,-20.0,-22.0
1516.5580277777779,-20.0,0.0
1516.5785194444445,5.0,25.0
1516.84575,5.0,0.0
1516.8590819444444,-96.0,-101.0
1517.1200013888888,-96.0,0.0
1517.1333333333334,-96.0,0.0
1517.9666666666667,-96.0,0.0
1517.9683333333332,-96.0,0.0
1518.012975,-96.0,0.0
1518.034163888889,3.0,99.0
1518.4333333333334,3.0,0.0
1518.435,-14.0,-17.0
1518.4510555555555,-14.0,0.0
1518.477125,2.0,16.0
1518.5845277777778,2.0,0.0
1518.6044416666666,-96.0,-98.0
1518.8011361111112,-96.0,0.0
1518.8203527777778,4.0,100.0
1518.9276222222222,4.0,0.0
1518.9467194444444,-15.0,-19.0
1519.028313888889,-15.0,0.0
1519.0522916666666,4.0,19.0
1519.2729416666666,4.0,0.0
1519.2857638888888,-13.0,-17.0
1519.3039111111111,-13.0,0.0
1519.3230083333333,-1.0,12.0
1519.4,-1.0,0.0
1519.4170055555555,-21.0,-20.0
1519.4400333333333,-21.0,0.0
1519.4654055555557,9.0,30.0
1519.8262277777778,9.0,0.0
1519.8422291666666,-96.0,-105.0
1520.0424319444444,-96.0,0.0
1520.0598277777779,0.0,96.0
1520.4270583333334,0.0,0.0
1520.441275,-16.0,-16.0
1520.45245,-16.0,0.0
1520.4722444444444,2.0,18.0
1520.6375166666667,2.0,0.0
1520.6460027777778,-7.0,-9.0
1520.7095083333334,-7.0,0.0
1520.722875,2.0,9.0
1520.9166,2.0,0.0
1520.9332666666667,-96.0,-98.0
1521.25,-96.0,0.0
1521.2666666666667,-96.0,0.0
1522.8333333333333,-96.0,0.0
1522.835,-96.0,0.0
1522.8984666666668,-96.0,0.0
1522.9168666666667,1.0,97.0
1523.1962472222222,1.0,0.0
1523.2108541666666,-96.0,-97.0
1523.3666666666666,-96.0,0.0
1523.3733333333332,-96.0,0.0
1523.4375513888888,-96.0,0.0
1523.45425,0.0,96.0
1523.4947277777778,0.0,0.0
1523.51255,8.0,8.0
1523.968625,8.0,0.0
1523.993690277778,-96.0,-104.0
1524.1583347222222,-96.0,0.0
1524.1666666666667,-96.0,0.0
1530.0333333333333,-96.0,0.0
1530.035,-96.0,0.0
1530.07755,-96.0,0.0
1530.1008305555556,2.0,98.0
1530.4276222222222,2.0,0.0
1530.4414125,-96.0,-98.0
1530.5760180555556,-96.0,0.0
1530.598175,0.0,96.0
1530.7110222222223,0.0,0.0
1530.725238888889,-18.0,-18.0
1530.7517527777777,-18.0,0.0
1530.7666666666667,2.0,20.0
1531.3471444444444,2.0,0.0
1531.359813888889,-96.0,-98.0
1531.506986111111,-96.0,0.0
1531.5252333333333,3.0,99.0
1532.0333333333333,3.0,0.0
1532.0447027777777,-13.0,-16.0
1532.0518319444445,-13.0,0.0
1532.0666666666666,2.0,15.0
1532.4896041666666,2.0,0.0
1532.5048666666667,-96.0,-98.0
1532.918923611111,-96.0,0.0
1532.9390375,2.0,98.0
1533.1132347222222,2.0,0.0
1533.1287625,-15.0,-17.0
1533.157376388889,-15.0,0.0
1533.1791416666667,0.0,15.0
1533.3194722222222,0.0,0.0
1533.335,-12.0,-12.0
1533.357376388889,-12.0,0.0
1533.378448611111,2.0,14.0
1533.6424097222223,2.0,0.0
1533.6611236111112,-13.0,-15.0
1533.7098361111111,-13.0,0.0
1533.7304944444445,1.0,14.0
1534.4201652777779,1.0,0.0
1534.4384972222222,-96.0,-97.0
1535.0699791666666,-96.0,0.0
1535.0883111111111,5.0,101.0
1535.1896041666666,5.0,0.0
1535.2016666666666,-4.0,-9.0
1535.2268152777779,-4.0,0.0
1535.2423430555555,6.0,10.0
1535.4909902777779,6.0,0.0
1535.5016666666668,-11.0,-17.0
1535.5288944444444,-11.0,0.0
1535.5444222222222,3.0,14.0
1536.0847527777778,3.0,0.0
1536.1055597222223,-96.0,-99.0
1536.2957597222223,-96.0,0.0
1536.313101388889,2.0,98.0
1536.44165,2.0,0.0
1536.4516333333333,-10.0,-12.0
1536.4677722222223,-10.0,0.0
1536.4860722222222,2.0,12.0
1536.9833666666666,2.0,0.0
1536.996698611111,-96.0,-98.0
1537.9900527777777,-96.0,0.0
1538.0110083333334,3.0,99.0
1538.0666666666666,3.0,0.0
1538.0773430555555,-12.0,-15.0
1538.114273611111,-12.0,0.0
1538.1339597222222,3.0,15.0
1538.5618152777777,3.0,0.0
1538.5801472222222,-96.0,-99.0
1539.7328069444445,-96.0,0.0
1539.7511388888888,2.0,98.0
1539.8847527777777,2.0,0.0
1539.9016666666666,-16.0,-18.0
1539.9316666666666,-16.0,0.0
1539.9499666666666,6.0,22.0
1540.188911111111,6.0,0.0
1540.2016666666666,-13.0,-19.0
1540.209488888889,-13.0,0.0
1540.2388777777778,4.0,17.0
1540.5027722222221,4.0,0.0
1540.5141416666668,-1.0,-5.0
1540.5441416666667,-1.0,0.0
1540.5534319444444,4.0,5.0
1540.9666666666667,4.0,0.0
1540.985561111111,-96.0,-100.0
1541.3783333333333,-96.0,0.0
1541.4,-96.0,0.0
1542.4666666666667,-96.0,0.0
1542.4699986111111,-96.0,0.0
1542.5397041666668,-96.0,0.0
1542.5610555555556,6.0,102.0
1542.6805277777778,6.0,0.0
1542.6946694444443,-14.0,-20.0
1542.7073430555556,-14.0,0.0
1542.723563888889,4.0,18.0
1543.4896708333333,4.0,0.0
1543.5085319444445,-96.0,-100.0
1543.6,-96.0,0.0
1543.6066666666666,-96.0,0.0
1543.6622930555557,-96.0,0.0
1543.6922430555555,0.0,96.0
1543.7266666666667,0.0,0.0
1543.7333333333333,2.0,2.0
1544.295148611111,2.0,0.0
1544.3043069444445,-7.0,-9.0
1544.395,-7.0,0.0
1544.4131680555556,0.0,7.0
1544.682673611111,0.0,0.0
1544.691963888889,-8.0,-8.0
1544.7129541666666,-8.0,0.0
1544.724323611111,2.0,10.0
1544.9666666666667,2.0,0.0
1544.9759569444445,-9.0,-11.0
1544.9823930555556,-9.0,0.0
1544.9993069444445,2.0,11.0
1545.1778222222222,2.0,0.0
1545.1940430555555,-18.0,-20.0
1545.2288944444444,-18.0,0.0
1545.2451152777778,3.0,21.0
1545.7805277777777,3.0,0.0
1545.790511111111,-5.0,-8.0
1545.7962541666666,-5.0,0.0
1545.8083166666668,3.0,8.0
1546.056963888889,3.0,0.0
1546.0724916666666,-18.0,-21.0
1546.0775416666668,-18.0,0.0
1546.0951486111112,7.0,25.0
1546.3118486111111,7.0,0.0
1546.3285152777778,-96.0,-103.0
1547.1150402777778,-96.0,0.0
1547.1344791666668,0.0,96.0
1547.3167,0.0,0.0
1547.335,-19.0,-19.0
1547.3490597222221,-19.0,0.0
1547.370825,1.0,20.0
1547.9472611111112,1.0,0.0
1547.9672263888888,-96.0,-97.0
1548.0556444444444,-96.0,0.0
1548.0735305555556,2.0,98.0
1548.1117819444444,2.0,0.0
1548.1203791666667,-10.0,-12.0
1548.1524583333332,-10.0,0.0
1548.1672930555555,2.0,12.0
1548.6666666666667,2.0,0.0
1548.6799986111112,-96.0,-98.0
1548.920001388889,-96.0,0.0
1548.9333333333334,-96.0,0.0
1551.5333333333333,-96.0,0.0
1551.5333347222222,-96.0,0.0
1551.5751166666666,-96.0,0.0
1551.5930027777779,2.0,98.0
1551.7735972222222,2.0,0.0
1551.7870458333334,-17.0,-19.0
1551.801798611111,-17.0,0.0
1551.8180194444444,0.0,17.0
1552.2402638888889,0.0,0.0
1552.2509402777778,-14.0,-14.0
1552.2719305555556,-14.0,0.0
1552.290923611111,1.0,15.0
1552.4007597222221,1.0,0.0
1552.4142083333334,-19.0,-20.0
1552.4546041666667,-19.0,0.0
1552.4749833333333,9.0,28.0
1552.6312541666666,9.0,0.0
1552.6412375,-14.0,-23.0
1552.6587625,-14.0,0.0
1552.6784486111112,2.0,16.0
1552.8645875,2.0,0.0
1552.8790083333333,-1.0,-3.0
1552.939011111111,-1.0,0.0
1552.949273611111,1.0,2.0
1553.9,1.0,0.0
1553.9179208333333,-96.0,-97.0
1554.6036569444445,-96.0,0.0
1554.6236569444445,0.0,96.0
1555.0666666666666,0.0,0.0
1555.0817805555555,-19.0,-19.0
1555.1182194444445,-19.0,0.0
1555.1388777777777,2.0,21.0
1555.2,2.0,0.0
1555.2099833333334,-7.0,-9.0
1555.2171125,-7.0,0.0
1555.2277888888889,1.0,8.0
1555.3,1.0,0.0
1555.3016666666667,-17.0,-18.0
1555.3448347222222,-17.0,0.0
1555.3610555555556,1.0,18.0
1556.0236305555557,1.0,0.0
1556.0416652777778,-96.0,-97.0
1556.2949333333333,-96.0,0.0
1556.3150472222221,2.0,98.0
1556.856963888889,2.0,0.0
1556.8736305555556,-96.0,-98.0
1557.3254097222223,-96.0,0.0
1557.3462347222223,2.0,98.0
1557.636798611111,2.0,0.0
1557.6509402777779,-13.0,-15.0
1557.6615347222223,-13.0,0.0
1557.6742902777778,0.0,13.0
1557.995148611111,0.0,0.0
1558.0065180555555,-15.0,-15.0
1558.0240430555555,-15.0,0.0
1558.0423430555556,2.0,17.0
1558.3153138888888,2.0,0.0
1558.335,-19.0,-21.0
1558.3961875,-19.0,0.0
1558.4110222222223,0.0,19.0
1558.787525,0.0,0.0
1558.8041916666666,-96.0,-96.0
1559.5664597222221,-96.0,0.0
1559.5872847222222,3.0,99.0
1559.7819805555555,3.0,0.0
1559.79335,-16.0,-19.0
1559.8004791666667,-16.0,0.0
1559.8153138888888,0.0,16.0
1559.9160069444445,0.0,0.0
1559.9308416666668,-20.0,-20.0
1559.9518319444444,-20.0,0.0
1559.9666666666667,1.0,21.0
1560.207623611111,1.0,0.0
1560.2192722222221,-5.0,-6.0
1560.2570972222222,-5.0,0.0
1560.2666666666667,2.0,7.0
1560.7778222222223,2.0,0.0
1560.7971125,-96.0,-98.0
1561.0216666666668,-96.0,0.0
1561.0333333333333,-96.0,0.0
1561.9333333333334,-96.0,0.0
1561.9366652777778,-96.0,0.0
1561.9994402777777,-96.0,0.0
1562.0145541666666,3.0,99.0
1562.2666666666667,3.0,0.0
1562.2716666666668,0.0,-3.0
1562.3616666666667,0.0,0.0
1562.3666666666666,3.0,3.0
1562.4548847222222,3.0,0.0
1562.4704125,-96.0,-99.0
1562.5232833333334,-96.0,0.0
1562.5443555555555,3.0,99.0
1562.7777555555556,3.0,0.0
1562.7927388888888,-7.0,-10.0
1562.8933333333334,-7.0,0.0
1562.9083166666667,3.0,10.0
1563.3,3.0,0.0
1563.3166666666666,-96.0,-99.0
1564.4483333333333,-96.0,0.0
1564.465,6.0,102.0
1564.507623611111,6.0,0.0
1564.5203791666668,0.0,-6.0
1564.5282013888889,0.0,0.0
1564.5444222222222,6.0,6.0
1565.0889111111112,6.0,0.0
1565.1047361111112,-96.0,-102.0
1565.3216666666667,-96.0,0.0
1565.3333333333333,-96.0,0.0
1567.3,-96.0,0.0
1567.3016666666667,-96.0,0.0
1567.3434486111112,-96.0,0.0
1567.3631347222222,4.0,100.0
1567.9521125,4.0,0.0
1567.9650166666668,-96.0,-100.0
1568.218776388889,-96.0,0.0
1568.237225,2.0,98.0
1568.4909902777779,2.0,0.0
1568.5058416666666,-96.0,-98.0
1568.766236111111,-96.0,0.0
1568.7831666666666,3.0,99.0
1569.034786111111,3.0,0.0
1569.0482347222223,-13.0,-16.0
1569.0837791666668,-13.0,0.0
1569.1,1.0,14.0
1569.3035319444446,1.0,0.0
1569.3183666666666,-13.0,-14.0
1569.3504458333334,-13.0,0.0
1569.370825,4.0,17.0
1569.8584166666667,4.0,0.0
1569.872575,-96.0,-100.0
1570.09,-96.0,0.0
1570.1,-96.0,0.0
1571.6666666666667,-96.0,0.0
1571.6699986111112,-96.0,0.0
1571.7341597222223,-96.0,0.0
1571.7478875,0.0,96.0
1572.0812875,0.0,0.0
1572.1016666666667,-23.0,-23.0
1572.1101819444445,-23.0,0.0
1572.1333333333334,2.0,25.0
1572.2944555555555,2.0,0.0
1572.3072111111112,-17.0,-19.0
1572.3191916666667,-17.0,0.0
1572.3430361111111,3.0,20.0
1572.7965347222223,3.0,0.0
1572.8072111111112,-17.0,-20.0
1572.8406763888888,-17.0,0.0
1572.8645208333332,1.0,18.0
1573.4229375,1.0,0.0
1573.435,-10.0,-11.0
1573.4455944444444,-10.0,0.0
1573.4562708333333,1.0,11.0
1573.6909902777777,1.0,0.0
1573.7079041666666,-22.0,-23.0
1573.7379041666666,-22.0,0.0
1573.7568972222223,5.0,27.0
1573.8972277777777,5.0,0.0
1573.9085972222222,-4.0,-9.0
1573.9205777777777,-4.0,0.0
1573.9298680555555,5.0,9.0
1574.0541916666666,5.0,0.0
1574.0702958333334,-96.0,-101.0
1574.3200013888888,-96.0,0.0
1574.3333333333333,-96.0,0.0
1574.9333333333334,-96.0,0.0
1574.935,-96.0,0.0
1574.9670791666667,-96.0,0.0
1574.9833,5.0,101.0
1575.1666666666667,5.0,0.0
1575.1808083333333,-14.0,-19.0
1575.1914027777777,-14.0,0.0
1575.211088888889,2.0,16.0
1575.4742902777778,2.0,0.0
1575.4884319444445,-16.0,-18.0
1575.4983333333332,-16.0,0.0
1575.5117819444445,2.0,18.0
1576.0,2.0,0.0
1576.0016666666668,-21.0,-23.0
1576.0385972222223,-21.0,0.0
1576.0582833333333,2.0,23.0
1576.3118486111111,2.0,0.0
1576.328348611111,-26.0,-28.0
1576.3772625,-26.0,0.0
1576.3979208333333,2.0,28.0
1576.5666666666666,2.0,0.0
1576.5773430555555,-8.0,-10.0
1576.589323611111,-8.0,0.0
1576.6159402777778,2.0,10.0
1576.9069972222221,2.0,0.0
1576.9197527777778,-20.0,-22.0
1576.9442083333333,-20.0,0.0
1576.9666666666667,4.0,24.0
1577.3709583333334,4.0,0.0
1577.389275,-96.0,-100.0
1577.6233333333332,-96.0,0.0
1577.6333333333334,-96.0,0.0
1578.7333333333333,-96.0,0.0
1578.7366652777778,-96.0,0.0
1578.7869652777779,-96.0,0.0
1578.8062375,5.0,101.0
1579.6597361111112,5.0,0.0
1579.6731847222222,-18.0,-23.0
1579.7087291666667,-18.0,0.0
1579.723563888889,2.0,20.0
1580.186898611111,2.0,0.0
1580.2010402777778,-96.0,-98.0
1580.3218305555556,-96.0,0.0
1580.3415166666666,3.0,99.0
1580.5,3.0,0.0
1580.513448611111,-10.0,-13.0
1580.5302805555555,-10.0,0.0
1580.5444222222222,3.0,13.0
1581.170398611111,3.0,0.0
1581.1831861111111,-96.0,-99.0
1581.6483347222222,-96.0,0.0
1581.6666666666667,-96.0,0.0
1584.0666666666666,-96.0,0.0
1584.0683333333334,-96.0,0.0
1584.1239763888889,-96.0,0.0
1584.1408902777778,2.0,98.0
1584.2666666666667,2.0,0.0
1584.2828875,-17.0,-19.0
1584.2879375,-17.0,0.0
1584.3041583333334,2.0,19.0
1585.2333333333333,2.0,0.0
1585.2453958333333,-18.0,-20.0
1585.265,-18.0,0.0
1585.281913888889,4.0,22.0
1585.6959083333334,4.0,0.0
1585.7099180555556,-96.0,-100.0
1585.8844708333334,-96.0,0.0
1585.9061041666666,2.0,98.0
1586.9333333333334,2.0,0.0
1586.945,-96.0,-98.0
1587.155,-96.0,0.0
1587.1666666666667,-96.0,0.0
1588.1666666666667,-96.0,0.0
1588.1699986111112,-96.0,0.0
1588.239011111111,-96.0,0.0
1588.2638277777778,2.0,98.0
1588.9117819444446,2.0,0.0
1588.925923611111,-17.0,-19.0
1588.934438888889,-18.0,-1.0
1588.952738888889,1.0,19.0
1589.24165,1.0,0.0
1589.2571777777778,-17.0,-18.0
1589.2656930555556,-17.0,0.0
1589.2867652777777,2.0,19.0
1590.0014527777778,2.0,0.0
1590.0182347222221,-96.0,-98.0
1590.2121930555556,-96.0,0.0
1590.230361111111,12.0,108.0
1590.6368652777778,12.0,0.0
1590.6561555555556,-96.0,-108.0
1590.8883333333333,-96.0,0.0
1590.9,-96.0,0.0
1596.4666666666667,-96.0,0.0
1596.4683333333332,-96.0,0.0
1596.5163527777777,-96.0,0.0
1596.5332666666666,1.0,97.0
1596.8451152777777,1.0,0.0
1596.8578708333334,-21.0,-22.0
1596.8691583333334,-21.0,0.0
1596.8839930555555,1.0,22.0
1597.3500333333334,1.0,0.0
1597.3634819444444,-12.0,-13.0
1597.3719972222223,-12.0,0.0
1597.3847527777777,1.0,13.0
1597.7298680555555,1.0,0.0
1597.7433333333333,-96.0,-97.0
1598.3024347222222,-96.0,0.0
1598.323523611111,2.0,98.0
1598.7333333333333,2.0,0.0
1598.747475,-19.0,-21.0
1598.7698513888888,-19.0,0.0
1598.7950819444445,4.0,23.0
1598.9,4.0,0.0
1598.9033319444445,-21.0,-25.0
1598.9453152777778,-21.0,0.0
1598.9666666666667,4.0,25.0
1599.3180861111111,4.0,0.0
1599.3340416666667,-96.0,-100.0
1599.6240416666667,-96.0,0.0
1599.6545652777777,4.0,100.0
1599.9416638888888,4.0,0.0
1599.9666152777777,-5.0,-9.0
1600.1027569444445,-5.0,0.0
1600.1242569444444,5.0,10.0
1600.424323611111,5.0,0.0
1600.4366652777778,-17.0,-22.0
1600.5292416666666,-17.0,0.0
1600.5505930555555,1.0,18.0
1601.2347861111111,1.0,0.0
1601.2490763888889,-96.0,-97.0
1601.5506569444444,-96.0,0.0
1601.5704916666666,2.0,98.0
1602.5333333333333,2.0,0.0
1602.535,-13.0,-15.0
1602.5691583333332,-13.0,0.0
1602.5874583333334,2.0,15.0
1602.7333333333333,2.0,0.0
1602.75,-96.0,-98.0
1603.063861111111,-96.0,0.0
1603.080527777778,2.0,98.0
1603.538251388889,2.0,0.0
1603.5584986111112,-96.0,-98.0
1604.4288791666668,-96.0,0.0
1604.4463541666667,3.0,99.0
1604.6618152777778,3.0,0.0
1604.6773430555556,-17.0,-20.0
1604.7170458333333,-17.0,0.0
1604.737425,9.0,26.0
1604.85835,9.0,0.0
1604.8717986111112,-6.0,-15.0
1604.8851652777778,-6.0,0.0
1604.9,9.0,15.0
1605.2292416666667,9.0,0.0
1605.2442416666668,-96.0,-105.0
1605.5516666666667,-96.0,0.0
1605.5666666666666,-96.0,0.0
1617.6333333333334,-96.0,0.0
1617.635,-96.0,0.0
1617.7017319444444,-96.0,0.0
1617.7221111111112,2.0,98.0
1617.9576569444444,2.0,0.0
1617.9717986111111,-17.0,-19.0
1617.9879375,-17.0,0.0
1618.007623611111,2.0,19.0
1618.0826736111112,2.0,0.0
1618.0961222222222,-21.0,-23.0
1618.1635472222222,-21.0,0.0
1618.1832333333334,0.0,21.0
1618.6333333333334,0.0,0.0
1618.635,-16.0,-16.0
1618.6532180555555,-16.0,0.0
1618.6715180555555,1.0,17.0
1618.8333333333333,1.0,0.0
1618.8412375,-12.0,-13.0
1618.8580694444445,-12.0,0.0
1618.8763694444444,3.0,15.0
1619.4236305555555,3.0,0.0
1619.437111111111,-96.0,-99.0
1619.7816680555557,-96.0,0.0
1619.8,-96.0,0.0
1621.0333333333333,-96.0,0.0
1621.0366652777777,-96.0,0.0
1621.1313208333333,-96.0,0.0
1621.1485138888888,10.0,106.0
1621.4375583333333,10.0,0.0
1621.4533833333332,-96.0,-106.0
1622.0244652777778,-96.0,0.0
1622.0423694444444,1.0,97.0
1622.1778222222222,1.0,0.0
1622.194736111111,-13.0,-14.0
1622.2067166666666,-13.0,0.0
1622.2208583333334,1.0,14.0
1622.3208583333333,1.0,0.0
1622.335,-19.0,-20.0
1622.3552972222221,-19.0,0.0
1622.378448611111,6.0,25.0
1623.1104625,6.0,0.0
1623.1271291666667,-96.0,-102.0
1623.45,-96.0,0.0
1623.4666666666667,-96.0,0.0
1625.7,-96.0,0.0
1625.7016666666666,-96.0,0.0
1625.7503791666666,-96.0,0.0
1625.7707583333333,2.0,98.0
1626.3305611111111,2.0,0.0
1626.3422097222222,-7.0,-9.0
1626.3911236111112,-7.0,0.0
1626.4,5.0,12.0
1626.5055444444445,5.0,0.0
1626.5203791666668,-16.0,-21.0
1626.5379041666667,-16.0,0.0
1626.5728375,5.0,21.0
1626.7041583333332,5.0,0.0
1626.7202625,-96.0,-101.0
1627.401048611111,-96.0,0.0
1627.4213111111112,2.0,98.0
1627.7666666666667,2.0,0.0
1627.7683333333334,-16.0,-18.0
1627.7886305555555,-16.0,0.0
1627.8027722222223,6.0,22.0
1628.4,6.0,0.0
1628.42,-96.0,-102.0
1629.0398958333333,-96.0,0.0
1629.0640541666667,1.0,97.0
1629.6354791666668,1.0,0.0
1629.6523930555556,-96.0,-97.0
1629.7045708333333,-96.0,0.0
1629.7194055555556,-1.0,95.0
1630.1541916666667,-1.0,0.0
1630.1683333333333,-15.0,-14.0
1630.1920958333333,-15.0,0.0
1630.2069305555556,-2.0,13.0
1630.2965347222223,-2.0,0.0
1630.3099833333333,-27.0,-25.0
1630.3316666666667,-27.0,0.0
1630.3492736111111,0.0,27.0
1631.1562708333333,0.0,0.0
1631.1727708333333,-27.0,-27.0
1631.2355458333334,-27.0,0.0
1631.2700652777778,0.0,27.0
1631.5862055555556,0.0,0.0
1631.5998027777778,-96.0,-96.0
1631.8695027777778,-96.0,0.0
1631.890723611111,2.0,98.0
1632.007623611111,2.0,0.0
1632.0183,-17.0,-19.0
1632.0212708333333,-17.0,0.0
1632.0402638888888,2.0,19.0
1632.1354125,2.0,0.0
1632.1481680555555,-20.0,-22.0
1632.1608416666666,-20.0,0.0
1632.1742902777778,0.0,20.0
1632.6396375,0.0,0.0
1632.6565513888888,-96.0,-96.0
1632.7225902777777,-96.0,0.0
1632.7381180555556,3.0,99.0
1633.1284819444445,3.0,0.0
1633.1433166666666,-21.0,-24.0
1633.1608416666666,-21.0,0.0
1633.1798347222223,7.0,28.0
1633.525776388889,7.0,0.0
1633.5442416666667,-96.0,-103.0
1634.7512527777778,-96.0,0.0
1634.7662527777777,0.0,96.0
1635.0,0.0,0.0
1635.0120625,-16.0,-16.0
1635.0178055555555,-16.0,0.0
1635.0333333333333,2.0,18.0
1635.15835,2.0,0.0
1635.1690263888888,-22.0,-24.0
1635.1962541666667,-22.0,0.0
1635.212475,2.0,24.0
1636.0,2.0,0.0
1636.0016666666668,-20.0,-22.0
1636.0198847222223,-20.0,0.0
1636.0333333333333,3.0,23.0
1636.4805944444445,3.0,0.0
1636.498498611111,-96.0,-99.0
1636.845723611111,-96.0,0.0
1636.8636277777778,2.0,98.0
1637.4451819444444,2.0,0.0
1637.4609888888888,-96.0,-98.0
1637.5424763888889,-96.0,0.0
1637.5589763888888,2.0,98.0
1637.695148611111,2.0,0.0
1637.7065180555555,-17.0,-19.0
1637.7178055555555,-17.0,0.0
1637.7582833333333,4.0,21.0
1638.1646541666667,4.0,0.0
1638.180875,-22.0,-26.0
1638.2690916666666,-22.0,0.0
1638.2908569444444,3.0,25.0
1638.44165,3.0,0.0
1638.455098611111,-16.0,-19.0
1638.4698513888889,-16.0,0.0
1638.4883138888888,3.0,19.0
1638.6391069444444,3.0,0.0
1638.6522763888888,-96.0,-99.0
1639.0267319444445,-96.0,0.0
1639.0483805555555,4.0,100.0
1639.354125,4.0,0.0
1639.367573611111,-14.0,-18.0
1639.3740097222221,-14.0,0.0
1639.4020125,3.0,17.0
1639.4666666666667,3.0,0.0
1639.4787291666667,-15.0,-18.0
1639.4844722222222,-15.0,0.0
1639.5242569444445,3.0,18.0
1639.7333333333333,3.0,0.0
1639.7453958333333,-19.0,-22.0
1639.7670791666667,-19.0,0.0
1639.7895375,3.0,22.0
1639.967426388889,3.0,0.0
1639.9790930555555,-96.0,-99.0
1640.3734458333333,-96.0,0.0
1640.3906569444443,2.0,98.0
1640.8236305555556,2.0,0.0
1640.8369625,-96.0,-98.0
1641.6043805555555,-96.0,0.0
1641.6260291666667,0.0,96.0
1641.7333333333333,1.92865e-15,1.92865e-15
1641.735,-16.0,-16.000000000000004
1641.765,-16.0,0.0
1641.7805277777777,1.92865e-15,16.000000000000004
1641.8666666666666,1.92865e-15,0.0
1641.8699986111112,-22.0,-22.000000000000004
1641.9168333333334,-22.0,0.0
1641.9333333333334,0.0,22.0
1642.2173930555555,0.0,0.0
1642.2338930555557,-23.0,-23.0
1642.3375583333334,-23.0,0.0
1642.3561375,0.0,23.0
1642.4555777777778,0.0,0.0
1642.4683333333332,-22.0,-22.0
1642.495561111111,-22.0,0.0
1642.5117819444445,3.0,25.0
1642.686898611111,3.0,0.0
1642.7002305555557,-96.0,-99.0
1643.2514152777778,-96.0,0.0
1643.2689055555556,1.0,97.0
1644.3555777777779,1.0,0.0
1644.3683333333333,-15.0,-16.0
1644.3934819444444,-15.0,0.0
1644.4090097222222,3.0,18.0
1644.9729041666667,3.0,0.0
1644.9905111111111,-20.0,-23.0
1645.0038777777777,-20.0,0.0
1645.0207916666666,3.0,23.0
1645.3577902777777,3.0,0.0
1645.3773444444444,-96.0,-99.0
1645.6024902777779,-96.0,0.0
1645.6199652777777,4.0,100.0
1646.2514194444445,4.0,0.0
1646.264751388889,-96.0,-100.0
1647.1118708333333,-96.0,0.0
1647.1293611111112,5.0,101.0
1647.9479541666667,5.0,0.0
1647.962523611111,-96.0,-101.0
1648.7612263888889,-96.0,0.0
1648.7813402777779,4.0,100.0
1648.8944555555556,4.0,0.0
1648.9065180555556,-9.0,-13.0
1648.9275083333334,-9.0,0.0
1648.9444222222223,4.0,13.0
1649.1506597222221,4.0,0.0
1649.164801388889,-9.0,-13.0
1649.1691583333334,-9.0,0.0
1649.1867652777778,4.0,13.0
1649.3173930555556,4.0,0.0
1649.3318319444445,-96.0,-100.0
1649.555,-96.0,0.0
1649.5666666666666,-96.0,0.0
1651.1,-96.0,0.0
1651.1016666666667,-96.0,0.0
1651.1510722222222,-96.0,0.0
1651.1707583333334,3.0,99.0
1651.288911111111,3.0,0.0
1651.3016666666667,-18.0,-21.0
1651.310875,-18.0,0.0
1651.3257097222222,0.0,18.0
1651.4313208333333,0.0,0.0
1651.4485138888888,-17.0,-17.0
1651.5300013888889,-17.0,0.0
1651.5423430555556,4.0,21.0
1651.8902972222222,4.0,0.0
1651.901963888889,-96.0,-100.0
1652.436313888889,-96.0,0.0
1652.4549111111112,0.0,96.0
1652.6374916666666,0.0,0.0
1652.652326388889,-21.0,-21.0
1652.672623611111,-21.0,0.0
1652.695775,7.0,28.0
1652.9264027777779,7.0,0.0
1652.9384652777778,-19.0,-26.0
1652.9476736111112,-19.0,0.0
1652.9611222222222,6.0,25.0
1653.7410236111111,6.0,0.0
1653.758251388889,-96.0,-102.0
1654.1466666666668,-96.0,0.0
1654.1666666666667,-96.0,0.0
1655.4333333333334,-96.0,0.0
1655.4383333333333,-96.0,0.0
1655.5595208333334,-96.0,0.0
1655.5825402777778,2.0,98.0
1657.4632944444445,2.0,0.0
1657.4838541666666,-96.0,-98.0
1658.3931541666666,-96.0,0.0
1658.4157930555555,2.0,98.0
1658.8902972222222,2.0,0.0
1658.9016666666666,-17.0,-19.0
1658.9275083333334,-17.0,0.0
1658.9437291666666,2.0,19.0
1659.6076236111112,2.0,0.0
1659.6203791666667,-11.0,-13.0
1659.6483,-11.0,0.0
1659.6610555555555,3.0,14.0
1659.9270958333334,3.0,0.0
1659.9419305555555,-18.0,-21.0
1659.9552972222223,-18.0,0.0
1659.970825,5.0,23.0
1660.679901388889,5.0,0.0
1660.695726388889,-96.0,-101.0
1661.5578916666666,-96.0,0.0
1661.579261111111,8.0,104.0
1661.8207916666668,8.0,0.0
1661.8342402777778,-16.0,-24.0
1661.8372111111112,-16.0,0.0
1661.8534319444445,1.0,17.0
1662.3215513888888,1.0,0.0
1662.3356930555556,-19.0,-20.0
1662.376088888889,-19.0,0.0
1662.3950819444444,2.0,21.0
1662.6333333333334,2.0,0.0
1662.6440097222223,-11.0,-13.0
1662.6532180555555,-11.0,0.0
1662.6666666666667,2.0,13.0
1663.1562708333333,2.0,0.0
1663.1679375,-96.0,-98.0
1663.3883333333333,-96.0,0.0
1663.4,-96.0,0.0
1666.3666666666666,-96.0,0.0
1666.3683333333333,-96.0,0.0
1666.4156597222222,-96.0,0.0
1666.4332666666667,2.0,98.0
1666.5402638888888,2.0,0.0
1666.5516333333333,-23.0,-25.0
1666.585098611111,-23.0,0.0
1666.6020125,2.0,25.0
1667.2229375,2.0,0.0
1667.2429375,-96.0,-98.0
1667.6133333333332,-96.0,0.0
1667.6333333333334,-96.0,0.0
1668.5333333333333,-96.0,0.0
1668.535,-96.0,0.0
1668.5684652777777,-96.0,0.0
1668.5839930555555,2.0,98.0
1668.863201388889,2.0,0.0
1668.8759569444444,-18.0,-20.0
1668.9073430555557,-18.0,0.0
1668.9270291666667,2.0,20.0
1669.6597361111112,2.0,0.0
1669.6752638888888,-22.0,-24.0
1669.6914027777777,-22.0,0.0
1669.707623611111,6.0,28.0
1669.9944555555555,6.0,0.0
1670.0061222222223,-96.0,-102.0
1670.3381,-96.0,0.0
1670.3587763888888,4.0,100.0
1670.5618152777777,4.0,0.0
1670.5738777777779,-21.0,-25.0
1670.5983333333334,-21.0,0.0
1670.6152472222223,7.0,28.0
1671.4632013888888,7.0,0.0
1671.4773430555556,-15.0,-22.0
1671.508036111111,-15.0,0.0
1671.527722222222,0.0,15.0
1672.2125416666668,0.0,0.0
1672.2269805555557,-96.0,-96.0
1672.8105375,-96.0,0.0
1672.8284416666668,5.0,101.0
1673.1104625,5.0,0.0
1673.1200319444445,-4.0,-9.0
1673.1876583333333,-4.0,0.0
1673.2020791666666,5.0,9.0
1673.7889777777777,5.0,0.0
1673.8035472222223,-96.0,-101.0
1673.9916680555555,-96.0,0.0
1674.0,-96.0,0.0
1675.1666666666667,-96.0,0.0
1675.1699986111112,-96.0,0.0
1675.2223777777779,-96.0,0.0
1675.2409569444444,4.0,100.0
1675.3451152777777,4.0,0.0
1675.358563888889,-13.0,-17.0
1675.3691583333334,-13.0,0.0
1675.3853791666668,7.0,20.0
1676.0778222222223,7.0,0.0
1676.094488888889,-96.0,-103.0
1676.4166666666667,-96.0,0.0
1676.4333333333334,-96.0,0.0
1677.8666666666666,-96.0,0.0
1677.8683333333333,-96.0,0.0
1677.9205111111112,-96.0,0.0
1677.9367319444445,1.0,97.0
1678.7833666666668,1.0,0.0
1678.8005597222223,-96.0,-97.0
1678.89175,-96.0,0.0
1678.90825,2.0,98.0
1679.4167,2.0,0.0
1679.4294555555555,-18.0,-20.0
1679.4871777777778,-18.0,0.0
1679.5172597222222,3.0,21.0
1679.7,3.0,0.0
1679.7016666666666,-14.0,-17.0
1679.743448611111,-14.0,0.0
1679.7596694444444,3.0,17.0
1680.0465013888888,3.0,0.0
1680.062061111111,-96.0,-99.0
1680.6845333333333,-96.0,0.0
1680.7028652777778,5.0,101.0
1681.143036111111,5.0,0.0
1681.1580361111112,-96.0,-101.0
1681.4716986111112,-96.0,0.0
1681.486698611111,4.0,100.0
1681.6333333333334,4.0,0.0
1681.635,-15.0,-19.0
1681.676088888889,-15.0,0.0
1681.7054777777778,4.0,19.0
1681.9361722222222,4.0,0.0
1681.9524097222222,-96.0,-100.0
1682.2453777777778,-96.0,0.0
1682.2643875,4.0,100.0
1682.3521125,4.0,0.0
1682.3683333333333,-18.0,-22.0
1682.3900166666667,-18.0,0.0
1682.4069305555556,9.0,27.0
1682.8090763888888,9.0,0.0
1682.8271111111112,-96.0,-105.0
1682.9916680555555,-96.0,0.0
1683.0,-96.0,0.0
1691.3333333333333,-96.0,0.0
1691.335,-96.0,0.0
1691.378861111111,-96.0,0.0
1691.3985472222223,0.0,96.0
1691.9514194444444,0.0,0.0
1691.9683333333332,-23.0,-23.0
1691.9858583333332,-23.0,0.0
1692.0034652777779,2.0,25.0
1692.5868319444444,2.0,0.0
1692.603498611111,-96.0,-98.0
1692.9166666666667,-96.0,0.0
1692.9333333333334,-96.0,0.0
1693.5666666666666,-96.0,0.0
1693.569998611111,-96.0,0.0
1693.6397041666667,-96.0,0.0
1693.6562041666666,2.0,98.0
1694.0771291666667,2.0,0.0
1694.0921291666666,-96.0,-98.0
1694.6954888888888,-96.0,0.0
1694.710488888889,-1.0,95.0
1694.8069305555555,-1.0,0.0
1694.8217652777778,-18.0,-17.0
1694.8344388888888,-18.0,0.0
1694.8582833333332,0.0,18.0
1695.5333333333333,0.0,0.0
1695.5460888888888,-18.0,-18.0
1695.5677722222222,-18.0,0.0
1695.5923097222221,6.0,24.0
1695.7236305555555,6.0,0.0
1695.7370791666667,-14.0,-20.0
1695.7705444444443,-14.0,0.0
1695.7923097222222,7.0,21.0
1696.186138888889,7.0,0.0
1696.1975083333334,-9.0,-16.0
1696.212261111111,-9.0,0.0
1696.2298680555555,7.0,16.0
1696.6541916666667,7.0,0.0
1696.6700166666667,-96.0,-103.0
1696.8883333333333,-96.0,0.0
1696.9,-96.0,0.0
1698.6666666666667,-96.0,0.0
1698.6683333333333,-96.0,0.0
1698.7115013888888,-96.0,0.0
1698.729801388889,2.0,98.0
1699.1,2.0,0.0
1699.1016666666667,-19.0,-21.0
1699.1406763888888,-19.0,0.0
1699.1603625,6.0,25.0
1699.5666666666666,6.0,0.0
1699.5801152777778,-15.0,-21.0
1699.6087291666668,-15.0,0.0
1699.6270291666667,-9.64327e-16,14.999999999999998
1699.8439291666666,0.0,9.64327e-16
1699.8573777777779,-23.0,-23.0
1699.9504458333333,-23.0,0.0
1699.970825,6.0,29.0
1700.1424097222223,6.0,0.0
1700.1567,-96.0,-102.0
1700.2933333333333,-96.0,0.0
1700.3,-96.0,0.0
1701.9333333333334,-96.0,0.0
1701.9366652777778,-96.0,0.0
1701.991123611111,-96.0,0.0
1702.0117819444445,2.0,98.0
1702.8097027777778,2.0,0.0
1702.8245375,-22.0,-24.0
1702.8392902777778,-22.0,0.0
1702.8575902777777,1.0,23.0
1703.1333333333334,1.0,0.0
1703.135,-15.0,-16.0
1703.1546041666666,-15.0,0.0
1703.1735972222223,6.0,21.0
1703.5570305555555,6.0,0.0
1703.5757583333334,-96.0,-102.0
1703.8054625,-96.0,0.0
1703.825576388889,1.0,97.0
1704.1812875,1.0,0.0
1704.194736111111,-17.0,-18.0
1704.218498611111,-17.0,0.0
1704.2333333333333,2.0,19.0
1704.3208583333333,2.0,0.0
1704.3308416666666,-8.0,-10.0
1704.3372777777777,-8.0,0.0
1704.3548847222223,2.0,10.0
1704.4229375,2.0,0.0
1704.435,-21.0,-23.0
1704.4864847222223,-21.0,0.0
1704.5020125,4.0,25.0
1705.109076388889,4.0,0.0
1705.1210069444444,-96.0,-100.0
1705.2512041666666,-96.0,0.0
1705.2686791666667,0.0,96.0
1706.6930694444445,0.0,0.0
1706.7080694444444,-96.0,-96.0
1706.985,-96.0,0.0
1707.0,-96.0,0.0
1708.3333333333333,-96.0,0.0
1708.335,-96.0,0.0
1708.410048611111,-96.0,0.0
1708.4325069444444,3.0,99.0
1708.578448611111,3.0,0.0
1708.5918972222223,-12.0,-15.0
1708.6149666666668,-12.0,0.0
1708.6408902777778,4.0,16.0
1708.9958416666666,4.0,0.0
1709.0075083333334,-96.0,-100.0
1709.6783902777777,-96.0,0.0
1709.6949083333334,3.0,99.0
1710.2000666666668,3.0,0.0
1710.2135152777778,-16.0,-19.0
1710.2622277777778,-16.0,0.0
1710.2812208333332,3.0,19.0
1710.4500333333333,3.0,0.0
1710.4633652777777,-96.0,-99.0
1710.720001388889,-96.0,0.0
1710.7333333333333,-96.0,0.0
1711.7666666666667,-96.0,0.0
1711.769998611111,-96.0,0.0
1711.8722777777778,-96.0,0.0
1711.8894708333332,3.0,99.0
1711.945875,3.0,0.0
1711.9562722222222,-16.0,-19.0
1711.9814208333332,-16.0,0.0
1711.995148611111,3.0,19.0
1712.127788888889,3.0,0.0
1712.1412375,-15.0,-18.0
1712.1497527777778,-15.0,0.0
1712.1632013888889,2.0,17.0
1712.8354791666666,2.0,0.0
1712.8496527777777,-96.0,-98.0
1713.2150013888888,-96.0,0.0
1713.2333333333333,-96.0,0.0
1714.5333333333333,-96.0,0.0
1714.535,-96.0,0.0
1714.5809402777777,-96.0,0.0
1714.5985472222221,1.0,97.0
1716.6363055555555,1.0,0.0
1716.6529722222222,-96.0,-97.0
1717.05,-96.0,0.0
1717.0666666666666,-96.0,0.0
1718.4333333333334,-96.0,0.0
1718.4366652777778,-96.0,0.0
1718.5042916666666,-96.0,0.0
1718.5228708333334,1.0,97.0
1718.7333333333333,1.0,0.0
1718.7491583333333,-96.0,-97.0
1718.9723263888889,-96.0,0.0
1718.9860722222222,8.0,104.0
1719.2194722222223,8.0,0.0
1719.2322277777778,-20.0,-28.0
1719.2712375,-20.0,0.0
1719.2916166666666,2.0,22.0
1719.7958416666668,2.0,0.0
1719.8116666666667,-96.0,-98.0
1720.3591847222222,-96.0,0.0
1720.377088888889,4.0,100.0
1720.4534986111112,4.0,0.0
1720.4683333333332,-18.0,-22.0
1720.4997194444445,-18.0,0.0
1720.5145541666666,4.0,22.0
1721.0063041666667,4.0,0.0
1721.0234972222222,-17.0,-21.0
1721.0918166666668,-17.0,0.0
1721.1076236111112,4.0,21.0
1721.3333333333333,4.0,0.0
1721.3433333333332,-96.0,-100.0
1721.6175888888888,-96.0,0.0
1721.6352125,0.0,96.0
1722.1,0.0,0.0
1722.1016666666667,-22.0,-22.0
1722.1351319444445,-22.0,0.0
1722.152738888889,1.92865e-15,22.000000000000004
1722.2431027777777,0.0,-1.92865e-15
1722.2578055555555,-96.0,-96.0
1722.3997847222222,-96.0,0.0
1722.4151805555555,3.0,99.0
1722.6556444444445,3.0,0.0
1722.668976388889,-96.0,-99.0
1722.9533347222223,-96.0,0.0
1722.9666666666667,-96.0,0.0
1725.7333333333333,-96.0,0.0
1725.7366652777778,-96.0,0.0
1725.813301388889,-96.0,0.0
1725.8311875,0.0,96.0
1726.3666666666666,0.0,0.0
1726.3683333333333,-19.0,-19.0
1726.3920958333333,-19.0,0.0
1726.4069305555556,1.0,20.0
1727.1695055555556,1.0,0.0
1727.1821291666668,-96.0,-97.0
1727.2901486111111,-96.0,0.0
1727.3097027777778,2.0,98.0
1727.829175,2.0,0.0
1727.8425069444445,-96.0,-98.0
1728.1448847222223,-96.0,0.0
1728.162375,4.0,100.0
1728.634786111111,4.0,0.0
1728.6464527777778,-96.0,-100.0
1728.8883333333333,-96.0,0.0
1728.9,-96.0,0.0
1729.7,-96.0,0.0
1729.7016666666666,-96.0,0.0
1729.7760222222223,-96.0,0.0
1729.7929361111112,2.0,98.0
1730.2909902777778,2.0,0.0
1730.3043222222223,-96.0,-98.0
1731.2297569444445,-96.0,0.0
1731.243088888889,4.0,100.0
1731.5194722222222,4.0,0.0
1731.535,-16.0,-20.0
1731.582326388889,-16.0,0.0
1731.6103291666666,6.0,22.0
1731.8270958333333,6.0,0.0
1731.8377722222222,-10.0,-16.0
1731.910048611111,-10.0,0.0
1731.9276555555555,6.0,16.0
1732.0645875,6.0,0.0
1732.0845875,-96.0,-102.0
1733.0336847222222,-96.0,0.0
1733.0536847222222,2.0,98.0
1733.8437291666667,2.0,0.0
1733.8557916666666,-19.0,-21.0
1733.8816333333334,-19.0,0.0
1733.9027055555555,3.0,22.0
1734.4749833333333,3.0,0.0
1734.4884319444445,-23.0,-26.0
1734.4948680555556,-23.0,0.0
1734.512475,7.0,30.0
1735.0493402777777,7.0,0.0
1735.0660069444446,-96.0,-103.0
1735.3833333333334,-96.0,0.0
1735.4,-96.0,0.0
1736.0333333333333,-96.0,0.0
1736.035,-96.0,0.0
1736.0747027777777,-96.0,0.0
1736.088151388889,3.0,99.0
1736.3333333333333,3.0,0.0
1736.335,-11.0,-14.0
1736.3532180555555,-11.0,0.0
1736.3791416666666,3.0,14.0
1736.5159402777779,3.0,0.0
1736.5266166666668,-16.0,-19.0
1736.535825,-16.0,0.0
1736.5659069444444,3.0,19.0
1737.3007597222222,3.0,0.0
1737.314901388889,-20.0,-23.0
1737.3871777777779,-20.0,0.0
1737.409636111111,3.0,23.0
1737.6243902777778,3.0,0.0
1737.6410569444445,-96.0,-99.0
1738.0242236111112,-96.0,0.0
1738.0408902777779,2.0,98.0
1738.2444888888888,2.0,0.0
1738.258351388889,-17.0,-19.0
1738.2966680555555,-17.0,0.0
1738.3277222222223,2.0,19.0
1738.8667333333333,2.0,0.0
1738.879075,-96.0,-98.0
1739.0146208333333,-96.0,0.0
1739.0352791666667,0.0,96.0
1739.7083166666666,0.0,0.0
1739.7203791666666,-16.0,-16.0
1739.7240430555555,-16.0,0.0
1739.7430361111112,0.0,16.0
1740.4228708333333,0.0,0.0
1740.4342402777777,-15.0,-15.0
1740.440676388889,-15.0,0.0
1740.4548180555555,0.0,15.0
1740.699373611111,0.0,0.0
1740.713663888889,-96.0,-96.0
1740.86,-96.0,0.0
1740.8666666666666,-96.0,0.0
1743.1,-96.0,0.0
1743.1016666666667,-96.0,0.0
1743.1462208333332,-96.0,0.0
1743.1645208333334,0.0,96.0
1743.2666666666667,0.0,0.0
1743.275263888889,-21.0,-21.0
1743.2983333333334,-21.0,0.0
1743.312475,2.0,23.0
1743.5763694444445,2.0,0.0
1743.590511111111,-19.0,-21.0
1743.614273611111,-19.0,0.0
1743.6367319444444,0.0,19.0
1744.1382513888889,0.0,0.0
1744.1489277777778,-12.0,-12.0
1744.1927888888888,-12.0,0.0
1744.2062375,0.0,12.0
1744.5819805555554,0.0,0.0
1744.5978055555556,-96.0,-96.0
1744.9478027777777,-96.0,0.0
1744.9670930555556,1.0,97.0
1745.6250166666666,1.0,0.0
1745.6375069444443,-96.0,-97.0
1745.7916680555556,-96.0,0.0
1745.8,-96.0,0.0
1746.6,-96.0,0.0
1746.6016666666667,-96.0,0.0
1746.6503791666667,-96.0,0.0
1746.6672930555555,0.0,96.0
1747.1749833333333,0.0,0.0
1747.1856597222222,-20.0,-20.0
1747.1900166666667,-20.0,0.0
1747.207623611111,-3.0,17.0
1747.3861388888888,-3.0,0.0
1747.404025,-96.0,-93.0
1747.4827402777778,-96.0,0.0
1747.5040916666667,1.0,97.0
1748.07505,1.0,0.0
1748.0878055555556,-21.0,-22.0
1748.1316666666667,-21.0,0.0
1748.1520458333334,3.0,24.0
1748.8313875,3.0,0.0
1748.8497194444444,-96.0,-99.0
1749.2483347222221,-96.0,0.0
1749.2666666666667,-96.0,0.0
1753.4333333333334,-96.0,0.0
1753.4366652777778,-96.0,0.0
1753.5105291666666,-96.0,0.0
1753.5429694444445,2.0,98.0
1754.587525,2.0,0.0
1754.6016666666667,-21.0,-23.0
1754.6351319444445,-21.0,0.0
1754.652738888889,0.0,21.0
1755.3250833333334,0.0,0.0
1755.3409083333333,-96.0,-96.0
1755.6375402777778,-96.0,0.0
1755.6554444444444,1.0,97.0
1755.9333333333334,1.0,0.0
1755.935,-12.0,-13.0
1755.9608416666667,-12.0,0.0
1755.9784486111112,1.0,13.0
1756.6640277777778,1.0,0.0
1756.682476388889,-96.0,-97.0
1757.139301388889,-96.0,0.0
1757.1591361111111,0.0,96.0
1759.6069305555557,0.0,0.0
1759.6189930555556,-16.0,-16.0
1759.6261222222222,-16.0,0.0
1759.6471944444445,-1.0,15.0
1760.3770625,-1.0,0.0
1760.3898180555555,-23.0,-22.0
1760.4087291666667,-23.0,0.0
1760.4284152777777,1.0,24.0
1760.9382513888888,1.0,0.0
1760.9523930555556,-96.0,-97.0
1761.0413027777777,-96.0,0.0
1761.0651472222223,4.0,100.0
1761.6972277777777,4.0,0.0
1761.7113694444445,-19.0,-23.0
1761.728201388889,-19.0,0.0
1761.7423430555555,0.0,19.0
1762.3853791666668,0.0,0.0
1762.3946694444444,-10.0,-10.0
1762.3962541666667,-10.0,0.0
1762.4076236111111,-1.0,9.0
1762.5326402777778,-1.0,0.0
1762.5423444444446,-17.0,-16.0
1762.5577902777777,-17.0,0.0
1762.574290277778,1.0,18.0
1762.9645875,1.0,0.0
1762.9779194444445,-96.0,-97.0
1763.5395,-96.0,0.0
1763.5562972222222,4.0,100.0
1764.1,4.0,0.0
1764.1016666666667,-16.0,-20.0
1764.1316666666667,-16.0,0.0
1764.1506597222221,3.0,19.0
1764.2666666666667,3.0,0.0
1764.269998611111,-14.0,-17.0
1764.3196055555557,-14.0,0.0
1764.3374916666667,3.0,17.0
1764.8424097222223,3.0,0.0
1764.859076388889,-96.0,-99.0
1765.1833333333334,-96.0,0.0
1765.2,-96.0,0.0
1766.8666666666666,-96.0,0.0
1766.8683333333333,-96.0,0.0
1766.9142736111112,-96.0,0.0
1766.9311875,2.0,98.0
1767.2945222222222,2.0,0.0
1767.3093569444445,-20.0,-22.0
1767.353911111111,-20.0,0.0
1767.3729041666666,2.0,22.0
1767.7722777777778,2.0,0.0
1767.7861541666666,-96.0,-98.0
1767.9548694444445,-96.0,0.0
1767.970825,0.0,96.0
1768.0763694444445,0.0,0.0
1768.087738888889,-22.0,-22.0
1768.108036111111,-22.0,0.0
1768.1256430555557,0.0,22.0
1768.584686111111,0.0,0.0
1768.5960555555555,-18.0,-18.0
1768.6156597222223,-18.0,0.0
1768.6395041666667,0.0,18.0
1769.3333333333333,0.0,0.0
1769.3433166666666,-20.0,-20.0
1769.3691583333334,-20.0,0.0
1769.3839930555555,1.0,21.0
1769.5333333333333,1.0,0.0
1769.5467819444445,-17.0,-18.0
1769.565,-17.0,0.0
1769.5833,4.0,21.0
1769.788911111111,4.0,0.0
1769.805,-96.0,-100.0
1769.895,-96.0,0.0
1769.9131680555556,0.0,96.0
1770.0270958333333,0.0,0.0
1770.0366652777777,-7.0,-7.0
1770.0424083333332,-7.0,0.0
1770.0611222222221,0.0,7.0
1770.8333333333333,0.0,0.0
1770.835,-18.0,-18.0
1770.865,-18.0,0.0
1770.8833,3.0,21.0
1771.3027722222223,3.0,0.0
1771.3176069444444,-16.0,-19.0
1771.3275083333333,-16.0,0.0
1771.3451152777777,3.0,19.0
1771.5944555555557,3.0,0.0
1771.6094555555555,-96.0,-99.0
1772.5988472222223,-96.0,0.0
1772.6214708333334,2.0,98.0
1772.7374916666668,2.0,0.0
1772.747475,-20.0,-22.0
1772.7580694444443,-20.0,0.0
1772.775676388889,5.0,25.0
1772.8666666666666,5.0,0.0
1772.8773430555555,-16.0,-21.0
1772.8851652777778,-16.0,0.0
1772.9062375,5.0,21.0
1773.4069972222221,5.0,0.0
1773.4211555555555,-96.0,-101.0
1773.6233333333332,-96.0,0.0
1773.6333333333334,-96.0,0.0
1775.1666666666667,-96.0,0.0
1775.1683333333333,-96.0,0.0
1775.2163527777777,-96.0,0.0
1775.2346527777777,2.0,98.0
1775.5548847222221,2.0,0.0
1775.565561111111,-19.0,-21.0
1775.5713041666668,-19.0,0.0
1775.5889111111112,2.0,21.0
1775.7333333333333,2.0,0.0
1775.7444236111112,-7.0,-9.0
1775.7522458333333,-7.0,0.0
1775.7625083333332,2.0,9.0
1775.8680527777778,2.0,0.0
1775.8780361111112,-20.0,-22.0
1775.8962541666667,-20.0,0.0
1775.9138611111111,0.0,20.0
1776.6333333333334,0.0,0.0
1776.6533333333334,-96.0,-96.0
1777.1041236111112,-96.0,0.0
1777.1241236111111,-2.0,94.0
1777.696601388889,-2.0,0.0
1777.7142083333333,-24.0,-22.0
1777.7546041666667,-24.0,0.0
1777.7687458333332,-2.0,22.0
1778.3340930555555,-2.0,0.0
1778.3489597222222,-96.0,-94.0
1778.7912375,-96.0,0.0
1778.8095694444444,0.0,96.0
1778.9611222222222,0.0,0.0
1778.9738777777777,-19.0,-19.0
1778.980313888889,-19.0,0.0
1778.9944555555555,2.0,21.0
1779.9819805555555,2.0,0.0
1779.9971125,-96.0,-98.0
1780.3824555555555,-96.0,0.0
1780.4024388888888,1.0,97.0
1780.7763694444445,1.0,0.0
1780.7912041666666,-17.0,-18.0
1780.80665,-17.0,0.0
1780.8235638888889,2.0,19.0
1780.9041583333333,2.0,0.0
1780.9162208333332,-11.0,-13.0
1780.9205777777777,-11.0,0.0
1780.9361055555555,2.0,13.0
1781.5500333333334,2.0,0.0
1781.5633652777778,-96.0,-98.0
1782.0057402777777,-96.0,0.0
1782.023923611111,7.0,103.0
1782.4729708333334,7.0,0.0
1782.4850333333334,-16.0,-23.0
1782.5219638888889,-16.0,0.0
1782.5430361111112,2.0,18.0
1783.350726388889,2.0,0.0
1783.3693236111112,-96.0,-98.0
1784.1233722222223,-96.0,0.0
1784.1426625,6.0,102.0
1784.902838888889,6.0,0.0
1784.9169972222223,-96.0,-102.0
1785.7560930555555,-96.0,0.0
1785.776488888889,0.0,96.0
1786.6708916666666,0.0,0.0
1786.686436111111,-96.0,-96.0
1787.1575194444445,-96.0,0.0
1787.1772222222223,-2.0,94.0
1788.3666666666666,-2.0,0.0
1788.3683333333333,-21.0,-19.0
1788.3879375,-21.0,0.0
1788.4048513888888,2.0,23.0
1788.8500333333334,2.0,0.0
1788.864175,-24.0,-26.0
1788.8907097222223,-24.0,0.0
1788.9090097222222,3.0,27.0
1789.2236972222222,3.0,0.0
1789.2385638888888,-96.0,-99.0
1790.2401375,-96.0,0.0
1790.2584694444445,1.0,97.0
1791.032013888889,1.0,0.0
1791.0486805555556,-96.0,-97.0
1791.5704583333334,-96.0,0.0
1791.5933625,4.0,100.0
1791.9389444444444,4.0,0.0
1791.9503138888888,-20.0,-24.0
1791.9775416666666,-20.0,0.0
1791.9930694444445,0.0,20.0
1792.5222444444444,0.0,0.0
1792.538911111111,-96.0,-96.0
1793.3025652777778,-96.0,0.0
1793.3192319444445,5.0,101.0
1793.6765027777778,5.0,0.0
1793.6936958333333,-96.0,-101.0
1793.828548611111,-96.0,0.0
1793.8436625,-2.0,94.0
1793.9069972222221,-2.0,0.0
1793.9169972222223,-96.0,-94.0
1794.1843222222221,-96.0,0.0
1794.202638888889,0.0,96.0
1794.8792083333333,0.0,0.0
1794.891963888889,-17.0,-17.0
1794.9191916666666,-17.0,0.0
1794.9333333333334,1.0,18.0
1795.89175,1.0,0.0
1795.9079708333334,-96.0,-97.0
1795.965,-96.0,0.0
1795.9833,2.0,98.0
1796.5063041666667,2.0,0.0
1796.5179708333333,-96.0,-98.0
1796.996876388889,-96.0,0.0
1797.0133944444444,1.0,97.0
1797.129175,1.0,0.0
1797.1433166666666,-18.0,-19.0
1797.147673611111,-18.0,0.0
1797.1666666666667,0.0,18.0
1797.276436111111,0.0,0.0
1797.2898847222223,-18.0,-18.0
1797.3462208333333,-18.0,0.0
1797.3624416666667,0.0,18.0
1798.0548847222221,0.0,0.0
1798.0683333333334,-19.0,-19.0
1798.0858583333334,-19.0,0.0
1798.0958416666667,0.0,19.0
1798.8854458333333,0.0,0.0
1798.8988944444445,-20.0,-20.0
1798.9261222222221,-20.0,0.0
1798.9423430555555,3.0,23.0
1799.2833666666668,3.0,0.0
1799.2966986111112,-96.0,-99.0
1799.680163888889,-96.0,0.0
1799.6976541666668,1.0,97.0
1799.8361055555556,1.0,0.0
1799.852326388889,-26.0,-27.0
1799.8712375,-26.0,0.0
1799.894388888889,2.0,28.0
1800.4604291666667,2.0,0.0
1800.4738777777777,-96.0,-98.0
1800.523976388889,-96.0,0.0
1800.545048611111,4.0,100.0
1801.1146208333332,4.0,0.0
1801.1271111111112,-96.0,-100.0
1801.4240416666667,-96.0,0.0
1801.4441555555557,4.0,100.0
1801.5840597222223,4.0,0.0
1801.5961222222222,-14.0,-18.0
1801.6122611111111,-14.0,0.0
1801.6298680555556,4.0,18.0
1802.2368652777777,4.0,0.0
1802.2535319444444,-96.0,-100.0
1802.5833333333333,-96.0,0.0
1802.6,-96.0,0.0
1805.4,-96.0,0.0
1805.4016666666666,-96.0,0.0
1805.4670125,-96.0,0.0
1805.483926388889,3.0,99.0
1806.0417166666666,3.0,0.0
1806.0533833333334,-96.0,-99.0
1807.0832680555557,-96.0,0.0
1807.0984,-1.0,95.0
1807.640263888889,-1.0,0.0
1807.6516333333334,-18.0,-17.0
1807.669851388889,-18.0,0.0
1807.6867652777778,0.0,18.0
1808.3555777777779,0.0,0.0
1808.3709888888889,-96.0,-96.0
1808.6200013888888,-96.0,0.0
1808.6333333333334,-96.0,0.0
1810.3333333333333,-96.0,0.0
1810.335,-96.0,0.0
1810.3691583333334,-96.0,0.0
1810.3895375,-2.0,94.0
1810.6097694444445,-2.0,0.0
1810.6280694444445,-23.0,-21.0
1810.6490597222223,-23.0,0.0
1810.6666666666667,0.0,23.0
1811.4131680555556,0.0,0.0
1811.4238444444445,-17.0,-17.0
1811.428201388889,-17.0,0.0
1811.4437291666666,0.0,17.0
1811.534786111111,0.0,0.0
1811.5483833333333,-96.0,-96.0
1811.7633319444444,-96.0,0.0
1811.7817805555555,1.0,97.0
1812.4298680555555,1.0,0.0
1812.4432,-96.0,-97.0
1812.6866680555556,-96.0,0.0
1812.7,-96.0,0.0
1813.6,-96.0,0.0
1813.605,-96.0,0.0
1813.6977722222223,-96.0,0.0
1813.7166333333332,3.0,99.0
1815.6576569444444,3.0,0.0
1815.6699986111112,-96.0,-99.0
1815.7417833333334,-96.0,0.0
1815.7617486111112,1.0,97.0
1816.1785152777777,1.0,0.0
1816.1912875,-96.0,-97.0
1816.4766319444445,-96.0,0.0
1816.4970277777777,1.0,97.0
1817.3403305555555,1.0,0.0
1817.3536625,-96.0,-97.0
1817.6200013888888,-96.0,0.0
1817.6333333333334,-96.0,0.0
1819.7666666666667,-96.0,0.0
1819.769998611111,-96.0,0.0
1819.8480208333333,-96.0,0.0
1819.8672930555556,6.0,102.0
1820.4,6.0,0.0
1820.4233319444445,-96.0,-102.0
1820.8433347222222,-96.0,0.0
1820.8666666666666,-96.0,0.0
1822.5666666666666,-96.0,0.0
1822.569998611111,-96.0,0.0
1822.6300013888888,-96.0,0.0
1822.6458083333334,0.0,96.0
1823.3,-1.92865e-15,-1.92865e-15
1823.3016666666667,-15.0,-14.999999999999998
1823.3226569444444,-15.0,0.0
1823.3354125,3.0,18.0
1823.7715847222223,3.0,0.0
1823.7875402777777,-96.0,-99.0
1824.3852569444443,-96.0,0.0
1824.4053708333333,9.0,105.0
1825.038251388889,9.0,0.0
1825.0533833333334,-96.0,-105.0
1825.8538666666666,-96.0,0.0
1825.872463888889,2.0,98.0
1826.1027722222223,2.0,0.0
1826.1134486111112,-11.0,-13.0
1826.1171125,-11.0,0.0
1826.129175,2.0,13.0
1826.2104625,2.0,0.0
1826.2251652777777,-96.0,-98.0
1826.349125,-96.0,0.0
1826.3797680555556,0.0,96.0
1826.5729041666666,0.0,0.0
1826.5849666666666,-16.0,-16.0
1826.5907097222223,-16.0,0.0
1826.6062375,0.0,16.0
1827.0666666666666,0.0,0.0
1827.0794222222223,-17.0,-17.0
1827.0920958333334,-17.0,0.0
1827.1103958333333,2.0,19.0
1827.596601388889,2.0,0.0
1827.6287625,-14.0,-16.0
1827.6608416666666,-14.0,0.0
1827.6777555555554,4.0,18.0
1828.2611222222222,4.0,0.0
1828.2749986111112,-96.0,-100.0
1828.6460861111111,-96.0,0.0
1828.6655069444444,0.0,96.0
1828.7264027777778,0.0,0.0
1828.735,-5.0,-5.0
1828.765238888889,-5.0,0.0
1828.7791416666666,0.0,5.0
1828.9493402777778,0.0,0.0
1828.9627888888888,-15.0,-15.0
1828.989323611111,-15.0,0.0
1829.0,0.0,15.0
1829.7500333333332,0.0,0.0
1829.7634819444445,-16.0,-16.0
1829.7858583333334,-16.0,0.0
1829.8,1.0,17.0
1830.1035319444445,1.0,0.0
1830.1210069444444,-96.0,-97.0
1830.3246680555555,-96.0,0.0
1830.3469944444444,0.0,96.0
1830.4666666666667,0.0,0.0
1830.4745708333332,-10.0,-10.0
1830.4817,-10.0,0.0
1830.4972277777779,0.0,10.0
1831.1,0.0,0.0
1831.115,-96.0,-96.0
1831.5270763888889,-96.0,0.0
1831.542076388889,5.0,101.0
1832.0701319444445,5.0,0.0
1832.084273611111,-12.0,-17.0
1832.114273611111,-12.0,0.0
1832.1311875,8.0,20.0
1832.3826736111112,8.0,0.0
1832.3961388888888,-96.0,-104.0
1832.8096986111111,-96.0,0.0
1832.8252430555556,2.0,98.0
1833.2791416666666,2.0,0.0
1833.2946694444445,-15.0,-17.0
1833.303184722222,-15.0,0.0
1833.317326388889,5.0,20.0
1833.8819805555556,5.0,0.0
1833.8953125,-96.0,-101.0
1834.1949180555555,-96.0,0.0
1834.20825,6.0,102.0
1834.3528055555555,6.0,0.0
1834.3723930555554,-96.0,-102.0
1835.0583277777778,-96.0,0.0
1835.0758361111111,1.0,97.0
1835.3590430555555,1.0,0.0
1835.3745708333333,-20.0,-21.0
1835.4011055555557,-20.0,0.0
1835.4152472222222,4.0,24.0
1835.634786111111,4.0,0.0
1835.6496375,-96.0,-100.0
1835.8566666666666,-96.0,0.0
1835.8666666666666,-96.0,0.0
1838.0333333333333,-96.0,0.0
1838.035,-96.0,0.0
1838.1003458333332,-96.0,0.0
1838.120725,0.0,96.0
1838.370825,0.0,0.0
1838.3849666666667,-22.0,-22.0
1838.4170458333333,-22.0,0.0
1838.4381180555556,4.0,26.0
1839.011088888889,4.0,0.0
1839.0273097222223,-27.0,-31.0
1839.0448347222223,-27.0,0.0
1839.0624416666667,4.0,31.0
1839.3833666666667,4.0,0.0
1839.3998847222222,-96.0,-100.0
1839.6216666666667,-96.0,0.0
1839.6333333333334,-96.0,0.0
1840.4333333333334,-96.0,0.0
1840.435,-96.0,0.0
1840.465,-96.0,0.0
1840.4812208333333,5.0,101.0
1840.9222444444445,5.0,0.0
1840.9412541666666,-96.0,-101.0
1841.1857083333334,-96.0,0.0
1841.204025,0.0,96.0
1841.4778222222221,0.0,0.0
1841.4912708333334,-18.0,-18.0
1841.5150333333333,-18.0,0.0
1841.5333333333333,3.0,21.0
1841.8666666666666,3.0,0.0
1841.8683333333333,-17.0,-20.0
1841.8844722222223,-17.0,0.0
1841.9,2.0,19.0
1842.45835,2.0,0.0
1842.46835,-96.0,-98.0
1842.8465638888888,-96.0,0.0
1842.8690388888888,0.0,96.0
1843.6666666666667,0.0,0.0
1843.6683333333333,-26.0,-26.0
1843.6810069444443,-26.0,0.0
1843.7,3.0,29.0
1843.8333333333333,3.0,0.0
1843.835,-16.0,-19.0
1843.865,-16.0,0.0
1843.894388888889,4.0,20.0
1844.2854458333334,4.0,0.0
1844.3004458333332,-96.0,-100.0
1844.7513333333334,-96.0,0.0
1844.7704916666667,2.0,98.0
1845.1437958333333,2.0,0.0
1845.1593236111112,-16.0,-18.0
1845.1907097222222,-16.0,0.0
1845.2,3.0,19.0
1845.2729041666666,3.0,0.0
1845.2870458333334,-7.0,-10.0
1845.3024916666666,-7.0,0.0
1845.317326388889,3.0,10.0
1845.712475,3.0,0.0
1845.725923611111,-18.0,-21.0
1845.7316666666666,-18.0,0.0
1845.7471944444444,3.0,21.0
1846.3535652777778,3.0,0.0
1846.3718819444443,-96.0,-99.0
1847.0148430555555,-96.0,0.0
1847.035238888889,2.0,98.0
1847.2937625,2.0,0.0
1847.3072111111112,-15.0,-17.0
1847.3517652777778,-15.0,0.0
1847.3686791666667,2.0,17.0
1847.5666666666666,2.0,0.0
1847.5867805555556,-96.0,-98.0
1847.7333333333333,-96.0,0.0
1847.7466652777778,-96.0,0.0
1847.8913347222222,-96.0,0.0
1847.9086763888888,1.0,97.0
1847.9866680555556,1.0,0.0
1848.0,4.0,3.0
1848.4,4.0,0.0
1848.4181680555555,-8.0,-12.0
1848.4749013888888,-8.0,0.0
1848.5,2.0,10.0
1849.124323611111,2.0,0.0
1849.14,-96.0,-98.0
1849.3750472222223,-96.0,0.0
1849.394188888889,5.0,101.0
1849.5,5.0,0.0
1849.5016666666668,-22.0,-27.0
1849.52335,-22.0,0.0
1849.5478875,3.0,25.0
1850.5269222222223,3.0,0.0
1850.5419222222222,-96.0,-99.0
1851.4121083333334,-96.0,0.0
1851.4312666666667,2.0,98.0
1851.9395708333334,2.0,0.0
1851.9537125,-19.0,-21.0
1851.965,-19.0,0.0
1851.9805277777778,5.0,24.0
1852.2896041666668,5.0,0.0
1852.3016666666667,-14.0,-19.0
1852.3122611111112,-14.0,0.0
1852.3277888888888,4.0,18.0
1852.4069972222221,4.0,0.0
1852.4200319444444,-13.0,-17.0
1852.491123611111,-13.0,0.0
1852.5090097222221,4.0,17.0
1852.6896041666666,4.0,0.0
1852.7033319444445,-12.0,-16.0
1852.7640277777778,-12.0,0.0
1852.7791416666666,0.0,12.0
1852.8660402777778,0.0,0.0
1852.8760236111111,-19.0,-19.0
1852.9288944444445,-19.0,0.0
1852.9548180555555,1.0,20.0
1853.5097694444444,1.0,0.0
1853.5231013888888,-96.0,-97.0
1853.9911194444444,-96.0,0.0
1854.0113819444443,4.0,100.0
1854.1666666666667,4.0,0.0
1854.1810875,-6.0,-10.0
1854.223763888889,-6.0,0.0
1854.2333333333333,4.0,10.0
1854.3327069444445,4.0,0.0
1854.3475416666668,-12.0,-16.0
1854.4011055555557,-12.0,0.0
1854.4235638888888,7.0,19.0
1854.7555777777777,7.0,0.0
1854.7725083333332,-96.0,-103.0
1855.0086458333333,-96.0,0.0
1855.0283486111111,8.0,104.0
1855.1666666666667,8.0,0.0
1855.1815013888888,-19.0,-27.0
1855.1983333333333,-19.0,0.0
1855.2332666666666,7.0,26.0
1855.4,7.0,0.0
1855.4016666666666,-15.0,-22.0
1855.4316666666666,-15.0,0.0
1855.455511111111,9.0,24.0
1855.8840597222222,9.0,0.0
1855.905726388889,-96.0,-105.0
1856.3116666666667,-96.0,0.0
1856.3333333333333,-96.0,0.0
1857.8,-96.0,0.0
1857.8016666666667,-96.0,0.0
1857.8372111111112,-96.0,0.0
1857.8582833333332,7.0,103.0
1858.1145541666667,7.0,0.0
1858.1273097222222,-17.0,-24.0
1858.1316666666667,-17.0,0.0
1858.1506597222221,5.0,22.0
1858.8666666666666,5.0,0.0
1858.8683333333333,-21.0,-26.0
1858.9135805555557,-21.0,0.0
1858.9318805555556,5.0,26.0
1860.0555777777777,5.0,0.0
1860.0739097222222,-96.0,-101.0
1860.6215319444445,-96.0,0.0
1860.6398638888888,1.0,97.0
1860.7333333333333,1.0,0.0
1860.7366652777778,-21.0,-22.0
1860.7966680555555,-21.0,0.0
1860.8166333333334,1.0,22.0
1861.3771291666667,1.0,0.0
1861.3937958333333,-96.0,-97.0
1861.7166666666667,-96.0,0.0
1861.7333333333333,-96.0,0.0
1863.6333333333334,-96.0,0.0
1863.635,-96.0,0.0
1863.6906430555555,-96.0,0.0
1863.70825,2.0,98.0
1863.9541916666667,2.0,0.0
1863.9683333333332,-19.0,-21.0
1863.9907097222222,-19.0,0.0
1864.0131680555555,3.0,22.0
1864.1451152777777,3.0,0.0
1864.1530194444445,-10.0,-13.0
1864.165,-10.0,0.0
1864.1770625,4.0,14.0
1865.0,4.0,0.0
1865.01,-96.0,-100.0
1865.19,-96.0,0.0
1865.2069305555556,3.0,99.0
1865.5541916666666,3.0,0.0
1865.5683333333334,-28.0,-31.0
1865.5900166666668,-28.0,0.0
1865.6097027777778,4.0,32.0
1865.8,4.0,0.0
1865.8134486111112,-16.0,-20.0
1865.8413694444444,-16.0,0.0
1865.8610555555556,4.0,20.0
1866.1250833333334,4.0,0.0
1866.141038888889,-96.0,-100.0
1866.3929208333334,-96.0,0.0
1866.4137277777777,5.0,101.0
1866.7,5.0,0.0
1866.7033319444445,-18.0,-23.0
1866.7584833333333,-18.0,0.0
1866.775676388889,5.0,23.0
1867.1,5.0,0.0
1867.1016666666667,-17.0,-22.0
1867.1302805555556,-17.0,0.0
1867.1513527777777,5.0,22.0
1867.4771291666666,5.0,0.0
1867.4887958333334,-96.0,-101.0
1867.7216666666666,-96.0,0.0
1867.7333333333333,-96.0,0.0
1871.3,-96.0,0.0
1871.3016666666667,-96.0,0.0
1871.3427555555556,-96.0,0.0
1871.3596694444445,5.0,101.0
1871.4660402777777,5.0,0.0
1871.482261111111,-14.0,-19.0
1871.5157263888889,-14.0,0.0
1871.5333333333333,6.0,20.0
1871.9715847222221,6.0,0.0
1871.9851819444445,-96.0,-102.0
1872.1266666666668,-96.0,0.0
1872.1333333333334,-96.0,0.0
1876.4333333333334,-96.0,0.0
1876.435,-96.0,0.0
1876.4643069444444,-96.0,0.0
1876.4874583333333,8.0,104.0
1876.8944555555556,8.0,0.0
1876.905825,-12.0,-20.0
1876.9337458333334,-12.0,0.0
1876.9506597222223,4.0,16.0
1877.0807277777778,4.0,0.0
1877.0990597222221,-96.0,-100.0
1877.5150013888888,-96.0,0.0
1877.5333333333333,-96.0,0.0
1878.5666666666666,-96.0,0.0
1878.5683333333334,-96.0,0.0
1878.60665,-96.0,0.0
1878.6256430555557,4.0,100.0
1879.5153138888888,4.0,0.0
1879.5318319444445,-96.0,-100.0
1879.755,-96.0,0.0
1879.7666666666667,-96.0,0.0
1881.5666666666666,-96.0,0.0
1881.5683333333334,-96.0,0.0
1881.6108083333334,-96.0,0.0
1881.6277222222222,6.0,102.0
1882.145875,6.0,0.0
1882.1621125,-96.0,-102.0
1882.5306236111112,-96.0,0.0
1882.5489402777778,4.0,100.0
1882.7333333333333,4.0,0.0
1882.735,-12.0,-16.0
1882.7518319444443,-12.0,0.0
1882.7722111111111,4.0,16.0
1883.0,4.0,0.0
1883.0133319444444,-96.0,-100.0
1883.5929319444444,-96.0,0.0
1883.6118083333333,6.0,102.0
1883.8388777777777,6.0,0.0
1883.8509402777777,-5.0,-11.0
1883.8559902777777,-5.0,0.0
1883.872211111111,6.0,11.0
1884.7292416666667,6.0,0.0
1884.7464527777777,-96.0,-102.0
1884.9883333333332,-96.0,0.0
1885.0,-96.0,0.0
1893.4,-96.0,0.0
1893.4016666666666,-96.0,0.0
1893.4316666666666,-96.0,0.0
1893.4458083333334,4.0,100.0
1893.5465680555556,4.0,0.0
1893.5586305555555,-23.0,-27.0
1893.576848611111,-23.0,0.0
1893.6145541666667,2.0,25.0
1894.0388777777778,2.0,0.0
1894.0522097222222,-96.0,-98.0
1894.5895333333333,-96.0,0.0
1894.6097958333332,1.0,97.0
1895.3792083333333,1.0,0.0
1895.3933666666667,-96.0,-97.0
1895.6385138888888,-96.0,0.0
1895.6589097222222,1.0,97.0
1895.782673611111,1.0,0.0
1895.7968152777778,-22.0,-23.0
1895.8157263888888,-22.0,0.0
1895.8333333333333,0.0,22.0
1895.9187791666666,0.0,0.0
1895.9320958333333,-25.0,-25.0
1896.0082347222221,-25.0,0.0
1896.0277888888888,3.0,28.0
1896.3666666666666,3.0,0.0
1896.3683333333333,-23.0,-26.0
1896.3803138888888,-23.0,0.0
1896.4,3.0,26.0
1896.5666666666666,3.0,0.0
1896.5683333333334,-21.0,-24.0
1896.589323611111,-21.0,0.0
1896.6090097222223,3.0,24.0
1897.0757430555554,3.0,0.0
1897.091138888889,-96.0,-99.0
1897.3148986111112,-96.0,0.0
1897.332373611111,1.0,97.0
1897.3742902777778,1.0,0.0
1897.3815013888889,-7.0,-8.0
1897.3844722222223,-7.0,0.0
1897.3937625,1.0,8.0
1897.5208583333333,1.0,0.0
1897.532525,-96.0,-97.0
1897.7958902777777,-96.0,0.0
1897.813101388889,5.0,101.0
1898.7,5.0,0.0
1898.7016666666666,-18.0,-23.0
1898.7101819444445,-18.0,0.0
1898.7284819444444,7.0,25.0
1899.1812875,7.0,0.0
1899.1962875,-96.0,-103.0
1899.485,-96.0,0.0
1899.5,-96.0,0.0
1901.6,-96.0,0.0
1901.6016666666667,-96.0,0.0
1901.6420625,-96.0,0.0
1901.6603625,1.0,97.0
1901.8826736111112,1.0,0.0
1901.8943222222222,-19.0,-20.0
1901.9744236111112,-19.0,0.0
1901.9943888888888,1.0,20.0
1902.3333333333333,1.0,0.0
1902.335413888889,-17.0,-18.0
1902.3446222222221,-17.0,0.0
1902.3611222222223,0.0,17.0
1902.4333333333334,0.0,0.0
1902.4477541666668,-25.0,-25.0
1902.5327069444445,-25.0,0.0
1902.557523611111,0.0,25.0
1903.7417833333334,0.0,0.0
1903.7568972222223,-96.0,-96.0
1903.8633347222221,-96.0,0.0
1903.8812208333334,2.0,98.0
1904.0972277777778,2.0,0.0
1904.1113694444443,-13.0,-15.0
1904.1316666666667,-13.0,0.0
1904.1460875,2.0,15.0
1904.221763888889,2.0,0.0
1904.2300819444445,-18.0,-20.0
1904.2351319444444,-18.0,0.0
1904.2506597222223,-1.0,17.0
1904.782673611111,-1.0,0.0
1904.80155,-96.0,-95.0
1905.1122444444445,-96.0,0.0
1905.1290416666666,1.0,97.0
1905.3958416666667,1.0,0.0
1905.4125083333333,-96.0,-97.0
1905.920425,-96.0,0.0
1905.9370916666667,0.0,96.0
1906.5264027777778,0.0,0.0
1906.5391583333333,-21.0,-21.0
1906.565,-21.0,0.0
1906.5867652777779,0.0,21.0
1907.1,0.0,0.0
1907.1148347222222,-19.0,-19.0
1907.1448347222222,-19.0,0.0
1907.165213888889,3.0,22.0
1907.5055444444445,3.0,0.0
1907.5203791666668,-20.0,-23.0
1907.5406763888889,-20.0,0.0
1907.5575902777778,4.0,24.0
1907.6638944444444,4.0,0.0
1907.67665,-22.0,-26.0
1907.7108083333333,-22.0,0.0
1907.7270291666666,4.0,26.0
1908.3180861111111,4.0,0.0
1908.3347527777778,-96.0,-100.0
1908.65,-96.0,0.0
1908.6666666666667,-96.0,0.0
1910.7,-96.0,0.0
1910.7016666666666,-96.0,0.0
1910.735825,-96.0,0.0
1910.7506597222223,2.0,98.0
1911.7431027777777,2.0,0.0
1911.7547694444445,-96.0,-98.0
1912.029223611111,-96.0,0.0
1912.0464347222223,1.0,97.0
1912.5729708333333,1.0,0.0
1912.5896375,-96.0,-97.0
1912.9686458333333,-96.0,0.0
1912.9853125,6.0,102.0
1913.4417166666667,6.0,0.0
1913.4544888888888,-96.0,-102.0
1913.8756722222222,-96.0,0.0
1913.895375,1.0,97.0
1914.6069972222222,1.0,0.0
1914.6236638888888,-96.0,-97.0
1915.2355388888889,-96.0,0.0
1915.2522055555555,2.0,98.0
1915.370825,2.0,0.0
1915.3849666666667,-21.0,-23.0
1915.4059569444444,-21.0,0.0
1915.4256430555556,2.0,23.0
1915.7097027777777,2.0,0.0
1915.7217652777779,-26.0,-28.0
1915.7351319444444,-26.0,0.0
1915.7548180555555,2.0,28.0
1916.2056777777777,2.0,0.0
1916.2205291666667,-96.0,-98.0
1916.4615180555556,-96.0,0.0
1916.4798347222222,1.0,97.0
1916.7069972222223,1.0,0.0
1916.7196208333332,-96.0,-97.0
1916.831798611111,-96.0,0.0
1916.8513527777777,1.0,97.0
1917.4132347222221,1.0,0.0
1917.4287625,-23.0,-24.0
1917.4428222222223,-23.0,0.0
1917.4701319444443,5.0,28.0
1917.5833666666667,5.0,0.0
1917.5993222222223,-96.0,-101.0
1917.8643722222223,-96.0,0.0
1917.8851791666666,7.0,103.0
1918.3639611111112,7.0,0.0
1918.3772930555556,-96.0,-103.0
1918.6533347222223,-96.0,0.0
1918.6666666666667,-96.0,0.0
1921.5666666666666,-96.0,0.0
1921.5683333333334,-96.0,0.0
1921.6045708333334,-96.0,0.0
1921.6200986111112,3.0,99.0
1921.9632013888888,3.0,0.0
1921.9780361111111,-19.0,-22.0
1922.008036111111,-19.0,0.0
1922.026336111111,2.0,21.0
1922.2173930555555,2.0,0.0
1922.235725,-96.0,-98.0
1922.5816680555556,-96.0,0.0
1922.6,-96.0,0.0
1924.1,-96.0,0.0
1924.1016666666667,-96.0,0.0
1924.1316666666667,-96.0,0.0
1924.1520458333334,1.0,97.0
1925.0091430555556,1.0,0.0
1925.024275,-96.0,-97.0
1925.2883333333334,-96.0,0.0
1925.3,-96.0,0.0
1926.9333333333334,-96.0,0.0
1926.9366652777778,-96.0,0.0
1926.9932027777777,-96.0,0.0
1927.0166333333334,1.0,97.0
1927.0277888888888,1.0,0.0
1927.0354138888888,-8.0,-9.0
1927.0390777777777,-8.0,0.0
1927.0500333333334,1.0,9.0
1927.3194722222222,1.0,0.0
1927.3294555555556,-18.0,-19.0
1927.3407430555555,-18.0,0.0
1927.3590430555555,3.0,21.0
1927.6902972222222,3.0,0.0
1927.7069638888888,-96.0,-99.0
1928.3929958333333,-96.0,0.0
1928.414513888889,-1.0,95.0
1928.9216180555557,-1.0,0.0
1928.9363208333334,-96.0,-95.0
1929.0921611111112,-96.0,0.0
1929.113101388889,2.0,98.0
1929.6167666666668,2.0,0.0
1929.6343902777778,-96.0,-98.0
1930.24755,-96.0,0.0
1930.265173611111,-1.0,95.0
1930.4812875,-1.0,0.0
1930.4957083333334,-21.0,-20.0
1930.5460083333332,-21.0,0.0
1930.5625083333334,2.0,23.0
1931.0007597222223,2.0,0.0
1931.0178222222223,-96.0,-98.0
1931.2376222222222,-96.0,0.0
1931.2553777777778,-2.0,94.0
1931.7166333333332,-2.0,0.0
1931.7245375,-9.0,-7.0
1931.7365180555555,-9.0,0.0
1931.7603625,2.0,11.0
1932.2125416666668,2.0,0.0
1932.2275416666666,-96.0,-98.0
1932.5183333333334,-96.0,0.0
1932.5333333333333,-96.0,0.0
1934.5666666666666,-96.0,0.0
1934.5683333333334,-96.0,0.0
1934.6392236111112,-96.0,0.0
1934.6547513888888,0.0,96.0
1934.7666666666667,0.0,0.0
1934.7835805555555,-21.0,-21.0
1934.808036111111,-21.0,0.0
1934.8360388888889,0.0,21.0
1934.9,0.0,0.0
1934.9092902777777,-9.0,-9.0
1934.915726388889,-9.0,0.0
1934.9236305555555,0.0,9.0
1935.0375583333334,0.0,0.0
1935.0523930555555,-21.0,-21.0
1935.1246694444444,-21.0,0.0
1935.1422763888888,2.0,23.0
1935.7784486111111,2.0,0.0
1935.7918972222221,-19.0,-21.0
1935.805263888889,-19.0,0.0
1935.8221777777778,0.0,19.0
1936.0736638888889,0.0,0.0
1936.0862875,-96.0,-96.0
1936.2019305555555,-96.0,0.0
1936.2256430555556,8.0,104.0
1936.4548847222222,8.0,0.0
1936.4713847222222,-16.0,-24.0
1936.5300013888889,-16.0,0.0
1936.5506597222222,1.0,17.0
1936.9445555555556,1.0,0.0
1936.9612222222222,-96.0,-97.0
1937.905763888889,-96.0,0.0
1937.9335194444445,12.0,108.0
1938.553498611111,12.0,0.0
1938.5701652777777,-96.0,-108.0
1938.8833333333334,-96.0,0.0
1938.9,-96.0,0.0
1939.7333333333333,-96.0,0.0
1939.735,-96.0,0.0
1939.765,-96.0,0.0
1939.781913888889,0.0,96.0
1940.1521125,-9.64327e-16,-9.64327e-16
1940.1627888888888,-18.0,-18.0
1940.1754625,-18.0,0.0
1940.1930694444445,0.0,18.0
1940.287525,0.0,0.0
1940.298911111111,-96.0,-96.0
1940.86425,-96.0,0.0
1940.8784083333333,1.0,97.0
1941.0125416666667,1.0,0.0
1941.0280694444446,-17.0,-18.0
1941.051138888889,-17.0,0.0
1941.074290277778,6.0,23.0
1941.5638944444445,6.0,0.0
1941.5749986111111,-96.0,-102.0
1941.7250013888888,-96.0,0.0
1941.7333333333333,-96.0,0.0
1945.2666666666667,-96.0,0.0
1945.2683333333334,-96.0,0.0
1945.3198180555555,-96.0,0.0
1945.3381180555555,2.0,98.0
1946.0732097222221,2.0,0.0
1946.0897944444444,-96.0,-98.0
1946.4167486111112,-96.0,0.0
1946.4333333333334,-96.0,0.0
1947.5333333333333,-96.0,0.0
1947.535,-96.0,0.0
1947.5920291666666,-96.0,0.0
1947.6061708333334,1.0,97.0
1948.0916833333333,1.0,0.0
1948.1037458333333,-22.0,-23.0
1948.1178055555556,-22.0,0.0
1948.1333333333334,-2.0,20.0
1948.328548611111,-2.0,0.0
1948.3413041666668,-96.0,-94.0
1948.3955611111112,-96.0,0.0
1948.4110888888888,1.0,97.0
1949.3604958333333,1.0,0.0
1949.375198611111,-96.0,-97.0
1949.5968791666667,-96.0,0.0
1949.6150472222223,0.0,96.0
1950.3145541666668,0.0,0.0
1950.3300819444444,-20.0,-20.0
1950.3392902777778,-20.0,0.0
1950.3575902777777,1.0,21.0
1951.0576569444445,1.0,0.0
1951.0733333333333,-96.0,-97.0
1951.2058083333334,-96.0,0.0
1951.2256430555556,0.0,96.0
1951.3986805555555,0.0,0.0
1951.409636111111,-24.0,-24.0
1951.4987472222222,-24.0,0.0
1951.517326388889,1.0,25.0
1951.9354791666667,1.0,0.0
1951.9496208333333,-96.0,-97.0
1952.020511111111,-96.0,0.0
1952.037425,0.0,96.0
1953.2778222222223,0.0,0.0
1953.2905944444444,-96.0,-96.0
1953.5333333333333,-96.0,0.0
1953.54,-96.0,0.0
1953.5828694444444,-96.0,0.0
1953.601186111111,-3.0,93.0
1953.6392083333333,-3.0,0.0
1953.6562708333333,1.0,4.0
1953.961188888889,1.0,0.0
1953.9774097222223,-96.0,-97.0
1954.0593888888889,-96.0,0.0
1954.0811541666667,-1.0,95.0
1954.473663888889,-1.0,0.0
1954.4915680555555,-96.0,-95.0
1954.7216666666666,-96.0,0.0
1954.7333333333333,-96.0,0.0
1955.8333333333333,-96.0,0.0
1955.835,-96.0,0.0
1956.0486597222223,-96.0,0.0
1956.0683458333333,0.0,96.0
1956.3952152777779,0.0,0.0
1956.411436111111,-24.0,-24.0
1956.4476736111112,-24.0,0.0
1956.4666666666667,-1.0,23.0
1957.2833666666668,-1.0,0.0
1957.2993222222221,-96.0,-95.0
1957.6045694444445,-96.0,0.0
1957.6198319444445,0.0,96.0
1957.863201388889,0.0,0.0
1957.8759569444444,-15.0,-15.0
1957.8983333333333,-15.0,0.0
1957.9103958333333,2.0,17.0
1958.187525,2.0,0.0
1958.2016666666666,-19.0,-21.0
1958.2101819444445,-19.0,0.0
1958.2264027777778,2.0,21.0
1958.2805944444444,2.0,0.0
1958.2926569444444,-20.0,-22.0
1958.3122611111112,-20.0,0.0
1958.329175,-2.0,18.0
1958.7160069444444,-2.0,0.0
1958.7273763888888,-21.0,-19.0
1958.7462875,-21.0,0.0
1958.763201388889,2.0,23.0
1959.4855125,2.0,0.0
1959.4955125,-96.0,-98.0
1959.7233333333334,-96.0,0.0
1959.7333333333333,-96.0,0.0
1961.2,-96.0,0.0
1961.2016666666666,-96.0,0.0
1961.2295875,-96.0,0.0
1961.2471944444444,2.0,98.0
1961.4965347222221,2.0,0.0
1961.5079041666668,-24.0,-26.0
1961.5316666666668,-24.0,0.0
1961.5520458333333,2.0,26.0
1962.534786111111,2.0,0.0
1962.5496208333334,-96.0,-98.0
1962.6135805555555,-96.0,0.0
1962.6304944444444,1.0,97.0
1962.7937625,1.0,0.0
1962.8072111111112,-21.0,-22.0
1962.8178055555557,-21.0,0.0
1962.8333333333333,3.0,24.0
1962.97505,3.0,0.0
1962.9917166666667,-96.0,-99.0
1963.3166666666666,-96.0,0.0
1963.3333333333333,-96.0,0.0
1964.7,-96.0,0.0
1964.7016666666666,-96.0,0.0
1964.7427555555555,-96.0,0.0
1964.7596694444444,0.0,96.0
1965.2327069444445,0.0,0.0
1965.2496208333334,-96.0,-96.0
1965.3149666666666,-96.0,0.0
1965.3304944444444,2.0,98.0
1965.4320138888888,2.0,0.0
1965.4436625,-96.0,-98.0
1965.5618819444444,-96.0,0.0
1965.5811541666667,5.0,101.0
1965.9230708333334,5.0,0.0
1965.940561111111,-96.0,-101.0
1966.9761916666666,-96.0,0.0
1966.9936819444445,2.0,98.0
1967.192376388889,2.0,0.0
1967.2051319444445,-14.0,-16.0
1967.2275083333334,-14.0,0.0
1967.2430361111112,4.0,18.0
1967.6429027777779,4.0,0.0
1967.6577541666666,-96.0,-100.0
1967.7566666666667,-96.0,0.0
1967.7666666666667,-96.0,0.0
1969.6666666666667,-96.0,0.0
1969.6683333333333,-96.0,0.0
1969.7281347222222,-96.0,0.0
1969.7464347222221,2.0,98.0
1970.0,2.0,0.0
1970.0127555555555,-22.0,-24.0
1970.0434486111112,-22.0,0.0
1970.0589763888888,2.0,24.0
1970.1562708333333,2.0,0.0
1970.1727708333333,-96.0,-98.0
1970.800386111111,-96.0,0.0
1970.8155,4.0,100.0
1971.0187791666667,4.0,0.0
1971.035,-20.0,-24.0
1971.076088888889,-20.0,0.0
1971.1027055555555,3.0,23.0
1971.5666666666666,3.0,0.0
1971.569998611111,-18.0,-21.0
1971.6189125,-18.0,0.0
1971.6333333333334,3.0,21.0
1971.8743569444443,3.0,0.0
1971.8887958333332,-96.0,-99.0
1972.1216666666667,-96.0,0.0
1972.1333333333334,-96.0,0.0
1973.4,-96.0,0.0
1973.4033319444445,-96.0,0.0
1973.4674930555555,-96.0,0.0
1973.4839930555556,2.0,98.0
1973.8298680555556,2.0,0.0
1973.839851388889,-19.0,-21.0
1973.865,-19.0,0.0
1973.8812208333334,4.0,23.0
1973.9930694444445,4.0,0.0
1974.0033319444444,-20.0,-24.0
1974.0550180555556,-20.0,0.0
1974.0839930555555,3.0,23.0
1975.1847527777777,3.0,0.0
1975.2014194444444,-96.0,-99.0
1975.5166666666667,-96.0,0.0
1975.5333333333333,-96.0,0.0
1977.6666666666667,-96.0,0.0
1977.6683333333333,-96.0,0.0
1977.6920958333333,-96.0,0.0
1977.711088888889,-1.0,95.0
1977.7561222222223,-1.0,0.0
1977.7666666666667,2.0,3.0
1978.3826736111112,2.0,0.0
1978.3988944444445,-12.0,-14.0
1978.403251388889,-12.0,0.0
1978.421551388889,2.0,14.0
1978.5923763888889,2.0,0.0
1978.6066666666666,-96.0,-98.0
1978.8084472222222,-96.0,0.0
1978.8248166666667,2.0,98.0
1979.3862055555555,2.0,0.0
1979.4017333333334,-22.0,-24.0
1979.4698513888889,-22.0,0.0
1979.4895375,2.0,24.0
1979.6320138888889,2.0,0.0
1979.6535319444445,-96.0,-98.0
1979.9833333333333,-96.0,0.0
1980.0,-96.0,0.0
1981.7333333333333,-96.0,0.0
1981.735,-96.0,0.0
1981.8017319444446,-96.0,0.0
1981.822111111111,1.0,97.0
1982.0,1.0,0.0
1982.0016666666668,-19.0,-20.0
1982.0441416666667,-19.0,0.0
1982.0603625,1.0,20.0
1982.4424097222222,1.0,0.0
1982.4560069444444,-96.0,-97.0
1982.671648611111,-96.0,0.0
1982.6866319444443,0.0,96.0
1983.2236305555555,0.0,0.0
1983.2366652777778,-17.0,-17.0
1983.2793416666666,-17.0,0.0
1983.3090097222223,5.0,22.0
1983.8028388888888,5.0,0.0
1983.8174083333333,-96.0,-101.0
1983.9916680555555,-96.0,0.0
1984.0,-96.0,0.0
1987.5333333333333,-96.0,0.0
1987.535,-96.0,0.0
1987.5816333333332,-96.0,0.0
1987.6040916666666,7.0,103.0
1988.0528722222223,7.0,0.0
1988.0686972222222,-96.0,-103.0
1988.3216666666667,-96.0,0.0
1988.3333333333333,-96.0,0.0
1990.8,-96.0,0.0
1990.8016666666667,-96.0,0.0
1990.8538444444443,-96.0,0.0
1990.871451388889,2.0,98.0
1991.8077569444445,2.0,0.0
1991.8210888888889,-96.0,-98.0
1992.1560402777777,-96.0,0.0
1992.174223611111,4.0,100.0
1992.8361722222223,4.0,0.0
1992.8511722222222,-96.0,-100.0
1993.5002736111112,-96.0,0.0
1993.518738888889,3.0,99.0
1994.4167,3.0,0.0
1994.4319625,-96.0,-99.0
1994.6526569444445,-96.0,0.0
1994.6706916666667,7.0,103.0
1995.0049180555557,7.0,0.0
1995.020873611111,-96.0,-103.0
1995.265825,-96.0,0.0
1995.282473611111,2.0,98.0
1995.3666666666666,2.0,0.0
1995.37665,-19.0,-21.0
1995.3983333333333,-19.0,0.0
1995.4152472222222,0.0,19.0
1996.3465680555555,0.0,0.0
1996.3649,-96.0,-96.0
1997.3623152777777,-96.0,0.0
1997.3806472222223,2.0,98.0
1997.5666666666666,2.0,0.0
1997.5683333333334,-15.0,-17.0
1997.6156597222223,-15.0,0.0
1997.6339597222222,2.0,17.0
1998.5889111111112,2.0,0.0
1998.6016666666667,-14.0,-16.0
1998.6351319444445,-14.0,0.0
1998.6478875,2.0,16.0
1998.7666666666667,2.0,0.0
1998.7821944444445,-25.0,-27.0
1998.8101152777779,-25.0,0.0
1998.8311875,3.0,28.0
1999.6466347222222,3.0,0.0
1999.6600833333334,-96.0,-99.0
1999.8169125,-96.0,0.0
1999.8338263888888,1.0,97.0
2000.0604291666666,1.0,0.0
2000.0711055555555,-23.0,-24.0
2000.1004125,-23.0,0.0
2000.1173263888888,3.0,26.0
2000.2569638888888,3.0,0.0
2000.2683333333334,-20.0,-23.0
2000.2900166666666,-20.0,0.0
2000.3062375,2.0,22.0
2000.6930694444445,2.0,0.0
2000.704438888889,-12.0,-14.0
2000.7136472222223,-12.0,0.0
2000.7326402777778,2.0,14.0
2001.0306277777777,2.0,0.0
2001.0489597222222,-96.0,-98.0
2001.6478680555556,-96.0,0.0
2001.6662,2.0,98.0
2001.7534986111111,2.0,0.0
2001.7648680555556,-26.0,-28.0
2001.8059569444445,-26.0,0.0
2001.8228708333334,4.0,30.0
2001.9333333333334,4.0,0.0
2001.9366652777778,-27.0,-31.0
2001.9966680555556,-27.0,0.0
2002.0159402777779,3.0,30.0
2002.25835,3.0,0.0
2002.2683333333334,-26.0,-29.0
2002.2983333333334,-26.0,0.0
2002.3214847222223,2.0,28.0
2003.0187791666667,2.0,0.0
2003.0337791666666,-96.0,-98.0
2003.3183333333334,-96.0,0.0
2003.3333333333333,-96.0,0.0
2004.6,-96.0,0.0
2004.6016666666667,-96.0,0.0
2004.6926555555556,-96.0,0.0
2004.7130347222221,3.0,99.0
2004.8937625,3.0,0.0
2004.9095694444445,-27.0,-30.0
2004.9674930555555,-27.0,0.0
2004.9867652777777,3.0,30.0
2005.8590430555555,3.0,0.0
2005.8740430555556,-96.0,-99.0
2006.1516666666666,-96.0,0.0
2006.1666666666667,-96.0,0.0
2009.8,-96.0,0.0
2009.8016666666667,-96.0,0.0
2009.8545375,-96.0,0.0
2009.8721444444445,3.0,99.0
2010.0,3.0,0.0
2010.0016666666668,-17.0,-20.0
2010.0316666666668,-17.0,0.0
2010.0520458333333,3.0,20.0
2010.595975,3.0,0.0
2010.6176416666667,-96.0,-99.0
2011.0783333333334,-96.0,0.0
2011.1,-96.0,0.0
2015.8,-96.0,0.0
2015.805,-96.0,0.0
2015.908861111111,-96.0,0.0
2015.9332666666667,0.0,96.0
2015.9723444444444,0.0,0.0
2015.9881513888888,-22.0,-22.0
2016.0876583333334,-22.0,0.0
2016.1110888888888,6.0,28.0
2016.6189125,6.0,0.0
2016.6322444444445,-96.0,-102.0
2016.9533347222223,-96.0,0.0
2016.9666666666667,-96.0,0.0
2018.5666666666666,-96.0,0.0
2018.5683333333334,-96.0,0.0
2018.6135805555555,-96.0,0.0
2018.6298013888888,4.0,100.0
2019.3333333333333,4.0,0.0
2019.3473430555555,-9.0,-13.0
2019.4283333333333,-9.0,0.0
2019.452738888889,4.0,13.0
2019.6660402777777,4.0,0.0
2019.6833819444444,-96.0,-100.0
2019.9338777777778,-96.0,0.0
2019.9560708333333,4.0,100.0
2020.4103958333333,4.0,0.0
2020.4210722222222,-13.0,-17.0
2020.4268152777777,-13.0,0.0
2020.4471944444444,2.0,15.0
2020.85835,2.0,0.0
2020.8716819444444,-96.0,-98.0
2021.6529611111112,-96.0,0.0
2021.6718375,5.0,101.0
2021.9346527777777,5.0,0.0
2021.9460222222222,-14.0,-19.0
2021.974636111111,-14.0,0.0
2021.9873916666666,6.0,20.0
2022.75835,6.0,0.0
2022.773498611111,-96.0,-102.0
2023.1466666666668,-96.0,0.0
2023.1666666666667,-96.0,0.0
2027.2,-96.0,0.0
2027.2016666666666,-96.0,0.0
2027.2476069444444,-96.0,0.0
2027.2617486111112,0.0,96.0
2027.3666666666666,0.0,0.0
2027.3801152777778,-18.0,-18.0
2027.3851652777778,-18.0,0.0
2027.4,3.0,21.0
2028.4715847222221,3.0,0.0
2028.4893402777777,-96.0,-99.0
2028.6363694444444,-96.0,0.0
2028.6534319444445,4.0,100.0
2029.1271625,4.0,0.0
2029.1445041666666,-96.0,-100.0
2029.3908416666666,-96.0,0.0
2029.4061041666666,2.0,98.0
2029.9,2.0,0.0
2029.9016666666666,-17.0,-19.0
2029.9198847222222,-17.0,0.0
2029.9395708333334,6.0,23.0
2030.0666666666666,6.0,0.0
2030.0787291666666,-16.0,-22.0
2030.083086111111,-16.0,0.0
2030.1,7.0,23.0
2030.1708916666666,7.0,0.0
2030.184223611111,-96.0,-103.0
2030.4533347222223,-96.0,0.0
2030.4666666666667,-96.0,0.0
2031.6333333333334,-96.0,0.0
2031.635,-96.0,0.0
2031.669851388889,-96.0,0.0
2031.6860722222223,3.0,99.0
2031.9333333333334,3.0,0.0
2031.9366652777778,-22.0,-25.0
2031.9966680555556,-22.0,0.0
2032.013861111111,1.0,23.0
2032.2381847222223,1.0,0.0
2032.2481680555557,-18.0,-19.0
2032.2670791666667,-18.0,0.0
2032.2930027777777,6.0,24.0
2032.8090763888888,6.0,0.0
2032.824076388889,-96.0,-102.0
2033.1183333333333,-96.0,0.0
2033.1333333333334,-96.0,0.0
2034.9666666666667,-96.0,0.0
2034.9683333333332,-96.0,0.0
2035.00665,-96.0,0.0
2035.0221777777779,1.0,97.0
2035.8493402777779,1.0,0.0
2035.865988888889,-96.0,-97.0
2036.3937069444444,-96.0,0.0
2036.4117416666666,3.0,99.0
2037.4534986111112,3.0,0.0
2037.4699986111111,-24.0,-27.0
2037.5383180555555,-24.0,0.0
2037.5589763888888,3.0,27.0
2037.6944555555556,3.0,0.0
2037.7083319444444,-96.0,-99.0
2037.8999180555556,-96.0,0.0
2037.9179527777778,6.0,102.0
2038.3,6.0,0.0
2038.3155597222221,-96.0,-102.0
2038.6483347222222,-96.0,0.0
2038.6666666666667,-96.0,0.0
2040.1333333333334,-96.0,0.0
2040.135,-96.0,0.0
2040.1781680555555,-96.0,0.0
2040.1943888888889,1.0,97.0
2040.5736638888889,1.0,0.0
2040.5857263888888,-22.0,-23.0
2040.6316666666667,-22.0,0.0
2040.6513527777777,3.0,25.0
2040.7798347222222,3.0,0.0
2040.7898180555555,-7.0,-10.0
2040.7983333333334,-7.0,0.0
2040.8131680555555,4.0,11.0
2041.2021458333334,4.0,0.0
2041.2171458333332,-96.0,-100.0
2041.5183333333334,-96.0,0.0
2041.5333333333333,-96.0,0.0
2042.1666666666667,-96.0,0.0
2042.1683333333333,-96.0,0.0
2042.2295208333333,-96.0,0.0
2042.2457416666666,4.0,100.0
2042.5480208333333,4.0,0.0
2042.5646875,-96.0,-100.0
2042.9825069444444,-96.0,0.0
2043.005411111111,2.0,98.0
2043.4465680555556,2.0,0.0
2043.4599,-96.0,-98.0
2043.720001388889,-96.0,0.0
2043.7333333333333,-96.0,0.0
2045.7333333333333,-96.0,0.0
2045.7383333333332,-96.0,0.0
2045.8345708333334,-96.0,0.0
2045.8534319444445,8.0,104.0
2046.1562708333333,8.0,0.0
2046.1683333333333,-19.0,-27.0
2046.1962541666667,-19.0,0.0
2046.2194055555556,3.0,22.0
2046.918086111111,3.0,0.0
2046.9307097222222,-96.0,-99.0
2047.0553625,-96.0,0.0
2047.0749166666667,2.0,98.0
2047.2479541666667,2.0,0.0
2047.261286111111,-96.0,-98.0
2047.5920791666667,-96.0,0.0
2047.6130347222222,9.0,105.0
2047.8570305555556,9.0,0.0
2047.8739444444445,-20.0,-29.0
2047.9268152777777,-20.0,0.0
2047.943036111111,1.0,21.0
2048.1222444444443,1.0,0.0
2048.135,-13.0,-14.0
2048.1365847222223,-13.0,0.0
2048.150726388889,1.0,14.0
2048.34165,1.0,0.0
2048.348861111111,-10.0,-11.0
2048.3594555555555,-10.0,0.0
2048.3763694444447,1.0,11.0
2048.6666666666665,1.0,0.0
2048.6833333333334,-96.0,-97.0
2048.983333333333,-96.0,0.0
2049.0,-96.0,0.0
2049.866666666667,-96.0,0.0
2049.8683333333333,-96.0,0.0
2049.9,-96.0,0.0
2049.9033319444443,-96.0,0.0
2049.9135805555557,-96.0,0.0
2049.9291083333333,-4.0,92.0
2049.959176388889,-4.0,0.0
2049.972211111111,3.0,7.0
2050.2117819444443,3.0,0.0
2050.2245375,-11.0,-14.0
2050.226815277778,-11.0,0.0
2050.2423430555555,3.0,14.0
2050.5118305555557,3.0,0.0
2050.5275861111113,-96.0,-99.0
2050.810513888889,-96.0,0.0
2050.8297347222224,7.0,103.0
2050.9222444444445,7.0,0.0
2050.937772222222,-19.0,-26.0
2051.0308402777778,-19.0,0.0
2051.0535944444446,6.0,25.0
2051.551715277778,6.0,0.0
2051.5690430555555,-96.0,-102.0
2051.7566666666667,-96.0,0.0
2051.766666666667,-96.0,0.0
2055.1666666666665,-96.0,0.0
2055.1683333333335,-96.0,0.0
2055.227441666667,-96.0,0.0
2055.245048611111,1.0,97.0
2055.9590430555554,1.0,0.0
2055.9745708333335,-20.0,-21.0
2055.9969472222224,-20.0,0.0
2056.0117819444445,0.0,20.0
2056.5569638888887,0.0,0.0
2056.5736305555556,-96.0,-96.0
2057.1730305555557,-96.0,0.0
2057.189697222222,1.0,97.0
2057.604851388889,1.0,0.0
2057.6162208333335,-20.0,-21.0
2057.624736111111,-20.0,0.0
2057.6395708333334,6.0,26.0
2057.766666666667,6.0,0.0
2057.7683333333334,-13.0,-19.0
2057.7934819444445,-13.0,0.0
2057.8110888888887,6.0,19.0
2057.9618819444445,6.0,0.0
2057.979786111111,-96.0,-102.0
2058.290972222222,-96.0,0.0
2058.3102625,0.0,96.0
2058.6666666666665,0.0,0.0
2058.67665,-14.0,-14.0
2058.6817,-14.0,0.0
2058.6972277777777,5.0,19.0
2059.4069305555554,5.0,0.0
2059.4224583333335,-18.0,-23.0
2059.4323597222224,-18.0,0.0
2059.449273611111,0.0,18.0
2059.515313888889,0.0,0.0
2059.5327888888887,-96.0,-96.0
2059.6512041666665,-96.0,0.0
2059.669372222222,8.0,104.0
2059.8,8.0,0.0
2059.8016666666667,-15.0,-23.0
2059.8178055555554,-15.0,0.0
2059.8388777777777,8.0,23.0
2059.9701319444443,8.0,0.0
2059.979422222222,-3.0,-11.0
2059.9823930555553,-3.0,0.0
2059.9979208333334,8.0,11.0
2060.3049180555554,8.0,0.0
2060.322259722222,-96.0,-104.0
2060.4916680555557,-96.0,0.0
2060.5,-96.0,0.0
2062.0,-96.0,0.0
2062.0033319444447,-96.0,0.0
2062.050166666667,-96.0,0.0
2062.0666666666666,4.0,100.0
2062.5333333333333,4.0,0.0
2062.535,-17.0,-21.0
2062.553911111111,-17.0,0.0
2062.5666666666666,4.0,21.0
2063.266666666667,4.0,0.0
2063.2683333333334,-20.0,-24.0
2063.2962541666666,-20.0,0.0
2063.3187125,6.0,26.0
2063.687525,6.0,0.0
2063.702525,-96.0,-102.0
2064.205391666667,-96.0,0.0
2064.2252430555554,6.0,102.0
2064.4,6.0,0.0
2064.4016666666666,-19.0,-25.0
2064.415033333333,-19.0,0.0
2064.439570833333,6.0,25.0
2064.6729708333332,6.0,0.0
2064.6913027777778,-96.0,-102.0
2065.4794152777777,-96.0,0.0
2065.50745,5.0,101.0
2065.6722777777777,5.0,0.0
2065.6868472222222,-96.0,-101.0
2065.9172444444443,-96.0,0.0
2065.937358333333,5.0,101.0
2066.27505,5.0,0.0
2066.2885152777776,-96.0,-101.0
2066.61475,-96.0,0.0
2066.6337597222223,5.0,101.0
2067.541023611111,5.0,0.0
2067.5643555555557,-96.0,-101.0
2068.7716694444443,-96.0,0.0
2068.795001388889,4.0,100.0
2068.9,4.0,0.0
2068.9016666666666,-16.0,-20.0
2068.9240430555556,-16.0,0.0
2068.9423430555557,4.0,20.0
2069.1598027777777,4.0,0.0
2069.176716666667,-96.0,-100.0
2069.244834722222,-96.0,0.0
2069.2631347222223,5.0,101.0
2069.6131680555554,5.0,0.0
2069.6252305555554,-10.0,-15.0
2069.6677055555556,-10.0,0.0
2069.6860055555558,5.0,15.0
2069.840263888889,5.0,0.0
2069.853595833333,-96.0,-101.0
2070.0866680555555,-96.0,0.0
2070.1,-96.0,0.0
2070.9,-96.0,0.0
2070.9016666666666,-96.0,0.0
2070.9503791666666,-96.0,0.0
2070.9707583333334,3.0,99.0
2071.6833666666666,3.0,0.0
2071.6968152777777,-19.0,-22.0
2071.743448611111,-19.0,0.0
2071.763827777778,12.0,31.0
2072.343302777778,12.0,0.0
2072.3549694444446,-96.0,-108.0
2072.6883333333335,-96.0,0.0
2072.7,-96.0,0.0
2077.6,-96.0,0.0
2077.6016666666665,-96.0,0.0
2077.650379166667,-96.0,0.0
2077.6666,5.0,101.0
2078.1521125,5.0,0.0
2078.166947222222,-23.0,-28.0
2078.176848611111,-23.0,0.0
2078.2006930555553,6.0,29.0
2078.7055444444445,6.0,0.0
2078.7189930555555,-15.0,-21.0
2078.7365180555557,-15.0,0.0
2078.751352777778,3.0,18.0
2079.3,3.0,0.0
2079.3141416666667,-18.0,-21.0
2079.337211111111,-18.0,0.0
2079.3520458333332,3.0,21.0
2079.4417166666667,3.0,0.0
2079.454472222222,-20.0,-23.0
2079.4796208333332,-20.0,0.0
2079.5,3.0,23.0
2079.984752777778,3.0,0.0
2079.9970944444444,-21.0,-24.0
2080.0550180555556,-21.0,0.0
2080.0735972222224,6.0,27.0
2080.2778222222223,6.0,0.0
2080.2911541666667,-96.0,-102.0
2081.123026388889,-96.0,0.0
2081.1412097222224,5.0,101.0
2081.2000666666668,5.0,0.0
2081.2142083333333,-16.0,-21.0
2081.2622277777778,-16.0,0.0
2081.2763694444443,3.0,19.0
2081.4250166666666,3.0,0.0
2081.4419305555557,-17.0,-20.0
2081.480940277778,-17.0,0.0
2081.5013194444446,6.0,23.0
2081.8528055555557,6.0,0.0
2081.8665333333333,-21.0,-27.0
2081.9452486111113,-21.0,0.0
2081.961748611111,0.0,21.0
2082.529175,0.0,0.0
2082.544323611111,-96.0,-96.0
2083.578666666667,-96.0,0.0
2083.5986666666668,3.0,99.0
2083.6541916666665,3.0,0.0
2083.6697194444446,-15.0,-18.0
2083.7253625,-15.0,0.0
2083.7415833333334,3.0,18.0
2084.1465680555557,3.0,0.0
2084.1654444444443,-96.0,-99.0
2084.954347222222,-96.0,0.0
2084.9711444444442,1.0,97.0
2085.0611222222224,1.0,0.0
2085.0722125,-13.0,-14.0
2085.0848861111112,-13.0,0.0
2085.1,1.0,14.0
2085.4041583333333,1.0,0.0
2085.418579166667,-25.0,-26.0
2085.4584833333333,-25.0,0.0
2085.481913888889,4.0,29.0
2086.35835,4.0,0.0
2086.3715513888887,-96.0,-100.0
2086.6833333333334,-96.0,0.0
2086.7,-96.0,0.0
2088.133333333333,-96.0,0.0
2088.135,-96.0,0.0
2088.181633333333,-96.0,0.0
2088.1999333333333,0.0,96.0
2088.7187791666665,0.0,0.0
2088.735,-23.0,-23.0
2088.7781680555554,-23.0,0.0
2088.798547222222,7.0,30.0
2089.153498611111,7.0,0.0
2089.165577777778,-96.0,-103.0
2089.3566666666666,-96.0,0.0
2089.366666666667,-96.0,0.0
2094.0,-96.0,0.0
2094.0033319444447,-96.0,0.0
2094.0674930555556,-96.0,0.0
2094.085379166667,0.0,96.0
2094.1882180555554,0.0,0.0
2094.2005597222224,-24.0,-24.0
2094.2647208333333,-24.0,0.0
2094.2839930555556,2.0,26.0
2094.9826736111113,2.0,0.0
2095.004340277778,-96.0,-98.0
2095.9550222222224,-96.0,0.0
2095.9711444444442,0.0,96.0
2096.048713888889,0.0,0.0
2096.063548611111,-24.0,-24.0
2096.1330527777777,-24.0,0.0
2096.1617486111113,2.0,26.0
2097.261122222222,2.0,0.0
2097.277788888889,-96.0,-98.0
2097.5833333333335,-96.0,0.0
2097.6,-96.0,0.0
2098.5,-96.0,0.0
2098.5033319444447,-96.0,0.0
2098.5730375,-96.0,0.0
2098.5902305555555,1.0,97.0
2099.2625083333332,1.0,0.0
2099.2780361111113,-19.0,-20.0
2099.3017986111113,-19.0,0.0
2099.321484722222,2.0,21.0
2100.1243236111113,2.0,0.0
2100.1409902777777,-96.0,-98.0
2101.086225,-96.0,0.0
2101.102891666667,3.0,99.0
2101.627788888889,3.0,0.0
2101.638465277778,-14.0,-17.0
2101.6601486111113,-14.0,0.0
2101.675676388889,5.0,19.0
2101.9333333333334,5.0,0.0
2101.935,-19.0,-24.0
2101.9733166666665,-19.0,0.0
2101.9895375,2.0,21.0
2102.0743569444444,2.0,0.0
2102.086023611111,-96.0,-98.0
2103.0514541666666,-96.0,0.0
2103.0700513888887,0.0,96.0
2103.3230041666666,0.0,0.0
2103.337838888889,-18.0,-18.0
2103.408036111111,-18.0,0.0
2103.4242569444446,5.0,23.0
2103.5749833333334,5.0,0.0
2103.5842736111113,-2.0,-7.0
2103.5900166666665,-2.0,0.0
2103.6,5.0,7.0
2104.1528055555555,5.0,0.0
2104.1678055555553,-96.0,-101.0
2104.451666666667,-96.0,0.0
2104.4666666666667,-96.0,0.0
2105.2,-96.0,0.0
2105.201666666667,-96.0,0.0
2105.2524583333334,-96.0,0.0
2105.269372222222,5.0,101.0
2105.4729708333334,5.0,0.0
2105.4850333333334,-19.0,-24.0
2105.5178055555557,-19.0,0.0
2105.549273611111,6.0,25.0
2105.5965347222223,6.0,0.0
2105.6099833333333,-8.0,-14.0
2105.6191916666667,-8.0,0.0
2105.633333333333,6.0,14.0
2105.7146208333334,6.0,0.0
2105.724620833333,-96.0,-102.0
2105.923333333333,-96.0,0.0
2105.9333333333334,-96.0,0.0
2106.4,-96.0,0.0
2106.4016666666666,-96.0,0.0
2106.4503791666666,-96.0,0.0
2106.470065277778,4.0,100.0
2106.766666666667,4.0,0.0
2106.781501388889,-16.0,-20.0
2106.8045708333334,-16.0,0.0
2106.8194055555555,2.0,18.0
2106.9250166666666,2.0,0.0
2106.9333347222223,-13.0,-15.0
2106.952245833333,-13.0,0.0
2106.9666666666667,4.0,17.0
2107.2062375,4.0,0.0
2107.2279041666666,-96.0,-100.0
2107.6116666666667,-96.0,0.0
2107.633333333333,-96.0,0.0
2111.0,-96.0,0.0
2111.0016666666666,-96.0,0.0
2111.0413694444446,-96.0,0.0
2111.0610555555554,5.0,101.0
2111.254191666667,5.0,0.0
2111.264175,-12.0,-17.0
2111.291402777778,-12.0,0.0
2111.310395833333,3.0,15.0
2111.5014527777776,3.0,0.0
2111.519059722222,-19.0,-22.0
2111.6079694444443,-19.0,0.0
2111.6318138888887,4.0,23.0
2111.766666666667,4.0,0.0
2111.7683333333334,-17.0,-21.0
2111.8156597222223,-17.0,0.0
2111.8367319444446,9.0,26.0
2112.3167,9.0,0.0
2112.3312694444444,-96.0,-105.0
2112.4916680555557,-96.0,0.0
2112.5,-96.0,0.0
2112.9666666666667,-96.0,0.0
2112.9683333333332,-96.0,0.0
2113.026748611111,-96.0,0.0
2113.040197222222,3.0,99.0
2113.266666666667,3.0,0.0
2113.2683333333334,-19.0,-22.0
2113.2796208333334,-19.0,0.0
2113.3013861111112,0.0,19.0
2113.4333333333334,0.0,0.0
2113.435,-17.0,-17.0
2113.457376388889,-17.0,0.0
2113.473597222222,3.0,20.0
2113.684059722222,3.0,0.0
2113.696683333333,-96.0,-99.0
2113.792227777778,-96.0,0.0
2113.812475,5.0,101.0
2114.266666666667,5.0,0.0
2114.284998611111,-96.0,-101.0
2114.9760833333335,-96.0,0.0
2114.994415277778,4.0,100.0
2115.133333333333,4.0,0.0
2115.135,-12.0,-16.0
2115.155297222222,-12.0,0.0
2115.1853791666667,9.0,21.0
2115.3083166666665,9.0,0.0
2115.323151388889,-19.0,-28.0
2115.3413694444444,-19.0,0.0
2115.3568972222224,5.0,24.0
2115.5666666666666,5.0,0.0
2115.579422222222,-19.0,-24.0
2115.6038777777776,-19.0,0.0
2115.6228708333333,2.0,21.0
2115.7054875,2.0,0.0
2115.7142944444445,-12.0,-14.0
2115.7875944444445,-12.0,0.0
2115.8061041666665,2.0,14.0
2116.1021458333335,2.0,0.0
2116.1188125,-96.0,-98.0
2116.758409722222,-96.0,0.0
2116.775076388889,5.0,101.0
2117.0333333333333,5.0,0.0
2117.035,-19.0,-24.0
2117.0580694444443,-19.0,0.0
2117.075676388889,4.0,23.0
2117.4,4.0,0.0
2117.4127555555556,-6.0,-10.0
2117.419191666667,-6.0,0.0
2117.4333333333334,4.0,10.0
2117.545875,4.0,0.0
2117.560875,-96.0,-100.0
2117.8516666666665,-96.0,0.0
2117.866666666667,-96.0,0.0
2118.766666666667,-96.0,0.0
2118.769998611111,-96.0,0.0
2118.836238888889,-96.0,0.0
2118.854125,4.0,100.0
2118.969438888889,4.0,0.0
2118.9801152777777,-18.0,-22.0
2118.9823930555553,-18.0,0.0
2119.0,2.0,20.0
2119.3770625,2.0,0.0
2119.3912041666667,-12.0,-14.0
2119.3983333333335,-12.0,0.0
2119.4166333333333,2.0,14.0
2119.5666666666666,2.0,0.0
2119.568333333333,-23.0,-25.0
2119.617738888889,-23.0,0.0
2119.654751388889,2.0,25.0
2119.780661111111,2.0,0.0
2119.7962055555554,-96.0,-98.0
2120.4086722222223,-96.0,0.0
2120.428375,0.0,96.0
2120.5,0.0,0.0
2120.5016666666666,-14.0,-14.0
2120.5087958333334,-14.0,0.0
2120.518086111111,0.0,14.0
2120.756963888889,0.0,0.0
2120.7683333333334,-21.0,-21.0
2120.798333333333,-21.0,0.0
2120.8145541666668,0.0,21.0
2120.9,0.0,0.0
2120.9016666666666,-17.0,-17.0
2120.910875,-17.0,0.0
2120.9298680555557,0.0,17.0
2121.0666666666666,0.0,0.0
2121.068333333333,-21.0,-21.0
2121.1121944444444,-21.0,0.0
2121.132573611111,0.0,21.0
2121.3110888888887,0.0,0.0
2121.325923611111,-13.0,-13.0
2121.3316666666665,-13.0,0.0
2121.3513527777777,4.0,17.0
2121.6,4.0,0.0
2121.6141416666665,-14.0,-18.0
2121.62335,-14.0,0.0
2121.6409569444445,4.0,18.0
2122.3903638888887,4.0,0.0
2122.4038291666666,-96.0,-100.0
2123.03085,-96.0,0.0
2123.0540180555554,5.0,101.0
2123.6480875,5.0,0.0
2123.6663875,-15.0,-20.0
2123.8065833333335,-15.0,0.0
2123.8325069444445,3.0,18.0
2124.133333333333,3.0,0.0
2124.1447027777776,-12.0,-15.0
2124.1629208333334,-12.0,0.0
2124.1805277777776,3.0,15.0
2124.3013861111112,3.0,0.0
2124.3183,-27.0,-30.0
2124.3385972222222,-27.0,0.0
2124.357590277778,2.0,29.0
2124.834786111111,2.0,0.0
2124.8481180555555,-96.0,-98.0
2125.3681152777776,-96.0,0.0
2125.3918430555555,3.0,99.0
2125.766666666667,3.0,0.0
2125.7683333333334,-18.0,-21.0
2125.792788888889,-18.0,0.0
2125.8138611111112,3.0,21.0
2125.918779166667,3.0,0.0
2125.9301486111112,-17.0,-20.0
2125.953911111111,-17.0,0.0
2125.9729041666665,0.0,17.0
2126.2757430555557,0.0,0.0
2126.2907430555556,-96.0,-96.0
2126.726383333333,-96.0,0.0
2126.7503930555554,2.0,98.0
2126.9145541666667,2.0,0.0
2126.9224583333335,-18.0,-20.0
2126.926122222222,-18.0,0.0
2126.9430361111113,5.0,23.0
2127.0805944444446,5.0,0.0
2127.096122222222,-20.0,-25.0
2127.150379166667,-20.0,0.0
2127.167986111111,4.0,24.0
2127.6243236111113,4.0,0.0
2127.632920833333,-17.0,-21.0
2127.6601486111113,-17.0,0.0
2127.6715180555557,0.0,17.0
2128.1,0.0,0.0
2128.1016666666665,-21.0,-21.0
2128.1538444444445,-21.0,0.0
2128.1769958333334,0.0,21.0
2128.5333333333333,0.0,0.0
2128.535,-16.0,-16.0
2128.547673611111,-16.0,0.0
2128.561815277778,0.0,16.0
2128.9,0.0,0.0
2128.9016666666666,-20.0,-20.0
2128.934438888889,-20.0,0.0
2128.9548180555557,0.0,20.0
2129.1298680555556,0.0,0.0
2129.147475,-12.0,-12.0
2129.187177777778,-12.0,0.0
2129.203398611111,1.92865e-15,12.000000000000002
2129.390297222222,0.0,-1.92865e-15
2129.4036291666666,-96.0,-96.0
2129.653334722222,-96.0,0.0
2129.6666666666665,-96.0,0.0
2130.7,-96.0,0.0
2130.701666666667,-96.0,0.0
2130.7399833333334,-96.0,0.0
2130.758976388889,1.0,97.0
2131.3333333333335,1.0,0.0
2131.342902777778,-12.0,-13.0
2131.3465666666666,-12.0,0.0
2131.3562708333334,1.0,13.0
2131.866666666667,1.0,0.0
2131.8683333333333,-18.0,-19.0
2131.8983333333335,-18.0,0.0
2131.923563888889,4.0,22.0
2132.0722111111113,4.0,0.0
2132.0821944444447,-8.0,-12.0
2132.0914027777776,-8.0,0.0
2132.1062375,4.0,12.0
2132.366666666667,4.0,0.0
2132.383333333333,-96.0,-100.0
2133.4061902777776,-96.0,0.0
2133.4228569444444,8.0,104.0
2133.7,8.0,0.0
2133.701666666667,-22.0,-30.0
2133.7316666666666,-22.0,0.0
2133.751352777778,2.0,24.0
2134.543795833333,2.0,0.0
2134.5571277777776,-96.0,-98.0
2134.8997027777777,-96.0,0.0
2134.9220444444445,0.0,96.0
2135.219472222222,0.0,0.0
2135.2373583333333,-96.0,-96.0
2135.3562708333334,-96.0,0.0
2135.3720777777776,2.0,98.0
2137.1819805555556,2.0,0.0
2137.1940430555555,-2.0,-4.0
2137.228326388889,-2.0,0.0
2137.240263888889,2.0,4.0
2137.5250166666665,2.0,0.0
2137.540016666667,-96.0,-98.0
2137.818333333333,-96.0,0.0
2137.8333333333335,-96.0,0.0
2139.8333333333335,-96.0,0.0
2139.835,-96.0,0.0
2139.8760888888887,-96.0,0.0
2139.8923097222223,0.0,96.0
2139.9666666666667,0.0,0.0
2139.9683333333332,-18.0,-18.0
2139.9914027777777,-18.0,0.0
2140.0090097222223,3.0,21.0
2140.769438888889,3.0,0.0
2140.778729166667,-6.0,-9.0
2140.7990263888887,-6.0,0.0
2140.8180194444444,3.0,9.0
2140.9777555555556,3.0,0.0
2140.990925,-11.0,-14.0
2141.0015194444445,-11.0,0.0
2141.0180194444442,3.0,14.0
2141.354191666667,3.0,0.0
2141.3683333333333,-17.0,-20.0
2141.4170458333333,-17.0,0.0
2141.4339597222224,3.0,20.0
2141.5555777777777,3.0,0.0
2141.572077777778,-96.0,-99.0
2141.6480208333332,-96.0,0.0
2141.6672930555555,2.0,98.0
2142.983366666667,2.0,0.0
2142.9982180555558,-96.0,-98.0
2143.9911722222223,-96.0,0.0
2144.0129541666665,2.0,98.0
2144.4,2.0,0.0
2144.4016666666666,-22.0,-24.0
2144.4171125,-22.0,0.0
2144.4333333333334,4.0,26.0
2144.8160736111113,4.0,0.0
2144.8342569444444,-96.0,-100.0
2145.356333333333,-96.0,0.0
2145.3752097222223,5.0,101.0
2145.873663888889,5.0,0.0
2145.8883666666666,-96.0,-101.0
2145.995,-96.0,0.0
2146.0,-96.0,0.0
2146.7,-96.0,0.0
2146.701666666667,-96.0,0.0
2146.7552305555555,-96.0,0.0
2146.7728375,1.0,97.0
2146.979834722222,1.0,0.0
2146.9925902777777,-19.0,-20.0
2147.003184722222,-19.0,0.0
2147.0200986111113,1.0,20.0
2147.1167,1.0,0.0
2147.1287625,-23.0,-24.0
2147.151138888889,-23.0,0.0
2147.1666666666665,0.0,23.0
2147.7479541666667,0.0,0.0
2147.757954166667,-96.0,-96.0
2147.9566666666665,-96.0,0.0
2147.9666666666667,-96.0,0.0
2148.6666666666665,-96.0,0.0
2148.6683333333335,-96.0,0.0
2148.728827777778,-96.0,0.0
2148.746434722222,2.0,98.0
2149.1,2.0,0.0
2149.1216666666664,-96.0,-98.0
2149.5116666666668,-96.0,0.0
2149.5333333333333,-96.0,0.0
2150.233333333333,-96.0,0.0
2150.235,-96.0,0.0
2150.2753958333333,-96.0,0.0
2150.291616666667,5.0,101.0
2150.384686111111,5.0,0.0
2150.3953625,-12.0,-17.0
2150.4045708333333,-12.0,0.0
2150.4242569444446,3.0,15.0
2150.793136111111,3.0,0.0
2150.8081361111113,-96.0,-99.0
2151.1183333333333,-96.0,0.0
2151.133333333333,-96.0,0.0
2151.7,-96.0,0.0
2151.701666666667,-96.0,0.0
2151.7420625,-96.0,0.0
2151.758283333333,4.0,100.0
2152.2027722222224,4.0,0.0
2152.216913888889,-21.0,-25.0
2152.230973611111,-21.0,0.0
2152.246501388889,5.0,26.0
2152.395148611111,5.0,0.0
2152.4016666666666,-3.0,-8.0
2152.431666666667,-3.0,0.0
2152.457590277778,7.0,10.0
2152.6861388888888,7.0,0.0
2152.697508333333,-6.0,-13.0
2152.701865277778,-6.0,0.0
2152.718086111111,7.0,13.0
2152.829241666667,7.0,0.0
2152.845908333333,-96.0,-103.0
2153.352438888889,-96.0,0.0
2153.3691055555555,3.0,99.0
2153.9479541666665,3.0,0.0
2153.9579541666667,-96.0,-99.0
2154.2599319444444,-96.0,0.0
2154.275476388889,0.0,96.0
2154.390297222222,0.0,0.0
2154.4002805555556,-15.0,-15.0
2154.4178055555553,-15.0,0.0
2154.4333333333334,-9.64327e-16,14.999999999999998
2154.705611111111,0.0,9.64327e-16
2154.7162875,-15.0,-15.0
2154.7587625,-15.0,0.0
2154.7798347222224,1.0,16.0
2155.3173930555554,1.0,0.0
2155.330841666667,-22.0,-23.0
2155.3462875,-22.0,0.0
2155.3632013888887,1.0,23.0
2156.5229375,1.0,0.0
2156.5369472222224,-96.0,-97.0
2156.6387291666665,-96.0,0.0
2156.655511111111,5.0,101.0
2156.8,5.0,0.0
2156.8099833333335,-16.0,-21.0
2156.8288944444444,-16.0,0.0
2156.8423430555554,3.0,19.0
2157.0333333333333,3.0,0.0
2157.035,-19.0,-22.0
2157.0518319444445,-19.0,0.0
2157.0916166666666,5.0,24.0
2157.1889111111113,5.0,0.0
2157.201666666667,-14.0,-19.0
2157.2489930555557,-14.0,0.0
2157.2686791666665,5.0,19.0
2157.502838888889,5.0,0.0
2157.517838888889,-96.0,-101.0
2157.818333333333,-96.0,0.0
2157.8333333333335,-96.0,0.0
2162.1666666666665,-96.0,0.0
2162.1683333333335,-96.0,0.0
2162.239223611111,-96.0,0.0
2162.260295833333,4.0,100.0
2162.99175,4.0,0.0
2163.0084166666666,-96.0,-100.0
2163.761675,-96.0,0.0
2163.7838861111113,1.0,97.0
2164.1666666666665,1.0,0.0
2164.179422222222,-8.0,-9.0
2164.1886305555554,-8.0,0.0
2164.2,1.0,9.0
2164.513234722222,1.0,0.0
2164.529338888889,-96.0,-97.0
2165.0202277777776,-96.0,0.0
2165.0411833333333,7.0,103.0
2165.5666666666666,7.0,0.0
2165.568333333333,-20.0,-27.0
2165.6038777777776,-20.0,0.0
2165.622177777778,0.0,20.0
2165.766666666667,0.0,0.0
2165.7835805555555,-25.0,-25.0
2165.7851652777777,-25.0,0.0
2165.8,0.0,25.0
2165.8965347222224,0.0,0.0
2165.909290277778,-20.0,-20.0
2165.931666666667,-20.0,0.0
2165.952045833333,5.0,25.0
2166.4014527777776,5.0,0.0
2166.419784722222,-96.0,-101.0
2166.9147347222224,-96.0,0.0
2166.9330666666665,5.0,101.0
2167.1090763888888,5.0,0.0
2167.122408333333,-96.0,-101.0
2167.4663416666667,-96.0,0.0
2167.4713569444443,-96.0,0.0
2167.518348611111,-96.0,0.0
2167.541383333333,-4.0,92.0
2167.558186111111,-4.0,0.0
2167.5735972222224,3.0,7.0
2168.1882180555554,3.0,0.0
2168.201666666667,-15.0,-18.0
2168.2101819444442,-15.0,0.0
2168.2243236111112,9.0,24.0
2168.3777555555557,9.0,0.0
2168.393976388889,-13.0,-22.0
2168.40665,-13.0,0.0
2168.42495,9.0,22.0
2168.5333333333333,9.0,0.0
2168.55,-96.0,-105.0
2168.85,-96.0,0.0
2168.866666666667,-96.0,0.0
2187.233333333333,-96.0,0.0
2187.235,-96.0,0.0
2187.269851388889,-96.0,0.0
2187.2888444444443,2.0,98.0
2188.002838888889,2.0,0.0
2188.0153291666666,-96.0,-98.0
2188.2332513888887,-96.0,0.0
2188.254751388889,5.0,101.0
2188.851419444444,5.0,0.0
2188.863086111111,-96.0,-101.0
2189.088333333333,-96.0,0.0
2189.1,-96.0,0.0
2191.5666666666666,-96.0,0.0
2191.5699986111113,-96.0,0.0
2191.6258430555554,-96.0,0.0
2191.644422222222,3.0,99.0
2192.133333333333,3.0,0.0
2192.135,-20.0,-23.0
2192.1546041666666,-20.0,0.0
2192.1715180555557,3.0,23.0
2192.656270833333,3.0,0.0
2192.6712708333334,-96.0,-99.0
2192.951666666667,-96.0,0.0
2192.9666666666667,-96.0,0.0
2194.9,-96.0,0.0
2194.905,-96.0,0.0
2194.9908416666667,-96.0,0.0
2195.0103958333334,5.0,101.0
2195.6187791666666,5.0,0.0
2195.6304458333334,-96.0,-101.0
2196.190438888889,-96.0,0.0
2196.2083430555554,7.0,103.0
2196.4333333333334,7.0,0.0
2196.435,-15.0,-22.0
2196.465,-15.0,0.0
2196.492309722222,7.0,22.0
2196.9333333333334,7.0,0.0
2196.945,-96.0,-103.0
2197.155,-96.0,0.0
2197.1666666666665,-96.0,0.0
2198.633333333333,-96.0,0.0
2198.635,-96.0,0.0
2198.685791666667,-96.0,0.0
2198.70825,4.0,100.0
2198.733333333333,4.0,0.0
2198.7405444444444,-4.0,-8.0
2198.7594555555556,-4.0,0.0
2198.773597222222,4.0,8.0
2200.3270958333333,4.0,0.0
2200.3437625,-96.0,-100.0
2200.8738569444445,-96.0,0.0
2200.890523611111,5.0,101.0
2201.524323611111,5.0,0.0
2201.535,-7.0,-12.0
2201.5629208333335,-7.0,0.0
2201.5860722222224,5.0,12.0
2201.734786111111,5.0,0.0
2201.7481180555556,-96.0,-101.0
2202.026238888889,-96.0,0.0
2202.0444222222222,4.0,100.0
2202.4216180555554,4.0,0.0
2202.434241666667,-96.0,-100.0
2202.6781,-96.0,0.0
2202.7052777777776,2.0,98.0
2202.887525,2.0,0.0
2202.9016666666666,-17.0,-19.0
2202.9184986111113,-17.0,0.0
2202.9374916666666,3.0,20.0
2203.3333333333335,3.0,0.0
2203.3405444444443,-2.0,-5.0
2203.368465277778,-2.0,0.0
2203.3839930555555,3.0,5.0
2203.754191666667,3.0,0.0
2203.774191666667,-96.0,-99.0
2204.1466666666665,-96.0,0.0
2204.1666666666665,-96.0,0.0
2205.133333333333,-96.0,0.0
2205.135,-96.0,0.0
2205.180247222222,-96.0,0.0
2205.1950819444446,0.0,96.0
2205.3202319444445,0.0,0.0
2205.3395041666668,-96.0,-96.0
2205.4549513888887,-96.0,0.0
2205.4728375,0.0,96.0
2206.292376388889,0.0,0.0
2206.3073763888888,-96.0,-96.0
2206.6619291666666,-96.0,0.0
2206.6769291666665,5.0,101.0
2207.0034652777777,5.0,0.0
2207.0183,-17.0,-22.0
2207.0288944444446,-17.0,0.0
2207.0471944444444,-1.0,16.0
2207.6666666666665,-1.0,0.0
2207.6833333333334,-96.0,-95.0
2208.1829333333335,-96.0,0.0
2208.1996,1.0,97.0
2208.3333333333335,1.0,0.0
2208.3440097222224,-18.0,-19.0
2208.365,-18.0,0.0
2208.3798347222223,3.0,21.0
2209.0729708333333,3.0,0.0
2209.0894708333335,-96.0,-99.0
2209.2167,-96.0,0.0
2209.234586111111,0.0,96.0
2209.324323611111,0.0,0.0
2209.3387444444443,-23.0,-23.0
2209.3966680555554,-23.0,0.0
2209.4166333333333,2.0,25.0
2209.7521125,2.0,0.0
2209.7664194444446,-96.0,-98.0
2210.0592902777776,-96.0,0.0
2210.0819138888887,0.0,96.0
2210.441023611111,0.0,0.0
2210.452690277778,-96.0,-96.0
2210.6883333333335,-96.0,0.0
2210.7,-96.0,0.0
2211.9,-96.0,0.0
2211.9016666666666,-96.0,0.0
2211.934438888889,-96.0,0.0
2211.9478875,-1.0,95.0
2212.4437958333333,-1.0,0.0
2212.4571125,-96.0,-95.0
2212.5575083333333,-96.0,0.0
2212.5770625,8.0,104.0
2212.7,8.0,0.0
2212.701666666667,-10.0,-18.0
2212.715726388889,-10.0,0.0
2212.7395708333333,8.0,18.0
2212.9055444444443,8.0,0.0
2212.9176069444443,-9.0,-17.0
2212.938597222222,-9.0,0.0
2212.9555111111113,8.0,17.0
2213.1528055555555,8.0,0.0
2213.1639097222223,-96.0,-104.0
2213.3956930555555,-96.0,0.0
2213.4165,2.0,98.0
2214.456963888889,2.0,0.0
2214.4711055555554,-24.0,-26.0
2214.4983333333334,-24.0,0.0
2214.5173263888887,5.0,29.0
2214.619672222222,5.0,0.0
2214.6435166666665,-24.0,-29.0
2214.7753958333333,-24.0,0.0
2214.791616666667,2.0,26.0
2214.9333333333334,2.0,0.0
2214.947475,-18.0,-20.0
2214.9552972222223,-18.0,0.0
2214.969438888889,2.0,20.0
2215.1153805555555,2.0,0.0
2215.1287125,-96.0,-98.0
2215.438020833333,-96.0,0.0
2215.4555111111113,3.0,99.0
2215.733333333333,3.0,0.0
2215.735,-16.0,-19.0
2215.7691583333335,-16.0,0.0
2215.781913888889,5.0,21.0
2216.7902972222223,5.0,0.0
2216.805297222222,-96.0,-101.0
2217.4647944444446,-96.0,0.0
2217.4797944444445,4.0,100.0
2218.1701319444446,4.0,0.0
2218.1828875,-7.0,-11.0
2218.192788888889,-7.0,0.0
2218.204851388889,4.0,11.0
2218.6049180555556,4.0,0.0
2218.616848611111,-96.0,-100.0
2218.839915277778,-96.0,0.0
2218.8560041666665,5.0,101.0
2219.5952152777777,5.0,0.0
2219.610611111111,-96.0,-101.0
2219.774075,-96.0,0.0
2219.7908569444444,3.0,99.0
2219.9333333333334,3.0,0.0
2219.9426236111112,-16.0,-19.0
2219.957376388889,-16.0,0.0
2219.974290277778,2.0,18.0
2220.4896041666666,2.0,0.0
2220.507936111111,-96.0,-98.0
2221.4214916666665,-96.0,0.0
2221.442595833333,2.0,98.0
2222.3062375,2.0,0.0
2222.3189930555554,-21.0,-23.0
2222.335825,-21.0,0.0
2222.350659722222,2.0,23.0
2222.7972944444446,2.0,0.0
2222.810611111111,-96.0,-98.0
2222.9719958333335,-96.0,0.0
2222.989470833333,3.0,99.0
2223.4666666666667,3.0,0.0
2223.4683333333332,-20.0,-23.0
2223.4844722222224,-20.0,0.0
2223.5,4.0,24.0
2223.9277888888887,4.0,0.0
2223.941120833333,-96.0,-100.0
2224.1866680555554,-96.0,0.0
2224.2,-96.0,0.0
2225.766666666667,-96.0,0.0
2225.7683333333334,-96.0,0.0
2225.8225902777776,-96.0,0.0
2225.837425,1.0,97.0
2225.9666666666667,1.0,0.0
2225.9683333333332,-19.0,-20.0
2226.0108083333334,-19.0,0.0
2226.0270291666666,2.0,21.0
2226.2,2.0,0.0
2226.201666666667,-16.0,-18.0
2226.215726388889,-16.0,0.0
2226.233333333333,2.0,18.0
2227.266666666667,2.0,0.0
2227.2738777777777,-11.0,-13.0
2227.2920958333334,-11.0,0.0
2227.310395833333,3.0,14.0
2227.5,3.0,0.0
2227.5016666666666,-18.0,-21.0
2227.5288944444446,-18.0,0.0
2227.5499666666665,3.0,21.0
2227.829241666667,3.0,0.0
2227.843251388889,-96.0,-99.0
2228.0275069444447,-96.0,0.0
2228.050526388889,8.0,104.0
2228.2,8.0,0.0
2228.2106763888887,-8.0,-16.0
2228.22335,-8.0,0.0
2228.233333333333,8.0,16.0
2228.5167,8.0,0.0
2228.5300319444445,-96.0,-104.0
2228.7866680555558,-96.0,0.0
2228.8,-96.0,0.0
2230.6,-96.0,0.0
2230.6016666666665,-96.0,0.0
2230.640676388889,-96.0,0.0
2230.658283333333,0.0,96.0
2232.145875,0.0,0.0
2232.1611375,-96.0,-96.0
2232.4220291666666,-96.0,0.0
2232.4400638888887,3.0,99.0
2233.1,3.0,0.0
2233.115527777778,-22.0,-25.0
2233.1275083333335,-22.0,0.0
2233.1451152777777,5.0,27.0
2233.3,5.0,0.0
2233.3016666666667,-17.0,-22.0
2233.3261222222222,-17.0,0.0
2233.3423430555554,4.0,21.0
2233.8,4.0,0.0
2233.8016666666667,-24.0,-28.0
2233.821963888889,-24.0,0.0
2233.8423430555554,6.0,30.0
2233.9666666666667,6.0,0.0
2233.9683333333332,-8.0,-14.0
2233.9983333333334,-8.0,0.0
2234.015247222222,6.0,14.0
2234.2,6.0,0.0
2234.2133319444442,-96.0,-102.0
2234.4533347222223,-96.0,0.0
2234.4666666666667,-96.0,0.0
2235.233333333333,-96.0,0.0
2235.236665277778,-96.0,0.0
2235.3008263888887,-96.0,0.0
2235.3187125,3.0,99.0
2235.5666666666666,3.0,0.0
2235.5787291666666,-23.0,-26.0
2235.5900166666665,-23.0,0.0
2235.6083166666667,1.0,24.0
2235.8125416666667,1.0,0.0
2235.825725,-96.0,-97.0
2235.9826583333333,-96.0,0.0
2236.0048513888887,0.0,96.0
2236.8208583333335,0.0,0.0
2236.8307097222223,-11.0,-11.0
2236.9283333333333,-11.0,0.0
2236.9430361111113,0.0,11.0
2237.0882180555554,0.0,0.0
2237.1016666666665,-27.0,-27.0
2237.1150333333335,-27.0,0.0
2237.133333333333,0.0,27.0
2237.524323611111,0.0,0.0
2237.5424916666666,-96.0,-96.0
2237.644273611111,-96.0,0.0
2237.663827777778,1.0,97.0
2238.3069305555555,1.0,0.0
2238.3189930555554,-9.0,-10.0
2238.337211111111,-9.0,0.0
2238.349273611111,1.0,10.0
2238.483366666667,1.0,0.0
2238.4977875,-96.0,-97.0
2238.5633347222224,-96.0,0.0
2238.5666666666666,-96.0,0.0
2239.2,-96.0,0.0
2239.205,-96.0,0.0
2239.290841666667,-96.0,0.0
2239.3145541666668,1.0,97.0
2239.401386111111,1.0,0.0
2239.4120625,-15.0,-16.0
2239.4184986111113,-15.0,0.0
2239.456204166667,3.0,18.0
2239.5333333333333,3.0,0.0
2239.535,-20.0,-23.0
2239.5594555555554,-20.0,0.0
2239.5763694444445,2.0,22.0
2239.7166333333334,2.0,0.0
2239.728002777778,-15.0,-17.0
2239.735131944444,-15.0,0.0
2239.7478875,6.0,21.0
2240.1625083333333,6.0,0.0
2240.17835,-96.0,-102.0
2240.9410152777778,-96.0,0.0
2240.9610152777777,4.0,100.0
2241.1687458333336,4.0,0.0
2241.184273611111,-19.0,-23.0
2241.201798611111,-19.0,0.0
2241.217326388889,4.0,23.0
2241.5819805555557,4.0,0.0
2241.6023597222224,-26.0,-30.0
2241.6275083333335,-26.0,0.0
2241.6409569444445,4.0,30.0
2241.9295347222223,4.0,0.0
2241.9428666666668,-96.0,-100.0
2242.020001388889,-96.0,0.0
2242.0333333333333,-96.0,0.0
2244.3,-96.0,0.0
2244.3016666666667,-96.0,0.0
2244.3441416666665,-96.0,0.0
2244.370065277778,0.0,96.0
2244.5666666666666,0.0,0.0
2244.5787291666666,-15.0,-15.0
2244.5858583333334,-15.0,0.0
2244.6,3.0,18.0
2244.721551388889,3.0,0.0
2244.735,-17.0,-20.0
2244.760148611111,-17.0,0.0
2244.7923097222224,2.0,19.0
2244.9000666666666,2.0,0.0
2244.9162875,-24.0,-26.0
2244.9816333333333,-24.0,0.0
2245.0027055555556,0.0,24.0
2245.604851388889,0.0,0.0
2245.6181833333335,-96.0,-96.0
2245.998183333333,-96.0,0.0
2246.0184458333333,2.0,98.0
2246.3479541666666,2.0,0.0
2246.3634819444446,-20.0,-22.0
2246.380313888889,-20.0,0.0
2246.4,2.0,22.0
2246.5625083333334,2.0,0.0
2246.5731847222223,-7.0,-9.0
2246.5803138888887,-7.0,0.0
2246.592376388889,2.0,9.0
2247.038877777778,2.0,0.0
2247.058877777778,-96.0,-98.0
2247.603923611111,-96.0,0.0
2247.623923611111,2.0,98.0
2247.9666666666667,2.0,0.0
2247.979422222222,-15.0,-17.0
2248.0198180555553,-15.0,0.0
2248.038811111111,2.0,17.0
2248.118086111111,2.0,0.0
2248.1308416666666,-18.0,-20.0
2248.1490597222223,-18.0,0.0
2248.1666666666665,0.0,18.0
2248.4666666666667,0.0,0.0
2248.4683333333332,-18.0,-18.0
2248.4983333333334,-18.0,0.0
2248.5214847222223,0.0,18.0
2248.890297222222,0.0,0.0
2248.9016666666666,-10.0,-10.0
2248.9178055555553,-10.0,0.0
2248.9333333333334,0.0,10.0
2249.078448611111,0.0,0.0
2249.0967486111113,-25.0,-25.0
2249.103184722222,-25.0,0.0
2249.138811111111,5.0,30.0
2249.3312541666664,5.0,0.0
2249.3440097222224,-15.0,-20.0
2249.365,-15.0,0.0
2249.3839930555555,1.0,16.0
2249.4729041666665,1.0,0.0
2249.4898180555556,-21.0,-22.0
2249.4997194444445,-21.0,0.0
2249.516633333333,4.0,25.0
2249.674290277778,4.0,0.0
2249.684273611111,-16.0,-20.0
2249.689323611111,-16.0,0.0
2249.709009722222,8.0,24.0
2249.821551388889,8.0,0.0
2249.835,-21.0,-29.0
2249.8539111111113,-21.0,0.0
2249.8715180555555,4.0,25.0
2250.1340930555557,4.0,0.0
2250.1492069444444,-96.0,-100.0
2250.242476388889,-96.0,0.0
2250.2596694444446,1.0,97.0
2250.821551388889,1.0,0.0
2250.8348833333334,-96.0,-97.0
2251.284188888889,-96.0,0.0
2251.303065277778,3.0,99.0
2252.557723611111,3.0,0.0
2252.5702138888887,-96.0,-99.0
2252.8110069444447,-96.0,0.0
2252.8297347222224,1.0,97.0
2253.3125416666667,1.0,0.0
2253.3273930555556,-96.0,-97.0
2253.5233333333335,-96.0,0.0
2253.5395708333335,-96.0,0.0
2254.633333333333,-96.0,0.0
2254.635,-96.0,0.0
2254.6830194444447,-96.0,0.0
2254.7013194444444,3.0,99.0
2255.3146208333333,3.0,0.0
2255.329190277778,-96.0,-99.0
2255.5845375,-96.0,0.0
2255.603958333333,3.0,99.0
2256.0,3.0,0.0
2256.013448611111,-16.0,-19.0
2256.0191916666668,-16.0,0.0
2256.0333333333333,4.0,20.0
2256.678515277778,4.0,0.0
2256.696847222222,-96.0,-100.0
2257.47595,-96.0,0.0
2257.4942819444445,2.0,98.0
2257.9666666666667,2.0,0.0
2257.979998611111,-96.0,-98.0
2258.2200013888887,-96.0,0.0
2258.233333333333,-96.0,0.0
2259.133333333333,-96.0,0.0
2259.135,-96.0,0.0
2259.1850986111112,-96.0,0.0
2259.2027055555554,4.0,100.0
2259.797920833333,4.0,0.0
2259.8147180555557,-96.0,-100.0
2260.1676888888887,-96.0,0.0
2260.1886444444444,4.0,100.0
2260.4375583333335,4.0,0.0
2260.452672222222,-20.0,-24.0
2260.542476388889,-20.0,0.0
2260.5666,2.0,22.0
2261.8,2.0,0.0
2261.8203791666665,-25.0,-27.0
2261.865626388889,-25.0,0.0
2261.89155,6.0,31.0
2262.245875,6.0,0.0
2262.2605930555555,-96.0,-102.0
2262.8997958333334,-96.0,0.0
2262.9214444444447,3.0,99.0
2263.0194055555557,3.0,0.0
2263.0300819444446,-20.0,-23.0
2263.0337458333333,-20.0,0.0
2263.054125,3.0,23.0
2263.337558333333,3.0,0.0
2263.3510069444446,-96.0,-99.0
2263.4371444444446,-96.0,0.0
2263.4568305555554,3.0,99.0
2264.153565277778,3.0,0.0
2264.1660555555554,-96.0,-99.0
2264.435263888889,-96.0,0.0
2264.4560708333333,2.0,98.0
2264.6083166666667,2.0,0.0
2264.6203791666667,-15.0,-17.0
2264.640676388889,-15.0,0.0
2264.6534319444445,5.0,20.0
2264.7389444444443,5.0,0.0
2264.755165277778,-26.0,-31.0
2264.7817,-26.0,0.0
2264.8,1.0,27.0
2265.6889111111113,1.0,0.0
2265.6988944444442,-12.0,-13.0
2265.7219638888887,-12.0,0.0
2265.733333333333,1.0,13.0
2265.7882180555557,1.0,0.0
2265.8023597222223,-23.0,-24.0
2265.8399833333333,-23.0,0.0
2265.857590277778,3.0,26.0
2266.0708916666667,3.0,0.0
2266.084223611111,-96.0,-99.0
2266.3533347222224,-96.0,0.0
2266.366666666667,-96.0,0.0
2267.3,-96.0,0.0
2267.3016666666667,-96.0,0.0
2267.3288944444444,-96.0,0.0
2267.3471944444445,2.0,98.0
2267.9284819444442,2.0,0.0
2267.950148611111,-96.0,-98.0
2268.345,-96.0,0.0
2268.366666666667,-96.0,0.0
2268.866666666667,-96.0,0.0
2268.8716666666664,-96.0,0.0
2268.9547361111113,-96.0,0.0
2268.974290277778,5.0,101.0
2269.4097694444445,5.0,0.0
2269.428101388889,-96.0,-101.0
2269.7816680555557,-96.0,0.0
2269.8,-96.0,0.0
2271.266666666667,-96.0,0.0
2271.2683333333334,-96.0,0.0
2271.316352777778,-96.0,0.0
2271.3332666666665,2.0,98.0
2271.4695055555558,2.0,0.0
2271.4789444444446,-96.0,-98.0
2271.6266666666666,-96.0,0.0
2271.64165,3.0,99.0
2271.7618152777777,3.0,0.0
2271.772770833333,-8.0,-11.0
2271.7819791666666,-8.0,0.0
2271.8,3.0,11.0
2272.3848194444445,3.0,0.0
2272.4045055555557,-29.0,-32.0
2272.451138888889,-29.0,0.0
2272.4715180555554,6.0,35.0
2272.9139277777776,6.0,0.0
2272.928927777778,-96.0,-102.0
2273.2183333333332,-96.0,0.0
2273.233333333333,-96.0,0.0
2277.366666666667,-96.0,0.0
2277.369998611111,-96.0,0.0
2277.416833333333,-96.0,0.0
2277.4374916666666,-1.0,95.0
2277.527788888889,-1.0,0.0
2277.5412375,-17.0,-16.0
2277.5469805555554,-17.0,0.0
2277.5666666666666,1.0,18.0
2278.206223611111,1.0,0.0
2278.221015277778,-96.0,-97.0
2278.9980694444444,-96.0,0.0
2279.019098611111,5.0,101.0
2279.4805944444443,5.0,0.0
2279.4939263888887,-96.0,-101.0
2279.753334722222,-96.0,0.0
2279.766666666667,-96.0,0.0
2285.0333333333333,-96.0,0.0
2285.035,-96.0,0.0
2285.091336111111,-96.0,0.0
2285.110329166667,5.0,101.0
2285.2110888888888,5.0,0.0
2285.2259236111113,-13.0,-18.0
2285.232359722222,-13.0,0.0
2285.2548180555555,8.0,21.0
2285.6215513888887,8.0,0.0
2285.636665277778,-96.0,-104.0
2285.7077569444446,-96.0,0.0
2285.722870833333,3.0,99.0
2286.156963888889,3.0,0.0
2286.171798611111,-19.0,-22.0
2286.1920958333335,-19.0,0.0
2286.2062375,2.0,21.0
2286.4,2.0,0.0
2286.409290277778,-11.0,-13.0
2286.431666666667,-11.0,0.0
2286.4458083333334,5.0,16.0
2286.8916833333333,5.0,0.0
2286.910015277778,-96.0,-101.0
2287.2483347222224,-96.0,0.0
2287.266666666667,-96.0,0.0
2288.266666666667,-96.0,0.0
2288.2683333333334,-96.0,0.0
2288.3336791666666,-96.0,0.0
2288.3499,7.0,103.0
2288.515313888889,7.0,0.0
2288.529734722222,-21.0,-28.0
2288.581420833333,-21.0,0.0
2288.6,4.0,25.0
2289.0244569444444,4.0,0.0
2289.04345,-4.0,-8.0
2289.12335,-4.0,0.0
2289.133333333333,4.0,8.0
2289.3333333333335,4.0,0.0
2289.3473430555555,-8.0,-12.0
2289.4172444444443,-8.0,0.0
2289.4354125,4.0,12.0
2289.841716666667,4.0,0.0
2289.858383333333,-96.0,-100.0
2290.1833333333334,-96.0,0.0
2290.2,-96.0,0.0
2292.5666666666666,-96.0,0.0
2292.568333333333,-96.0,0.0
2292.630213888889,-96.0,0.0
2292.6478208333333,1.0,97.0
2292.9125416666666,1.0,0.0
2292.9246041666665,-15.0,-16.0
2292.9421291666667,-15.0,0.0
2292.9562708333333,2.0,17.0
2293.0666666666666,2.0,0.0
2293.0773430555555,-19.0,-21.0
2293.10665,-19.0,0.0
2293.12495,0.0,19.0
2293.4979208333334,0.0,0.0
2293.5113694444444,-23.0,-23.0
2293.524736111111,-23.0,0.0
2293.5423430555556,-1.0,22.0
2294.0431027777777,-1.0,0.0
2294.055858333333,-22.0,-21.0
2294.1149666666665,-22.0,0.0
2294.136038888889,3.0,25.0
2294.366666666667,3.0,0.0
2294.3787291666667,-17.0,-20.0
2294.386551388889,-17.0,0.0
2294.4,4.0,21.0
2294.6521125,4.0,0.0
2294.6683333333335,-31.0,-35.0
2294.6747694444443,-31.0,0.0
2294.7,2.0,33.0
2295.163201388889,2.0,0.0
2295.176551388889,-96.0,-98.0
2295.7668444444444,-96.0,0.0
2295.788511111111,4.0,100.0
2296.0,4.0,0.0
2296.0196861111112,-27.0,-31.0
2296.030973611111,-27.0,0.0
2296.052738888889,1.0,28.0
2296.4160069444442,1.0,0.0
2296.427376388889,-24.0,-25.0
2296.437970833333,-24.0,0.0
2296.4528055555556,1.0,25.0
2296.845875,1.0,0.0
2296.8586305555555,-22.0,-23.0
2296.871997222222,-22.0,0.0
2296.8965347222224,1.0,23.0
2297.1812208333336,1.0,0.0
2297.1946694444446,-14.0,-15.0
2297.2011055555554,-14.0,0.0
2297.217326388889,2.0,16.0
2297.825083333333,2.0,0.0
2297.84175,-96.0,-98.0
2298.307390277778,-96.0,0.0
2298.326829166667,2.0,98.0
2298.4944555555558,2.0,0.0
2298.5065180555557,-23.0,-25.0
2298.549686111111,-23.0,0.0
2298.5700652777778,0.0,23.0
2299.904851388889,0.0,0.0
2299.9183,-23.0,-23.0
2299.9448347222224,-23.0,0.0
2299.9610555555555,2.0,25.0
2300.1944555555556,2.0,0.0
2300.2066666666665,-21.0,-23.0
2300.315577777778,-21.0,0.0
2300.3333333333335,2.0,23.0
2300.453498611111,2.0,0.0
2300.4683333333332,-23.0,-25.0
2300.503184722222,-23.0,0.0
2300.523563888889,3.0,26.0
2300.6541916666665,3.0,0.0
2300.6683333333335,-16.0,-19.0
2300.6733833333333,-16.0,0.0
2300.689604166667,3.0,19.0
2300.9049180555558,3.0,0.0
2300.916584722222,-96.0,-99.0
2301.155,-96.0,0.0
2301.1666666666665,-96.0,0.0
2303.4,-96.0,0.0
2303.4016666666666,-96.0,0.0
2303.4476069444445,-96.0,0.0
2303.463134722222,0.0,96.0
2303.5,0.0,0.0
2303.509704166667,-17.0,-17.0
2303.5202986111112,-17.0,0.0
2303.5333333333333,0.0,17.0
2303.8,0.0,0.0
2303.82,-96.0,-96.0
2304.200658333333,-96.0,0.0
2304.205625,-96.0,0.0
2304.2271277777777,-96.0,0.0
2304.2436625,-2.0,94.0
2304.2804791666667,-2.0,0.0
2304.290990277778,3.0,5.0
2304.432640277778,3.0,0.0
2304.449833333333,-22.0,-25.0
2304.518845833333,-22.0,0.0
2304.5492069444444,0.0,22.0
2304.6666666666665,0.0,0.0
2304.6683333333335,-18.0,-18.0
2304.6983333333333,-18.0,0.0
2304.714554166667,-1.0,17.0
2304.87505,-1.0,0.0
2304.8914194444446,-96.0,-95.0
2305.060626388889,-96.0,0.0
2305.086698611111,-2.0,94.0
2305.3333333333335,-2.0,0.0
2305.3426236111113,-15.0,-13.0
2305.360148611111,-15.0,0.0
2305.380527777778,3.0,18.0
2305.5076236111113,3.0,0.0
2305.521765277778,-18.0,-21.0
2305.5295875,-18.0,0.0
2305.5458083333333,0.0,18.0
2305.792376388889,0.0,0.0
2305.807211111111,-19.0,-19.0
2305.8150333333333,-19.0,0.0
2305.8333333333335,-1.0,18.0
2306.2812875,-1.0,0.0
2306.2996194444445,-96.0,-95.0
2306.7820944444443,-96.0,0.0
2306.800426388889,3.0,99.0
2307.3771291666667,3.0,0.0
2307.3933666666667,-96.0,-99.0
2308.3107777777777,-96.0,0.0
2308.331173611111,0.0,96.0
2309.072904166667,0.0,0.0
2309.084966666667,-12.0,-12.0
2309.0983333333334,-12.0,0.0
2309.1117819444444,-1.0,11.0
2309.879141666667,-1.0,0.0
2309.8918972222223,-17.0,-16.0
2309.8983333333335,-17.0,0.0
2309.911088888889,-1.0,16.0
2310.233333333333,-1.0,0.0
2310.2463680555556,-17.0,-16.0
2310.2779555555558,-17.0,0.0
2310.2930694444444,2.0,19.0
2310.830561111111,2.0,0.0
2310.8422444444445,-96.0,-98.0
2311.567484722222,-96.0,0.0
2311.587484722222,1.0,97.0
2312.0862055555554,1.0,0.0
2312.0980027777778,-96.0,-97.0
2312.2916680555554,-96.0,0.0
2312.3,-96.0,0.0
2313.4,-96.0,0.0
2313.4033319444443,-96.0,0.0
2313.4688791666667,-96.0,0.0
2313.486765277778,4.0,100.0
2313.6854458333332,4.0,0.0
2313.701666666667,-16.0,-20.0
2313.706023611111,-16.0,0.0
2313.7243236111112,1.0,17.0
2313.866666666667,1.0,0.0
2313.873184722222,-13.0,-14.0
2313.891402777778,-13.0,0.0
2313.9090097222224,1.0,14.0
2314.1090763888888,1.0,0.0
2314.1229527777778,-96.0,-97.0
2314.2216694444446,-96.0,0.0
2314.242476388889,2.0,98.0
2314.6222444444443,2.0,0.0
2314.638911111111,-96.0,-98.0
2315.076829166667,-96.0,0.0
2315.1011194444445,2.0,98.0
2315.5944555555557,2.0,0.0
2315.607211111111,-19.0,-21.0
2315.612261111111,-19.0,0.0
2315.6298680555556,2.0,21.0
2316.14165,2.0,0.0
2316.1595708333334,-96.0,-98.0
2316.943027777778,-96.0,0.0
2316.9588694444446,0.0,96.0
2317.2,0.0,0.0
2317.209983333333,-17.0,-17.0
2317.2115680555557,-17.0,0.0
2317.2280680555555,0.0,17.0
2317.341302777778,0.0,0.0
2317.3510069444446,-18.0,-18.0
2317.3934819444444,-18.0,0.0
2317.409702777778,0.0,18.0
2317.8194055555555,0.0,0.0
2317.8332680555554,-20.0,-20.0
2317.8417833333333,-20.0,0.0
2317.8603625,3.0,23.0
2318.2312541666665,3.0,0.0
2318.2476555555554,-96.0,-99.0
2318.7750819444445,-96.0,0.0
2318.792176388889,0.0,96.0
2319.0695055555557,0.0,0.0
2319.0845055555556,-96.0,-96.0
2320.1951819444444,-96.0,0.0
2320.2101819444442,2.0,98.0
2320.7347194444446,2.0,0.0
2320.748861111111,-18.0,-20.0
2320.774009722222,-18.0,0.0
2320.8089430555556,1.0,19.0
2321.007690277778,1.0,0.0
2321.0197527777777,-19.0,-20.0
2321.042822222222,-19.0,0.0
2321.0576569444443,3.0,22.0
2321.227788888889,3.0,0.0
2321.235,-6.0,-9.0
2321.2393569444444,-6.0,0.0
2321.2562708333335,3.0,9.0
2321.633333333333,3.0,0.0
2321.635,-20.0,-23.0
2321.652525,-20.0,0.0
2321.670825,1.0,21.0
2321.9333333333334,1.0,0.0
2321.9412375,-7.0,-8.0
2321.947673611111,-7.0,0.0
2321.9562708333333,1.0,8.0
2322.059043055556,1.0,0.0
2322.0716666666667,-96.0,-97.0
2322.1997847222224,-96.0,0.0
2322.2165666666665,0.0,96.0
2323.1611222222223,0.0,0.0
2323.176122222222,-96.0,-96.0
2323.451666666667,-96.0,0.0
2323.4666666666667,-96.0,0.0
2324.7,-96.0,0.0
2324.701666666667,-96.0,0.0
2324.7261222222223,-96.0,0.0
2324.744422222222,0.0,96.0
2325.2896708333333,0.0,0.0
2325.3032680555557,-96.0,-96.0
2325.489108333333,-96.0,0.0
2325.5057569444443,0.0,96.0
2325.6586291666667,0.0,0.0
2325.6683333333335,-21.0,-21.0
2325.6761555555554,-21.0,0.0
2325.692376388889,0.0,21.0
2326.0395708333335,0.0,0.0
2326.050940277778,-24.0,-24.0
2326.0546041666666,-24.0,0.0
2326.0666666666666,1.0,25.0
2326.6805944444445,1.0,0.0
2326.6936291666666,-96.0,-97.0
2326.7986805555556,-96.0,0.0
2326.8172597222224,4.0,100.0
2327.0785152777776,4.0,0.0
2327.091963888889,-17.0,-21.0
2327.1302805555556,-17.0,0.0
2327.145808333333,1.0,18.0
2327.3083166666665,1.0,0.0
2327.323151388889,-19.0,-20.0
2327.3302805555554,-19.0,0.0
2327.3485805555556,0.0,19.0
2328.2916833333334,0.0,0.0
2328.3066833333332,-96.0,-96.0
2328.7409375,-96.0,0.0
2328.7559375,0.0,96.0
2328.9695055555558,0.0,0.0
2328.9836472222223,-24.0,-24.0
2329.0600819444444,-24.0,0.0
2329.0811541666667,3.0,27.0
2329.827788888889,3.0,0.0
2329.8412375,-23.0,-26.0
2329.8705444444445,-23.0,0.0
2329.9027055555557,4.0,27.0
2330.3139277777777,4.0,0.0
2330.329059722222,-96.0,-100.0
2330.555,-96.0,0.0
2330.5666666666666,-96.0,0.0
2332.0,-96.0,0.0
2332.0016666666666,-96.0,0.0
2332.0316666666668,-96.0,0.0
2332.0471944444444,1.0,97.0
2332.1666666666665,1.0,0.0
2332.1683333333335,-19.0,-20.0
2332.1837791666667,-19.0,0.0
2332.2,5.0,24.0
2332.5576569444443,5.0,0.0
2332.568333333333,-15.0,-20.0
2332.645461111111,-15.0,0.0
2332.662375,5.0,20.0
2333.3403305555557,5.0,0.0
2333.351997222222,-96.0,-101.0
2333.817734722222,-96.0,0.0
2333.8356388888888,2.0,98.0
2334.1,2.0,0.0
2334.108597222222,-18.0,-20.0
2334.143448611111,-18.0,0.0
2334.158283333333,2.0,20.0
2334.4,2.0,0.0
2334.4016666666666,-19.0,-21.0
2334.431666666667,-19.0,0.0
2334.450659722222,3.0,22.0
2334.966733333333,3.0,0.0
2334.9838125,-96.0,-99.0
2335.6939027777776,-96.0,0.0
2335.708902777778,1.0,97.0
2336.279901388889,1.0,0.0
2336.2978055555554,-96.0,-97.0
2336.5216666666665,-96.0,0.0
2336.5333333333333,-96.0,0.0
2337.4,-96.0,0.0
2337.4016666666666,-96.0,0.0
2337.4656263888887,-96.0,0.0
2337.4846194444444,1.0,97.0
2338.0,1.0,0.0
2338.0137277777776,-15.0,-16.0
2338.0633347222224,-15.0,0.0
2338.086765277778,3.0,18.0
2338.453498611111,3.0,0.0
2338.4668305555556,-96.0,-99.0
2339.3680083333334,-96.0,0.0
2339.381340277778,4.0,100.0
2339.689604166667,4.0,0.0
2339.7029361111113,-96.0,-100.0
2339.9533347222223,-96.0,0.0
2339.9666666666667,-96.0,0.0
2341.266666666667,-96.0,0.0
2341.269998611111,-96.0,0.0
2341.3542583333333,-96.0,0.0
2341.3735305555556,3.0,99.0
2341.8882180555556,3.0,0.0
2341.8998847222224,-96.0,-99.0
2342.348988888889,-96.0,0.0
2342.367586111111,3.0,99.0
2342.9666666666667,3.0,0.0
2342.9683333333332,-19.0,-22.0
2342.9872444444445,-19.0,0.0
2343.004158333333,2.0,21.0
2343.3,2.0,0.0
2343.3092902777776,-17.0,-19.0
2343.3427555555554,-17.0,0.0
2343.361748611111,2.0,19.0
2343.649340277778,2.0,0.0
2343.663216666667,-96.0,-98.0
2343.8568819444445,-96.0,0.0
2343.875609722222,4.0,100.0
2344.0034652777777,4.0,0.0
2344.0113694444444,-19.0,-23.0
2344.0316666666668,-19.0,0.0
2344.0451152777778,5.0,24.0
2344.179901388889,5.0,0.0
2344.196122222222,-21.0,-26.0
2344.2205777777776,-21.0,0.0
2344.2596694444446,1.0,22.0
2345.028548611111,1.0,0.0
2345.0417319444446,-96.0,-97.0
2345.2416347222224,-96.0,0.0
2345.2624416666667,4.0,100.0
2345.4333333333334,4.0,0.0
2345.4419305555557,-23.0,-27.0
2345.444901388889,-23.0,0.0
2345.4666666666667,3.0,26.0
2346.0015194444445,3.0,0.0
2346.014851388889,-96.0,-99.0
2346.320001388889,-96.0,0.0
2346.3333333333335,-96.0,0.0
2346.866666666667,-96.0,0.0
2346.8683333333333,-96.0,0.0
2346.901798611111,-96.0,0.0
2346.9194055555554,1.0,97.0
2347.2833,1.0,0.0
2347.2988277777777,-23.0,-24.0
2347.3059569444445,-23.0,0.0
2347.320098611111,-1.0,22.0
2347.456963888889,-1.0,0.0
2347.4711055555554,-21.0,-20.0
2347.4858583333335,-21.0,0.0
2347.5,6.0,27.0
2347.6604291666667,6.0,0.0
2347.673761111111,-96.0,-102.0
2348.1313833333334,-96.0,0.0
2348.150259722222,2.0,98.0
2348.7548847222224,2.0,0.0
2348.769998611111,-17.0,-19.0
2348.8542583333333,-17.0,0.0
2348.8707583333335,0.0,17.0
2349.233333333333,0.0,0.0
2349.235,-28.0,-28.0
2349.2982666666667,-28.0,0.0
2349.3269625,1.0,29.0
2349.6666666666665,1.0,0.0
2349.6683333333335,-19.0,-20.0
2349.6837791666667,-19.0,0.0
2349.7,2.0,21.0
2350.05835,2.0,0.0
2350.070561111111,-96.0,-98.0
2350.227986111111,-96.0,0.0
2350.2443555555556,1.0,97.0
2351.2576569444445,1.0,0.0
2351.2748680555555,-96.0,-97.0
2351.622786111111,-96.0,0.0
2351.6406902777776,2.0,98.0
2352.129175,2.0,0.0
2352.1405444444445,-22.0,-24.0
2352.173316666667,-22.0,0.0
2352.1930027777776,4.0,26.0
2352.366666666667,4.0,0.0
2352.3683333333333,-16.0,-20.0
2352.3817,-16.0,0.0
2352.4,4.0,20.0
2352.644488888889,4.0,0.0
2352.6578208333335,-96.0,-100.0
2353.1577194444444,-96.0,0.0
2353.171051388889,0.0,96.0
2353.3,0.0,0.0
2353.3016666666667,-22.0,-22.0
2353.3316666666665,-22.0,0.0
2353.3485805555556,2.0,24.0
2353.5409569444446,2.0,0.0
2353.5495541666664,-8.0,-10.0
2353.552525,-8.0,0.0
2353.5666666666666,2.0,10.0
2353.8756763888887,2.0,0.0
2353.8884319444446,-17.0,-19.0
2353.8983333333335,-17.0,0.0
2353.9166333333333,1.0,18.0
2354.1465680555557,1.0,0.0
2354.1579375,-21.0,-22.0
2354.171997222222,-21.0,0.0
2354.192376388889,3.0,24.0
2354.4819805555558,3.0,0.0
2354.498647222222,-96.0,-99.0
2354.8166666666666,-96.0,0.0
2354.8333333333335,-96.0,0.0
2357.0666666666666,-96.0,0.0
2357.068333333333,-96.0,0.0
2357.117738888889,-96.0,0.0
2357.1353458333333,1.0,97.0
2357.2,1.0,0.0
2357.208597222222,-7.0,-8.0
2357.219884722222,-7.0,0.0
2357.233333333333,1.0,8.0
2357.5666666666666,1.0,0.0
2357.568333333333,-14.0,-15.0
2357.583779166667,-14.0,0.0
2357.6166333333335,1.0,15.0
2357.763201388889,1.0,0.0
2357.7738777777777,-17.0,-18.0
2357.783086111111,-17.0,0.0
2357.804851388889,-1.0,16.0
2358.266666666667,-1.0,0.0
2358.2683333333334,-20.0,-19.0
2358.298333333333,-20.0,0.0
2358.321484722222,-1.0,19.0
2358.9208583333334,-1.0,0.0
2358.935,-21.0,-20.0
2358.9442083333333,-21.0,0.0
2358.9666666666667,6.0,27.0
2359.266666666667,6.0,0.0
2359.269998611111,-21.0,-27.0
2359.320298611111,-21.0,0.0
2359.343729166667,-1.0,20.0
2360.1,-1.0,0.0
2360.1016666666665,-17.0,-16.0
2360.114340277778,-17.0,0.0
2360.133333333333,3.0,20.0
2360.3,3.0,0.0
2360.32,-96.0,-99.0
2360.859501388889,-96.0,0.0
2360.879501388889,2.0,98.0
2361.233333333333,2.0,0.0
2361.235,-23.0,-25.0
2361.2677722222224,-23.0,0.0
2361.2867652777777,3.0,26.0
2361.761122222222,3.0,0.0
2361.777788888889,-96.0,-99.0
2362.0833333333335,-96.0,0.0
2362.1,-96.0,0.0
2362.766666666667,-96.0,0.0
2362.7683333333334,-96.0,0.0
2362.7962541666666,-96.0,0.0
2362.8152472222223,3.0,99.0
2363.172211111111,3.0,0.0
2363.184273611111,-14.0,-17.0
2363.2031847222224,-14.0,0.0
2363.2207916666666,3.0,17.0
2363.3854458333335,3.0,0.0
2363.396815277778,-96.0,-99.0
2363.4333333333334,-96.0,0.0
2363.44,-96.0,0.0
2363.458002777778,-96.0,0.0
2363.479075,-1.0,95.0
2363.522575,-1.0,0.0
2363.536865277778,2.0,3.0
2364.157723611111,2.0,0.0
2364.175065277778,-96.0,-98.0
2364.4678375,-96.0,0.0
2364.4851791666665,-1.0,95.0
2364.6,-1.0,0.0
2364.6016666666665,-23.0,-22.0
2364.6302805555556,-23.0,0.0
2364.6492736111113,5.0,28.0
2364.7715180555556,5.0,0.0
2364.7821944444445,-19.0,-24.0
2364.798333333333,-19.0,0.0
2364.8110888888887,6.0,25.0
2364.9402638888887,6.0,0.0
2364.9495541666665,-16.0,-22.0
2364.9566833333333,-16.0,0.0
2364.9749833333335,0.0,16.0
2365.112475,0.0,0.0
2365.1266166666665,-20.0,-20.0
2365.140676388889,-20.0,0.0
2365.158283333333,3.0,23.0
2365.4333333333334,3.0,0.0
2365.4440097222223,-17.0,-20.0
2365.4608416666665,-17.0,0.0
2365.478448611111,2.0,19.0
2366.4625083333335,2.0,0.0
2366.4775083333334,-96.0,-98.0
2366.8244375,-96.0,0.0
2366.8394375,1.0,97.0
2367.4423430555557,1.0,0.0
2367.45815,-18.0,-19.0
2367.4737972222224,-18.0,0.0
2367.4923763888887,1.0,19.0
2367.633333333333,1.0,0.0
2367.6441583333335,-9.0,-10.0
2367.7544555555555,-9.0,0.0
2367.768052777778,0.0,9.0
2368.1666666666665,0.0,0.0
2368.1683333333335,-21.0,-21.0
2368.1983333333333,-21.0,0.0
2368.2180194444445,-1.0,20.0
2368.4666666666667,-1.0,0.0
2368.4683333333332,-19.0,-18.0
2368.5121944444445,-19.0,0.0
2368.529108333333,1.0,20.0
2368.6666666666665,1.0,0.0
2368.680115277778,-16.0,-17.0
2368.689323611111,-16.0,0.0
2368.703465277778,2.0,18.0
2368.8423430555554,2.0,0.0
2368.857177777778,-15.0,-17.0
2368.8677722222224,-15.0,0.0
2368.8812208333334,2.0,17.0
2369.0333333333333,2.0,0.0
2369.048861111111,-21.0,-23.0
2369.0566833333332,-21.0,0.0
2369.0749833333334,1.0,22.0
2369.461188888889,1.0,0.0
2369.4740930555554,-96.0,-97.0
2369.7,-96.0,0.0
2369.705,-96.0,0.0
2369.7472583333333,-96.0,0.0
2369.7629347222223,0.0,96.0
2369.787376388889,0.0,0.0
2369.8,4.0,4.0
2370.1899430555554,4.0,0.0
2370.205429166667,-96.0,-100.0
2370.3268569444444,-96.0,0.0
2370.343036111111,4.0,100.0
2370.643795833333,4.0,0.0
2370.6587958333334,-96.0,-100.0
2371.134633333333,-96.0,0.0
2371.1496333333334,3.0,99.0
2371.4194722222223,3.0,0.0
2371.4315347222223,-19.0,-22.0
2371.4670791666667,-19.0,0.0
2371.481913888889,1.0,20.0
2372.075676388889,1.0,0.0
2372.086352777778,-11.0,-12.0
2372.0983333333334,-11.0,0.0
2372.111088888889,3.0,14.0
2372.633333333333,3.0,0.0
2372.6460888888887,-19.0,-22.0
2372.665,-19.0,0.0
2372.6826069444446,5.0,24.0
2373.018086111111,5.0,0.0
2373.0314180555556,-96.0,-101.0
2373.2866680555558,-96.0,0.0
2373.3,-96.0,0.0
2374.0666666666666,-96.0,0.0
2374.068333333333,-96.0,0.0
2374.103184722222,-96.0,0.0
2374.1194055555557,0.0,96.0
2375.0666666666666,0.0,0.0
2375.084438888889,-96.0,-96.0
2375.5436430555555,-96.0,0.0
2375.5683458333333,5.0,101.0
2375.6666666666665,5.0,0.0
2375.680115277778,-21.0,-26.0
2375.705263888889,-21.0,0.0
2375.729801388889,5.0,26.0
2376.1958416666666,5.0,0.0
2376.2083319444446,-96.0,-101.0
2376.358334722222,-96.0,0.0
2376.366666666667,-96.0,0.0
2376.866666666667,-96.0,0.0
2376.8683333333333,-96.0,0.0
2376.90665,-96.0,0.0
2376.923563888889,7.0,103.0
2377.27505,7.0,0.0
2377.2843402777776,-11.0,-18.0
2377.3240430555556,-11.0,0.0
2377.34165,8.0,19.0
2377.602838888889,8.0,0.0
2377.6179708333334,-96.0,-104.0
2377.855,-96.0,0.0
2377.866666666667,-96.0,0.0
2406.133333333333,-96.0,0.0
2406.1383333333333,-96.0,0.0
2406.2678375,-96.0,0.0
2406.2977875,-1.0,95.0
2436.879275,-1.0,0.0
2436.8951166666666,-96.0,-95.0
2437.2925416666667,-96.0,0.0
2437.3333333333335,-96.0,0.0
